sample_id,condition,kind,slot,reference_id,reference_WAFER_ID,reference_mrr,reference_start,reference_end,query_start,completed_before_query
98cba2b96f73f2b35fd6,Cond1,lag,1,b0976432f5cdb0d6f981,2975014184,74.54235,485335732.667,485336091.333,485356812.667,True
98cba2b96f73f2b35fd6,Cond1,lag,2,091359e46dc5fc2d3808,2981014422,77.39625,485335194.333,485335551.333,485356812.667,True
98cba2b96f73f2b35fd6,Cond1,lag,3,2105cb77f4810e21030b,2977014380,76.5222,485308618.667,485308973.0,485356812.667,True
98cba2b96f73f2b35fd6,Cond1,lag,4,04d3a498e32bedfc24ad,2975014168,77.2398,485308069.333,485308412.667,485356812.667,True
98cba2b96f73f2b35fd6,Cond1,lag,5,0ebf69720a524ea6397f,2975014172,76.0518,485297075.333,485297433.333,485356812.667,True
98cba2b96f73f2b35fd6,Cond1,lag,6,8554b54d71162b978d85,2977014410,76.1562,485296887.333,485297242.333,485356812.667,True
98cba2b96f73f2b35fd6,Cond1,lag,7,23e9637ba88d6014dabc,2975014374,74.92335,485296699.333,485297058.333,485356812.667,True
98cba2b96f73f2b35fd6,Cond1,lag,8,0efc4250bd16dac53c20,2981014384,76.3284,485291681.333,485292027.333,485356812.667,True
98cba2b96f73f2b35fd6,Cond1,lag,9,c65f0e49eefc71999b4a,2975014188,74.40255,485291496.333,485291851.333,485356812.667,True
98cba2b96f73f2b35fd6,Cond1,lag,10,8f16e3cabc1b72a0220d,2977014368,76.713,485291305.333,485291666.333,485356812.667,True
98cba2b96f73f2b35fd6,Cond1,lag,11,51b053c3683cb27b71df,2975014152,78.71865,485262507.667,485262862.0,485356812.667,True
98cba2b96f73f2b35fd6,Cond1,neighbor,1,640e343d37d4ca9ca74f,2985014414,72.88755,485378703.0,485379069.0,485356812.667,False
98cba2b96f73f2b35fd6,Cond1,neighbor,2,8ce8f567553326c6efae,2985014422,68.32365,485378901.0,485379259.0,485356812.667,False
98cba2b96f73f2b35fd6,Cond1,neighbor,3,3cf003b0e0d9406fe666,2110498228,74.7474,485380215.0,485380562.667,485356812.667,False
98cba2b96f73f2b35fd6,Cond1,neighbor,4,7d21b296498b647ea4c3,2975014148,71.10975,485380393.0,485380751.0,485356812.667,False
98cba2b96f73f2b35fd6,Cond1,neighbor,5,2bfb6726237cbdd3c4d3,2975014144,69.90225,485380581.667,485380941.0,485356812.667,False
98cba2b96f73f2b35fd6,Cond1,neighbor,6,b0976432f5cdb0d6f981,2975014184,74.54235,485335732.667,485336091.333,485356812.667,True
98cba2b96f73f2b35fd6,Cond1,neighbor,7,b70083c677e3fefaab33,2979014196,70.74945,485386932.0,485387287.0,485356812.667,False
98cba2b96f73f2b35fd6,Cond1,neighbor,8,091359e46dc5fc2d3808,2981014422,77.39625,485335194.333,485335551.333,485356812.667,True
98cba2b96f73f2b35fd6,Cond1,neighbor,9,26cf2a4e83eee3c05ec4,1276253502,78.8184,486855366.0,486855717.0,485356812.667,False
98cba2b96f73f2b35fd6,Cond1,neighbor,10,2b36e74eee8972d29937,1276253498,78.42765,486872901.0,486873257.333,485356812.667,False
d5781eb69b823c502bd1,Cond1,lag,1,b559b167ff6fcf9c747b,4203773652,79.06485,482347846.333,482348201.0,482348031.667,False
d5781eb69b823c502bd1,Cond1,lag,2,d9a765103d353873cff1,-903170194,80.55015,482347655.667,482348013.667,482348031.667,True
d5781eb69b823c502bd1,Cond1,lag,3,5b3afd2ee966f3466f71,-2133929500,78.58245,482347282.667,482347639.0,482348031.667,True
d5781eb69b823c502bd1,Cond1,lag,4,ba50cafcb4b9a7822c89,-4220160694,79.85925,482347092.0,482347451.0,482348031.667,True
d5781eb69b823c502bd1,Cond1,lag,5,116b8abb85ea208280a5,-4230160424,78.33015,482345133.333,482345495.333,482348031.667,True
d5781eb69b823c502bd1,Cond1,lag,6,aa24d77b4d23f62179ce,-903170140,78.0135,482344935.333,482345300.333,482348031.667,True
d5781eb69b823c502bd1,Cond1,lag,7,e6407751fde1c2ac3d5f,4201773390,75.2973,482331347.333,482331698.667,482348031.667,True
d5781eb69b823c502bd1,Cond1,lag,8,24611b0c3a1a77bdc5b9,4201773444,74.4414,482331160.333,482331513.333,482348031.667,True
d5781eb69b823c502bd1,Cond1,lag,9,30087332c753626c270d,4199773454,73.0263,482330977.0,482331328.667,482348031.667,True
d5781eb69b823c502bd1,Cond1,lag,10,b9909663c879c896bce0,4201773434,71.343,482330794.667,482331150.333,482348031.667,True
d5781eb69b823c502bd1,Cond1,lag,11,2904556eb54f01d7a23d,-903170168,72.966,482330627.0,482330965.0,482348031.667,True
d5781eb69b823c502bd1,Cond1,neighbor,1,b559b167ff6fcf9c747b,4203773652,79.06485,482347846.333,482348201.0,482348031.667,False
d5781eb69b823c502bd1,Cond1,neighbor,2,d9a765103d353873cff1,-903170194,80.55015,482347655.667,482348013.667,482348031.667,True
d5781eb69b823c502bd1,Cond1,neighbor,3,87c1cc9c68669d824740,-903170148,77.5974,482349807.667,482350177.667,482348031.667,False
d5781eb69b823c502bd1,Cond1,neighbor,4,5b3afd2ee966f3466f71,-2133929500,78.58245,482347282.667,482347639.0,482348031.667,True
d5781eb69b823c502bd1,Cond1,neighbor,5,ba50cafcb4b9a7822c89,-4220160694,79.85925,482347092.0,482347451.0,482348031.667,True
d5781eb69b823c502bd1,Cond1,neighbor,6,b939e5b4812bd588193e,4199773692,79.15485,482350381.667,482350739.667,482348031.667,False
d5781eb69b823c502bd1,Cond1,neighbor,7,4da37b8285072d5fce8e,-4230160408,79.8045,482350570.0,482350934.667,482348031.667,False
d5781eb69b823c502bd1,Cond1,neighbor,8,116b8abb85ea208280a5,-4230160424,78.33015,482345133.333,482345495.333,482348031.667,True
d5781eb69b823c502bd1,Cond1,neighbor,9,aa24d77b4d23f62179ce,-903170140,78.0135,482344935.333,482345300.333,482348031.667,True
d5781eb69b823c502bd1,Cond1,neighbor,10,afe7f6e590165901d04b,4199773636,77.16615,482350953.0,482351316.0,482348031.667,False
bebfdab8413eaca10cec,Cond1,lag,1,fc7619eda3203e2c8268,29494116,75.30645,487105180.333,487105536.333,487105552.333,True
bebfdab8413eaca10cec,Cond1,lag,2,a19f5296b00f5e9e5790,29494096,74.44695,487104991.333,487105349.333,487105552.333,True
bebfdab8413eaca10cec,Cond1,lag,3,bca21197efa01107f8e6,29494108,74.1564,487091457.333,487091810.333,487105552.333,True
bebfdab8413eaca10cec,Cond1,lag,4,98e7a3a7a7e17d8d0060,43494170,77.0565,487091079.333,487091435.333,487105552.333,True
bebfdab8413eaca10cec,Cond1,lag,5,968ad2ee7f690e2b5339,43494194,75.6015,487082872.0,487083229.333,487105552.333,True
bebfdab8413eaca10cec,Cond1,lag,6,ac0edad43c4f807fa602,43494166,77.00475,487082494.333,487082852.333,487105552.333,True
bebfdab8413eaca10cec,Cond1,lag,7,5acf79ea39c99dfce54b,-3780722694,80.22075,487082109.333,487082469.333,487105552.333,True
bebfdab8413eaca10cec,Cond1,lag,8,f780fd5637561a3c3d16,43494178,73.3785,487063320.333,487063674.667,487105552.333,True
bebfdab8413eaca10cec,Cond1,lag,9,0e8a849bf0a9d9e92688,41494452,74.2878,487062756.667,487063117.333,487105552.333,True
bebfdab8413eaca10cec,Cond1,lag,10,a1c0c7bc9d164c836793,2655292676,77.9922,487060592.333,487060952.333,487105552.333,True
bebfdab8413eaca10cec,Cond1,lag,11,c3be315f3fe5e7984a7c,-1696100360,76.45965,487029236.333,487029585.333,487105552.333,True
bebfdab8413eaca10cec,Cond1,neighbor,1,8980919da8465016e4d8,2657292942,76.1862,487105824.333,487106171.0,487105552.333,False
bebfdab8413eaca10cec,Cond1,neighbor,2,fc7619eda3203e2c8268,29494116,75.30645,487105180.333,487105536.333,487105552.333,True
bebfdab8413eaca10cec,Cond1,neighbor,3,a19f5296b00f5e9e5790,29494096,74.44695,487104991.333,487105349.333,487105552.333,True
bebfdab8413eaca10cec,Cond1,neighbor,4,54c09a4995be208bf201,29494136,75.8166,487109957.667,487110315.667,487105552.333,False
bebfdab8413eaca10cec,Cond1,neighbor,5,b2626c7857633e40d700,43494206,74.8647,487110146.667,487110504.667,487105552.333,False
bebfdab8413eaca10cec,Cond1,neighbor,6,d85a92240aeb0a22834c,29494170,74.8374,487110334.667,487110691.667,487105552.333,False
bebfdab8413eaca10cec,Cond1,neighbor,7,df3f8488077b3af474fd,43494368,75.34065,487110522.667,487110878.667,487105552.333,False
bebfdab8413eaca10cec,Cond1,neighbor,8,bca21197efa01107f8e6,29494108,74.1564,487091457.333,487091810.333,487105552.333,True
bebfdab8413eaca10cec,Cond1,neighbor,9,98e7a3a7a7e17d8d0060,43494170,77.0565,487091079.333,487091435.333,487105552.333,True
bebfdab8413eaca10cec,Cond1,neighbor,10,968ad2ee7f690e2b5339,43494194,75.6015,487082872.0,487083229.333,487105552.333,True
9b835bb633719d0ca1d2,Cond1,lag,1,ee50cc87293b87674cdf,2999014314,76.5312,485416151.0,485416504.333,485429041.333,True
9b835bb633719d0ca1d2,Cond1,lag,2,69937f326a15c996055e,3005014324,80.96775,485411902.333,485412261.333,485429041.333,True
9b835bb633719d0ca1d2,Cond1,lag,3,3a2c0d7128b1e2fc620b,3005014526,77.394,485409690.0,485410051.0,485429041.333,True
9b835bb633719d0ca1d2,Cond1,lag,4,b70083c677e3fefaab33,2979014196,70.74945,485386932.0,485387287.0,485429041.333,True
9b835bb633719d0ca1d2,Cond1,lag,5,2bfb6726237cbdd3c4d3,2975014144,69.90225,485380581.667,485380941.0,485429041.333,True
9b835bb633719d0ca1d2,Cond1,lag,6,7d21b296498b647ea4c3,2975014148,71.10975,485380393.0,485380751.0,485429041.333,True
9b835bb633719d0ca1d2,Cond1,lag,7,3cf003b0e0d9406fe666,2110498228,74.7474,485380215.0,485380562.667,485429041.333,True
9b835bb633719d0ca1d2,Cond1,lag,8,8ce8f567553326c6efae,2985014422,68.32365,485378901.0,485379259.0,485429041.333,True
9b835bb633719d0ca1d2,Cond1,lag,9,640e343d37d4ca9ca74f,2985014414,72.88755,485378703.0,485379069.0,485429041.333,True
9b835bb633719d0ca1d2,Cond1,lag,10,b0976432f5cdb0d6f981,2975014184,74.54235,485335732.667,485336091.333,485429041.333,True
9b835bb633719d0ca1d2,Cond1,lag,11,091359e46dc5fc2d3808,2981014422,77.39625,485335194.333,485335551.333,485429041.333,True
9b835bb633719d0ca1d2,Cond1,neighbor,1,2ce3a94bf983863bed62,1478254324,76.30215,485429417.333,485429774.333,485429041.333,False
9b835bb633719d0ca1d2,Cond1,neighbor,2,a4addb65a3198aeff1ac,-4033511524,76.53705,485434715.667,485435078.333,485429041.333,False
9b835bb633719d0ca1d2,Cond1,neighbor,3,cac346addfd23a187ebc,1480254074,77.23605,485434909.333,485435259.333,485429041.333,False
9b835bb633719d0ca1d2,Cond1,neighbor,4,ee50cc87293b87674cdf,2999014314,76.5312,485416151.0,485416504.333,485429041.333,True
9b835bb633719d0ca1d2,Cond1,neighbor,5,69937f326a15c996055e,3005014324,80.96775,485411902.333,485412261.333,485429041.333,True
9b835bb633719d0ca1d2,Cond1,neighbor,6,3a2c0d7128b1e2fc620b,3005014526,77.394,485409690.0,485410051.0,485429041.333,True
9b835bb633719d0ca1d2,Cond1,neighbor,7,6fdfb4e15330f101c44b,1480254108,70.0392,485453469.0,485453827.333,485429041.333,False
9b835bb633719d0ca1d2,Cond1,neighbor,8,b70083c677e3fefaab33,2979014196,70.74945,485386932.0,485387287.0,485429041.333,True
9b835bb633719d0ca1d2,Cond1,neighbor,9,db0c15a9ac20f98ef0b4,39494170,79.3761,486972030.0,486972384.0,485429041.333,False
9b835bb633719d0ca1d2,Cond1,neighbor,10,816be3b5d33120eb01b8,39494162,80.87775,486971146.0,486971498.0,485429041.333,False
515dc65b92ddc1fcd0a3,Cond1,lag,1,cdc324d89f6f41525876,1477739240,70.29945,484373285.333,484373649.0,484373479.333,False
515dc65b92ddc1fcd0a3,Cond1,lag,2,a66d9d8c7461cc0ab4e0,2921014270,69.9084,484370318.0,484370679.0,484373479.333,True
515dc65b92ddc1fcd0a3,Cond1,lag,3,c15560b98e20e870773f,2921014246,69.43905,484370124.0,484370490.0,484373479.333,True
515dc65b92ddc1fcd0a3,Cond1,lag,4,c9a5a608969d27ba5e73,-2033929434,69.1461,484369931.0,484370294.0,484373479.333,True
515dc65b92ddc1fcd0a3,Cond1,lag,5,bd65e450bee3d734c5ee,2919013980,71.643,484369734.0,484370104.0,484373479.333,True
515dc65b92ddc1fcd0a3,Cond1,lag,6,e202eaa64d4e1dfa76bc,-2033929470,69.57765,484358765.333,484359132.667,484373479.333,True
515dc65b92ddc1fcd0a3,Cond1,lag,7,837efa8dff523738c349,-2033929450,73.62825,484345662.0,484346034.667,484373479.333,True
515dc65b92ddc1fcd0a3,Cond1,lag,8,dacdc5bf837058729173,-2033929430,71.89785,484344875.667,484345242.667,484373479.333,True
515dc65b92ddc1fcd0a3,Cond1,lag,9,b61a613648884471b1ab,4179773580,77.8926,484335769.0,484336134.0,484373479.333,True
515dc65b92ddc1fcd0a3,Cond1,lag,10,ac0aa4e8d7dfa09fee1e,4179773576,74.7579,484269996.667,484270363.667,484373479.333,True
515dc65b92ddc1fcd0a3,Cond1,lag,11,afd0f1c92ef4e9c35934,4187773534,75.3621,484269795.0,484270167.667,484373479.333,True
515dc65b92ddc1fcd0a3,Cond1,neighbor,1,011fd4732dd77f6e6bb6,2921014258,69.64515,484373671.0,484402981.667,484373479.333,False
515dc65b92ddc1fcd0a3,Cond1,neighbor,2,cdc324d89f6f41525876,1477739240,70.29945,484373285.333,484373649.0,484373479.333,False
515dc65b92ddc1fcd0a3,Cond1,neighbor,3,a66d9d8c7461cc0ab4e0,2921014270,69.9084,484370318.0,484370679.0,484373479.333,True
515dc65b92ddc1fcd0a3,Cond1,neighbor,4,c15560b98e20e870773f,2921014246,69.43905,484370124.0,484370490.0,484373479.333,True
515dc65b92ddc1fcd0a3,Cond1,neighbor,5,97f628aa9110634911f7,2915014054,77.50935,484414969.0,484415331.0,484373479.333,False
515dc65b92ddc1fcd0a3,Cond1,neighbor,6,c9a5a608969d27ba5e73,-2033929434,69.1461,484369931.0,484370294.0,484373479.333,True
515dc65b92ddc1fcd0a3,Cond1,neighbor,7,bd65e450bee3d734c5ee,2919013980,71.643,484369734.0,484370104.0,484373479.333,True
515dc65b92ddc1fcd0a3,Cond1,neighbor,8,67447f788ed02751d0bb,1475739242,75.5517,484434155.0,484434513.667,484373479.333,False
515dc65b92ddc1fcd0a3,Cond1,neighbor,9,ca80b67a59cf0bfeb6a9,1477739054,77.2362,484434346.0,484434702.667,484373479.333,False
515dc65b92ddc1fcd0a3,Cond1,neighbor,10,460e20712c0730bc5c27,1477739062,79.0431,484435753.667,484436118.667,484373479.333,False
7d28fc108c3d1fcb0fdc,Cond1,lag,1,1f1f3a09923d7461c537,-2141929486,70.0587,482953354.0,482953718.0,482959470.333,True
7d28fc108c3d1fcb0fdc,Cond1,lag,2,74fd749b8cb0db98f6f2,2707293042,68.2245,482932511.667,482932867.667,482959470.333,True
7d28fc108c3d1fcb0fdc,Cond1,lag,3,3e3a09b10c0507ae2bc1,2707293076,70.3011,482932312.333,482932683.333,482959470.333,True
7d28fc108c3d1fcb0fdc,Cond1,lag,4,fd802e02998993039923,2707293050,69.43485,482932119.667,482932479.667,482959470.333,True
7d28fc108c3d1fcb0fdc,Cond1,lag,5,8ca76e6927218784fb86,2707293030,72.54285,482931922.667,482932290.667,482959470.333,True
7d28fc108c3d1fcb0fdc,Cond1,lag,6,4cab8fdcda64caf7d2d1,-4027511782,66.6846,482799073.333,482799434.667,482959470.333,True
7d28fc108c3d1fcb0fdc,Cond1,lag,7,870c67d2afd6fb47ba00,-4027511564,67.17675,482798888.333,482799240.333,482959470.333,True
7d28fc108c3d1fcb0fdc,Cond1,lag,8,d4ed41e9d84ffaf012fb,-4027511790,70.7547,482797295.667,482797646.333,482959470.333,True
7d28fc108c3d1fcb0fdc,Cond1,lag,9,c92be69667b985bd01a3,-3784722786,69.01545,482796510.0,482796871.333,482959470.333,True
7d28fc108c3d1fcb0fdc,Cond1,lag,10,e2b85fd872c749e2d1b1,-2141929700,69.78255,482789050.0,482789412.0,482959470.333,True
7d28fc108c3d1fcb0fdc,Cond1,lag,11,cb7d70d527803bacff76,-4027511786,69.8376,482773696.0,482774054.0,482959470.333,True
7d28fc108c3d1fcb0fdc,Cond1,neighbor,1,1f1f3a09923d7461c537,-2141929486,70.0587,482953354.0,482953718.0,482959470.333,True
7d28fc108c3d1fcb0fdc,Cond1,neighbor,2,011fd4732dd77f6e6bb6,2921014258,69.64515,484373671.0,484402981.667,482959470.333,False
7d28fc108c3d1fcb0fdc,Cond1,neighbor,3,cdc324d89f6f41525876,1477739240,70.29945,484373285.333,484373649.0,482959470.333,False
7d28fc108c3d1fcb0fdc,Cond1,neighbor,4,97f628aa9110634911f7,2915014054,77.50935,484414969.0,484415331.0,482959470.333,False
7d28fc108c3d1fcb0fdc,Cond1,neighbor,5,a66d9d8c7461cc0ab4e0,2921014270,69.9084,484370318.0,484370679.0,482959470.333,False
7d28fc108c3d1fcb0fdc,Cond1,neighbor,6,c15560b98e20e870773f,2921014246,69.43905,484370124.0,484370490.0,482959470.333,False
7d28fc108c3d1fcb0fdc,Cond1,neighbor,7,c9a5a608969d27ba5e73,-2033929434,69.1461,484369931.0,484370294.0,482959470.333,False
7d28fc108c3d1fcb0fdc,Cond1,neighbor,8,bd65e450bee3d734c5ee,2919013980,71.643,484369734.0,484370104.0,482959470.333,False
7d28fc108c3d1fcb0fdc,Cond1,neighbor,9,7961971dc74deb9a0ca0,-4226160416,57.9618,481734523.333,481734877.333,482959470.333,True
7d28fc108c3d1fcb0fdc,Cond1,neighbor,10,6c9290b08f3a0c0527d9,-873170306,60.16635,481734707.333,481735077.333,482959470.333,True
f87bd15cfe0b9c9d8415,Cond2,lag,1,3fbd701ac01029c806ed,4203773652,79.9785,482383520.667,482383883.667,482392912.667,True
f87bd15cfe0b9c9d8415,Cond2,lag,2,733faafbe969be847e96,-4230160408,83.0358,482383129.333,482383497.333,482392912.667,True
f87bd15cfe0b9c9d8415,Cond2,lag,3,c167fee30078a6be28cd,-903170202,82.5801,482382931.333,482383300.333,482392912.667,True
f87bd15cfe0b9c9d8415,Cond2,lag,4,0e3a81eb0cb986226385,-4230160424,75.97095,482381855.333,482382217.333,482392912.667,True
f87bd15cfe0b9c9d8415,Cond2,lag,5,44fe702ee21e353a23b9,-903170176,80.6286,482381674.333,482382023.333,482392912.667,True
f87bd15cfe0b9c9d8415,Cond2,lag,6,2089d8c28b0048b3abf2,4199773668,82.8237,482378017.0,482378381.0,482392912.667,True
f87bd15cfe0b9c9d8415,Cond2,lag,7,e7e953dc7b10073b5605,-903170140,81.90435,482377433.0,482377798.0,482392912.667,True
f87bd15cfe0b9c9d8415,Cond2,lag,8,ce5cff94cbcd745c3269,4201773444,85.90215,482371773.0,482372131.0,482392912.667,True
f87bd15cfe0b9c9d8415,Cond2,lag,9,dfc466e14b3f5260e81a,4199773466,84.6372,482371582.333,482371940.667,482392912.667,True
f87bd15cfe0b9c9d8415,Cond2,lag,10,e3a004e92368d0546cf2,-897170374,84.3513,482371191.333,482371557.0,482392912.667,True
f87bd15cfe0b9c9d8415,Cond2,lag,11,e3a5c3d544792e0f40b0,4201773430,80.31345,482362700.333,482363062.333,482392912.667,True
f87bd15cfe0b9c9d8415,Cond2,neighbor,1,3fbd701ac01029c806ed,4203773652,79.9785,482383520.667,482383883.667,482392912.667,True
f87bd15cfe0b9c9d8415,Cond2,neighbor,2,733faafbe969be847e96,-4230160408,83.0358,482383129.333,482383497.333,482392912.667,True
f87bd15cfe0b9c9d8415,Cond2,neighbor,3,c167fee30078a6be28cd,-903170202,82.5801,482382931.333,482383300.333,482392912.667,True
f87bd15cfe0b9c9d8415,Cond2,neighbor,4,0e3a81eb0cb986226385,-4230160424,75.97095,482381855.333,482382217.333,482392912.667,True
f87bd15cfe0b9c9d8415,Cond2,neighbor,5,44fe702ee21e353a23b9,-903170176,80.6286,482381674.333,482382023.333,482392912.667,True
f87bd15cfe0b9c9d8415,Cond2,neighbor,6,2089d8c28b0048b3abf2,4199773668,82.8237,482378017.0,482378381.0,482392912.667,True
f87bd15cfe0b9c9d8415,Cond2,neighbor,7,e7e953dc7b10073b5605,-903170140,81.90435,482377433.0,482377798.0,482392912.667,True
f87bd15cfe0b9c9d8415,Cond2,neighbor,8,b009b83ae1df8897e4f9,4199773636,82.80465,482409163.0,482409527.0,482392912.667,False
f87bd15cfe0b9c9d8415,Cond2,neighbor,9,8075935dd60f4796e841,-2133929492,80.89845,482409357.0,482409722.0,482392912.667,False
f87bd15cfe0b9c9d8415,Cond2,neighbor,10,07c601a6147558842993,-4216160640,81.0711,482409552.0,482409912.0,482392912.667,False
2bee269ffc1783adc8f9,Cond2,lag,1,cb3faea45eb5a7a905fe,3037014464,86.41125,484876493.333,484876850.0,484878093.333,True
2bee269ffc1783adc8f9,Cond2,lag,2,9f01c980fa1958b2f806,3031014576,86.8221,484876304.333,484876663.0,484878093.333,True
2bee269ffc1783adc8f9,Cond2,lag,3,becdf9651be28618e8e3,2663292696,85.6881,484873534.333,484873900.333,484878093.333,True
2bee269ffc1783adc8f9,Cond2,lag,4,706895e70a25b52a0444,-4045511824,83.6727,484873339.333,484873708.333,484878093.333,True
2bee269ffc1783adc8f9,Cond2,lag,5,0da647c8d6f4bd982136,-4045511868,84.015,484873144.667,484873510.333,484878093.333,True
2bee269ffc1783adc8f9,Cond2,lag,6,465d4c727adcab8e31eb,2663292700,86.7111,484872613.333,484872972.0,484878093.333,True
2bee269ffc1783adc8f9,Cond2,lag,7,35552005e2e5bb9437a8,3035014478,87.43395,484872425.333,484872783.333,484878093.333,True
2bee269ffc1783adc8f9,Cond2,lag,8,c538d6e68f5c2e9ce02b,3037014480,83.46315,484865666.667,484866021.333,484878093.333,True
2bee269ffc1783adc8f9,Cond2,lag,9,8146113cc7cd6c341483,-4045511836,82.2303,484863487.333,484863850.333,484878093.333,True
2bee269ffc1783adc8f9,Cond2,lag,10,26c63f3c5839c506aaf9,-4045511816,84.15975,484863099.0,484863461.0,484878093.333,True
2bee269ffc1783adc8f9,Cond2,lag,11,c715a0b4ae7af068cb3d,3035014548,84.91215,484856698.333,484857052.333,484878093.333,True
2bee269ffc1783adc8f9,Cond2,neighbor,1,cb3faea45eb5a7a905fe,3037014464,86.41125,484876493.333,484876850.0,484878093.333,True
2bee269ffc1783adc8f9,Cond2,neighbor,2,9f01c980fa1958b2f806,3031014576,86.8221,484876304.333,484876663.0,484878093.333,True
2bee269ffc1783adc8f9,Cond2,neighbor,3,cf8054ad4e397ee2b106,3031014588,83.95515,484882591.667,484882947.0,484878093.333,False
2bee269ffc1783adc8f9,Cond2,neighbor,4,2a2939c71a2c18a9260d,-4045511832,86.3877,484882778.0,484883137.0,484878093.333,False
2bee269ffc1783adc8f9,Cond2,neighbor,5,0503fa7532d16231373b,-4043511796,86.1816,484883279.333,484883622.333,484878093.333,False
2bee269ffc1783adc8f9,Cond2,neighbor,6,9f901e12f57b2b0c8c22,-4045511848,85.5699,484883455.333,484883814.333,484878093.333,False
2bee269ffc1783adc8f9,Cond2,neighbor,7,39aa390ac4260261ad21,3031014568,86.2803,484883646.0,484884002.333,484878093.333,False
2bee269ffc1783adc8f9,Cond2,neighbor,8,69f3a61f65c9cc132300,3033014334,85.78935,484883837.333,484884198.333,484878093.333,False
2bee269ffc1783adc8f9,Cond2,neighbor,9,e3e44935e8d22fa2ab7b,3031014466,88.93695,484884029.0,484884387.333,484878093.333,False
2bee269ffc1783adc8f9,Cond2,neighbor,10,becdf9651be28618e8e3,2663292696,85.6881,484873534.333,484873900.333,484878093.333,True
d2ba0a012398f74e2ef8,Cond2,lag,1,ffbabd9cb1ea7da52864,1296253558,84.9201,486439841.333,486440197.667,486444820.333,True
d2ba0a012398f74e2ef8,Cond2,lag,2,3f027319c845be8081b3,1294253614,82.7115,486439643.667,486440007.667,486444820.333,True
d2ba0a012398f74e2ef8,Cond2,lag,3,f06ea0af156a76a9fc46,1296253546,82.73565,486436658.667,486437018.333,486444820.333,True
d2ba0a012398f74e2ef8,Cond2,lag,4,005be3f7ea5942661e21,1292253518,79.16385,486436471.333,486436826.333,486444820.333,True
d2ba0a012398f74e2ef8,Cond2,lag,5,c149af98f8893fcf94dc,1290253654,82.5711,486436279.667,486436638.333,486444820.333,True
d2ba0a012398f74e2ef8,Cond2,lag,6,913bbd47449825014002,1296253604,76.1958,486436098.667,486436448.333,486444820.333,True
d2ba0a012398f74e2ef8,Cond2,lag,7,75eb3a3862995b23b818,1292253562,81.72885,486435812.333,486436173.333,486444820.333,True
d2ba0a012398f74e2ef8,Cond2,lag,8,1874d1b13981c7f9feb1,1292253510,78.38415,486435626.333,486435979.667,486444820.333,True
d2ba0a012398f74e2ef8,Cond2,lag,9,5c6db2df849803923098,1292253542,81.6159,486435439.667,486435794.667,486444820.333,True
d2ba0a012398f74e2ef8,Cond2,lag,10,7580d1a9f9836344443c,1292253530,80.78445,486435242.667,486435605.667,486444820.333,True
d2ba0a012398f74e2ef8,Cond2,lag,11,3dad972df935afe3e6a3,1292253550,81.88305,486433208.333,486433563.333,486444820.333,True
d2ba0a012398f74e2ef8,Cond2,neighbor,1,2d56497f1c2ec3edd991,1296253538,81.31305,486445003.333,486445362.667,486444820.333,False
d2ba0a012398f74e2ef8,Cond2,neighbor,2,dd673076ab114319d60b,3625681396,74.0673,486445194.333,486445558.667,486444820.333,False
d2ba0a012398f74e2ef8,Cond2,neighbor,3,e5108f96e569df0628dc,1296253550,81.4959,486445390.667,486445751.333,486444820.333,False
d2ba0a012398f74e2ef8,Cond2,neighbor,4,0f850735ed3b5bba8afa,1294253606,77.9223,486445581.667,486445945.333,486444820.333,False
d2ba0a012398f74e2ef8,Cond2,neighbor,5,66aff2bcd479119af1f7,1296253530,80.27625,486445775.333,486446138.667,486444820.333,False
d2ba0a012398f74e2ef8,Cond2,neighbor,6,ffbabd9cb1ea7da52864,1296253558,84.9201,486439841.333,486440197.667,486444820.333,True
d2ba0a012398f74e2ef8,Cond2,neighbor,7,d6604001e893d50465c9,1290253748,80.59335,486445968.333,486446340.333,486444820.333,False
d2ba0a012398f74e2ef8,Cond2,neighbor,8,3f027319c845be8081b3,1294253614,82.7115,486439643.667,486440007.667,486444820.333,True
d2ba0a012398f74e2ef8,Cond2,neighbor,9,edd393c5efd083f6a532,1296253534,81.7032,486446170.333,486446513.333,486444820.333,False
d2ba0a012398f74e2ef8,Cond2,neighbor,10,f06ea0af156a76a9fc46,1296253546,82.73565,486436658.667,486437018.333,486444820.333,True
566de29f17b444f9d704,Cond2,lag,1,fb4846caac2397f192a5,3625681392,88.63455,486494464.333,486494817.333,486495354.333,True
566de29f17b444f9d704,Cond2,lag,2,1252bc43010f2e1806a7,3625681348,91.728,486494075.0,486494437.333,486495354.333,True
566de29f17b444f9d704,Cond2,lag,3,1c16072ec062d40d8c56,1310253788,85.35075,486473355.333,486473710.667,486495354.333,True
566de29f17b444f9d704,Cond2,lag,4,87ec0a059c3493cc9d98,1294253800,91.1934,486473163.667,486473523.667,486495354.333,True
566de29f17b444f9d704,Cond2,lag,5,37a0692e686e1528d545,2667292672,90.6483,486466492.667,486466848.667,486495354.333,True
566de29f17b444f9d704,Cond2,lag,6,e1f9b37e1b61072eaea5,1296253522,86.8125,486465146.667,486465516.667,486495354.333,True
566de29f17b444f9d704,Cond2,lag,7,f7ad18590ddb3ed17bca,3623681188,86.2197,486456975.667,486457340.667,486495354.333,True
566de29f17b444f9d704,Cond2,lag,8,edd393c5efd083f6a532,1296253534,81.7032,486446170.333,486446513.333,486495354.333,True
566de29f17b444f9d704,Cond2,lag,9,d6604001e893d50465c9,1290253748,80.59335,486445968.333,486446340.333,486495354.333,True
566de29f17b444f9d704,Cond2,lag,10,66aff2bcd479119af1f7,1296253530,80.27625,486445775.333,486446138.667,486495354.333,True
566de29f17b444f9d704,Cond2,lag,11,0f850735ed3b5bba8afa,1294253606,77.9223,486445581.667,486445945.333,486495354.333,True
566de29f17b444f9d704,Cond2,neighbor,1,fb4846caac2397f192a5,3625681392,88.63455,486494464.333,486494817.333,486495354.333,True
566de29f17b444f9d704,Cond2,neighbor,2,1252bc43010f2e1806a7,3625681348,91.728,486494075.0,486494437.333,486495354.333,True
566de29f17b444f9d704,Cond2,neighbor,3,84778f43d7bec784f7c6,3623681122,77.82405,486506323.0,486506687.0,486495354.333,False
566de29f17b444f9d704,Cond2,neighbor,4,9a870213ae04a554cff1,3623681094,75.6351,486506139.0,486506490.0,486495354.333,False
566de29f17b444f9d704,Cond2,neighbor,5,fb8433566ba1966a8b5d,3625681388,82.5168,486501931.333,486502291.667,486495354.333,False
566de29f17b444f9d704,Cond2,neighbor,6,1c16072ec062d40d8c56,1310253788,85.35075,486473355.333,486473710.667,486495354.333,True
566de29f17b444f9d704,Cond2,neighbor,7,87ec0a059c3493cc9d98,1294253800,91.1934,486473163.667,486473523.667,486495354.333,True
566de29f17b444f9d704,Cond2,neighbor,8,35eb30a15ace25f87b3f,3623681184,95.3367,486500052.333,486500407.333,486495354.333,False
566de29f17b444f9d704,Cond2,neighbor,9,f5dc6cfd19b7c570b88e,3623681098,75.3861,486529604.333,486529967.0,486495354.333,False
566de29f17b444f9d704,Cond2,neighbor,10,64c126df8c07338aa957,3623681110,77.8443,486540798.333,486541169.667,486495354.333,False
e441cea6e33ad005e714,Cond2,lag,1,7dfdfeb7f36e1e44e92b,-4023511592,64.75125,483274807.667,483275181.667,483280447.0,True
e441cea6e33ad005e714,Cond2,lag,2,8da0440b12cf38c26e8e,-4023511746,64.8564,483274602.0,483274975.667,483280447.0,True
e441cea6e33ad005e714,Cond2,lag,3,e6aa46452be5290f2ee7,4229773746,65.9526,483274394.667,483274770.667,483280447.0,True
e441cea6e33ad005e714,Cond2,lag,4,b4d279d0a302676bfbdc,-4023511798,65.6472,483263461.333,483263832.333,483280447.0,True
e441cea6e33ad005e714,Cond2,lag,5,ecd33beacec4f14b5aae,-4023511604,67.70235,483263256.333,483263632.667,483280447.0,True
e441cea6e33ad005e714,Cond2,lag,6,167866d90097edd8fc00,-2137929706,76.2096,483251594.0,483251957.0,483280447.0,True
e441cea6e33ad005e714,Cond2,lag,7,da119b0997220e516e38,4229773652,81.44055,483201511.0,483201883.0,483280447.0,True
e441cea6e33ad005e714,Cond2,lag,8,c9d7ae1986a7d957978f,4215773500,77.68605,483185557.333,483185923.0,483280447.0,True
e441cea6e33ad005e714,Cond2,lag,9,2fdd70803e22d44657ed,4215773456,63.59325,483163442.333,483163823.0,483280447.0,True
e441cea6e33ad005e714,Cond2,lag,10,d94a9017ec585d437b83,-2143929764,65.5896,483161925.667,483162316.333,483280447.0,True
e441cea6e33ad005e714,Cond2,lag,11,a31689b13316de1a985b,-4025511552,57.1299,483105720.0,483106101.0,483280447.0,True
e441cea6e33ad005e714,Cond2,neighbor,1,05e352c7aee30e0a91c1,4229773632,67.31955,483286103.667,483286480.667,483280447.0,False
e441cea6e33ad005e714,Cond2,neighbor,2,1dca7527b4e57c0f235c,4229773730,64.6767,483286311.333,483286686.667,483280447.0,False
e441cea6e33ad005e714,Cond2,neighbor,3,84401df588888d7bc7e7,4229773758,66.56505,483312266.667,483312639.667,483280447.0,False
e441cea6e33ad005e714,Cond2,neighbor,4,167866d90097edd8fc00,-2137929706,76.2096,483251594.0,483251957.0,483280447.0,True
e441cea6e33ad005e714,Cond2,neighbor,5,ecd33beacec4f14b5aae,-4023511604,67.70235,483263256.333,483263632.667,483280447.0,True
e441cea6e33ad005e714,Cond2,neighbor,6,b4d279d0a302676bfbdc,-4023511798,65.6472,483263461.333,483263832.333,483280447.0,True
e441cea6e33ad005e714,Cond2,neighbor,7,e6aa46452be5290f2ee7,4229773746,65.9526,483274394.667,483274770.667,483280447.0,True
e441cea6e33ad005e714,Cond2,neighbor,8,8da0440b12cf38c26e8e,-4023511746,64.8564,483274602.0,483274975.667,483280447.0,True
e441cea6e33ad005e714,Cond2,neighbor,9,7dfdfeb7f36e1e44e92b,-4023511592,64.75125,483274807.667,483275181.667,483280447.0,True
e441cea6e33ad005e714,Cond2,neighbor,10,c59ddde0eb6a3fdb215a,3017014470,85.0212,484764168.0,484764519.0,483280447.0,False
a46bebf8e9f512a996be,Cond3,lag,1,584c47a8018f515fa33a,327446690,146.95845,481893862.667,481894160.667,481895979.333,True
a46bebf8e9f512a996be,Cond3,lag,2,02baed5ef02aaccba791,327446616,148.4082,481893540.667,481893844.667,481895979.333,True
a46bebf8e9f512a996be,Cond3,lag,3,e7266baa7d644aad6d4b,327446608,147.71025,481868821.0,481869117.333,481895979.333,True
a46bebf8e9f512a996be,Cond3,lag,4,6a7ef087155f7c7b2dd7,327446612,148.31265,481868655.333,481868961.333,481895979.333,True
a46bebf8e9f512a996be,Cond3,lag,5,83239fd4a5f485c8b414,327446706,143.4168,481866533.667,481866827.333,481895979.333,True
a46bebf8e9f512a996be,Cond3,lag,6,7873624402d6532f9c5b,-1183530654,144.801,481866212.333,481866517.333,481895979.333,True
a46bebf8e9f512a996be,Cond3,lag,7,bd0dd8d3b8c2336c41ac,327446710,148.0974,481857505.0,481857798.667,481895979.333,True
a46bebf8e9f512a996be,Cond3,lag,8,4e78c040d91b09dda2d7,329446906,148.7034,481845196.667,481845487.667,481895979.333,True
a46bebf8e9f512a996be,Cond3,lag,9,e861f68ddc022843668e,329446910,146.1354,481845023.667,481845338.667,481895979.333,True
a46bebf8e9f512a996be,Cond3,lag,10,e4d3cd5696ad20c15da5,329446886,147.83265,481842718.333,481843021.333,481895979.333,True
a46bebf8e9f512a996be,Cond3,lag,11,476302e46c75e9e08aff,329446898,145.96965,481842562.333,481842863.0,481895979.333,True
a46bebf8e9f512a996be,Cond3,neighbor,1,584c47a8018f515fa33a,327446690,146.95845,481893862.667,481894160.667,481895979.333,True
a46bebf8e9f512a996be,Cond3,neighbor,2,02baed5ef02aaccba791,327446616,148.4082,481893540.667,481893844.667,481895979.333,True
a46bebf8e9f512a996be,Cond3,neighbor,3,e7266baa7d644aad6d4b,327446608,147.71025,481868821.0,481869117.333,481895979.333,True
a46bebf8e9f512a996be,Cond3,neighbor,4,6a7ef087155f7c7b2dd7,327446612,148.31265,481868655.333,481868961.333,481895979.333,True
a46bebf8e9f512a996be,Cond3,neighbor,5,83239fd4a5f485c8b414,327446706,143.4168,481866533.667,481866827.333,481895979.333,True
a46bebf8e9f512a996be,Cond3,neighbor,6,7873624402d6532f9c5b,-1183530654,144.801,481866212.333,481866517.333,481895979.333,True
a46bebf8e9f512a996be,Cond3,neighbor,7,bd0dd8d3b8c2336c41ac,327446710,148.0974,481857505.0,481857798.667,481895979.333,True
a46bebf8e9f512a996be,Cond3,neighbor,8,4e78c040d91b09dda2d7,329446906,148.7034,481845196.667,481845487.667,481895979.333,True
a46bebf8e9f512a996be,Cond3,neighbor,9,e861f68ddc022843668e,329446910,146.1354,481845023.667,481845338.667,481895979.333,True
a46bebf8e9f512a996be,Cond3,neighbor,10,e4d3cd5696ad20c15da5,329446886,147.83265,481842718.333,481843021.333,481895979.333,True
63b30f73d6172de799a4,Cond3,lag,1,ad6de2d08ea5b9c1f21e,319446612,149.53875,482485111.0,482485411.333,482537123.0,True
63b30f73d6172de799a4,Cond3,lag,2,0517ebae14509834dc2b,665222796,153.81675,482458706.667,482459009.0,482537123.0,True
63b30f73d6172de799a4,Cond3,lag,3,f9bbb6e2c5d8bfba341e,665222812,152.12115,482430338.0,482430648.333,482537123.0,True
63b30f73d6172de799a4,Cond3,lag,4,2e48119cf74bcc87b380,675222836,156.47775,482428232.333,482428532.333,482537123.0,True
63b30f73d6172de799a4,Cond3,lag,5,289493e9505959bdc815,675222832,152.50275,482405749.333,482406034.667,482537123.0,True
63b30f73d6172de799a4,Cond3,lag,6,e41643033e109f1c0f67,665222800,148.4601,482392725.667,482393029.0,482537123.0,True
63b30f73d6172de799a4,Cond3,lag,7,0f8c20ebd53c1e3a44f2,665222804,153.69495,482388951.0,482389240.0,482537123.0,True
63b30f73d6172de799a4,Cond3,lag,8,e4882da171eb2895f32b,319446616,149.46675,482375772.0,482376065.333,482537123.0,True
63b30f73d6172de799a4,Cond3,lag,9,ad172c383850d4f4d95b,665222808,147.5775,482375621.0,482375911.0,482537123.0,True
63b30f73d6172de799a4,Cond3,lag,10,4714477e94de29e4d56e,321446850,148.0254,482361671.333,482361962.667,482537123.0,True
63b30f73d6172de799a4,Cond3,lag,11,f160cafb614f8a2d1392,319446604,151.12455,482307537.0,482307830.667,482537123.0,True
63b30f73d6172de799a4,Cond3,neighbor,1,709ff2ea49fe5500be3a,319446628,158.1276,482548221.333,482548523.667,482537123.0,False
63b30f73d6172de799a4,Cond3,neighbor,2,d9cca12d00dba90697eb,319446648,155.37075,482557227.667,482557530.667,482537123.0,False
63b30f73d6172de799a4,Cond3,neighbor,3,a173916dd2535b568526,321446870,150.92355,482573840.333,482574149.333,482537123.0,False
63b30f73d6172de799a4,Cond3,neighbor,4,ad6de2d08ea5b9c1f21e,319446612,149.53875,482485111.0,482485411.333,482537123.0,True
63b30f73d6172de799a4,Cond3,neighbor,5,0517ebae14509834dc2b,665222796,153.81675,482458706.667,482459009.0,482537123.0,True
63b30f73d6172de799a4,Cond3,neighbor,6,e1f548b73b6f2d9bfbb3,1842206722,162.56205,485342938.333,485343205.333,482537123.0,False
63b30f73d6172de799a4,Cond3,neighbor,7,7c2d727c39a0b8a8a6bb,1842206734,160.2288,485342315.333,485342605.333,482537123.0,False
63b30f73d6172de799a4,Cond3,neighbor,8,84e5ae2794a62c91621a,1852206942,162.6417,485339409.333,485339701.667,482537123.0,False
63b30f73d6172de799a4,Cond3,neighbor,9,f9edd232f233bcfa0f8e,1852207012,160.9824,485339255.333,485339548.333,482537123.0,False
63b30f73d6172de799a4,Cond3,neighbor,10,b7e0661c8053c51776f2,1842206774,159.44025,485337950.333,485338226.333,482537123.0,False
ab96c5ed8e6752b4b9c8,Cond3,lag,1,574d6a9334cf5f307fca,1842206746,153.1476,485182462.0,485182752.0,485235085.333,True
ab96c5ed8e6752b4b9c8,Cond3,lag,2,56a6e64eaaeca159b532,1840206966,154.16415,485177730.0,485178015.0,485235085.333,True
ab96c5ed8e6752b4b9c8,Cond3,lag,3,e3f6f743b2a0d1e2b432,1846206730,150.9303,485174533.0,485174824.0,485235085.333,True
ab96c5ed8e6752b4b9c8,Cond3,lag,4,cd9f01489966caf1d4e0,1842206968,150.91545,485172433.0,485172728.0,485235085.333,True
ab96c5ed8e6752b4b9c8,Cond3,lag,5,a3da09a6352d41d3362a,1840207036,149.9037,485169011.0,485169301.0,485235085.333,True
ab96c5ed8e6752b4b9c8,Cond3,lag,6,1464a72b7d6636b5fee5,1842206948,150.80445,485165998.0,485166284.0,485235085.333,True
ab96c5ed8e6752b4b9c8,Cond3,lag,7,a64884767ec5eaefa1b4,1840207028,149.54595,485156751.333,485157042.333,485235085.333,True
ab96c5ed8e6752b4b9c8,Cond3,lag,8,df4863cd2229a0b2c21b,1840206980,149.89725,485156276.667,485156553.333,485235085.333,True
ab96c5ed8e6752b4b9c8,Cond3,lag,9,15604f34f429a913822b,1842206972,150.414,485155973.333,485156336.333,485235085.333,True
ab96c5ed8e6752b4b9c8,Cond3,lag,10,24509589c5432303b3be,1842206742,150.06585,485153745.333,485154037.333,485235085.333,True
ab96c5ed8e6752b4b9c8,Cond3,lag,11,2bfa25c9e7cb987ad8b3,1840206974,152.6226,485150443.0,485150727.0,485235085.333,True
ab96c5ed8e6752b4b9c8,Cond3,neighbor,1,2baac219dda826cdd63e,1840206992,155.3631,485255949.0,485256241.667,485235085.333,False
ab96c5ed8e6752b4b9c8,Cond3,neighbor,2,574d6a9334cf5f307fca,1842206746,153.1476,485182462.0,485182752.0,485235085.333,True
ab96c5ed8e6752b4b9c8,Cond3,neighbor,3,56a6e64eaaeca159b532,1840206966,154.16415,485177730.0,485178015.0,485235085.333,True
ab96c5ed8e6752b4b9c8,Cond3,neighbor,4,e3f6f743b2a0d1e2b432,1846206730,150.9303,485174533.0,485174824.0,485235085.333,True
ab96c5ed8e6752b4b9c8,Cond3,neighbor,5,cd9f01489966caf1d4e0,1842206968,150.91545,485172433.0,485172728.0,485235085.333,True
ab96c5ed8e6752b4b9c8,Cond3,neighbor,6,a3da09a6352d41d3362a,1840207036,149.9037,485169011.0,485169301.0,485235085.333,True
ab96c5ed8e6752b4b9c8,Cond3,neighbor,7,1464a72b7d6636b5fee5,1842206948,150.80445,485165998.0,485166284.0,485235085.333,True
ab96c5ed8e6752b4b9c8,Cond3,neighbor,8,00f6f5454b59a74aed6e,349446900,149.21775,483926237.0,483926515.333,485235085.333,True
ab96c5ed8e6752b4b9c8,Cond3,neighbor,9,bf767151439f709d9384,349446896,151.1517,483929249.667,483929555.667,485235085.333,True
ab96c5ed8e6752b4b9c8,Cond3,neighbor,10,069bc23ef6035c9ec17d,2064207582,152.25345,486589066.0,486591011.0,485235085.333,False
921e4c621638d9799d22,Cond3,lag,1,498727c6e237d6c08df2,1854206892,155.33235,485511463.333,485511745.333,485514589.333,True
921e4c621638d9799d22,Cond3,lag,2,9b02eb50ee6d4b5c1bee,1852206980,156.49545,485511311.333,485511603.333,485514589.333,True
921e4c621638d9799d22,Cond3,lag,3,76f9346a0be85fc1be1a,1842206770,160.2576,485422310.0,485422592.0,485514589.333,True
921e4c621638d9799d22,Cond3,lag,4,50abcbf082f4ded18c1d,1852207008,157.58925,485369418.333,485369690.333,485514589.333,True
921e4c621638d9799d22,Cond3,lag,5,14a10677ebd59ec31af3,1852206934,155.8158,485365226.333,485365512.333,485514589.333,True
921e4c621638d9799d22,Cond3,lag,6,010208d6ff02eb5c207b,1852207028,159.61155,485364641.333,485364927.333,485514589.333,True
921e4c621638d9799d22,Cond3,lag,7,8499c08afd5f73da29a6,1852207032,157.0176,485364492.667,485364782.333,485514589.333,True
921e4c621638d9799d22,Cond3,lag,8,caf8829de072fa8a898a,1852206996,158.2758,485364063.0,485364350.333,485514589.333,True
921e4c621638d9799d22,Cond3,lag,9,2c8fabf8b0ced303b830,1852206930,159.4644,485363923.0,485364205.667,485514589.333,True
921e4c621638d9799d22,Cond3,lag,10,443b5153c617d9de7bc0,1852207016,157.18455,485363773.667,485364058.333,485514589.333,True
921e4c621638d9799d22,Cond3,lag,11,b9ab713a697e5c8e6571,1852207004,158.25015,485363628.667,485363913.333,485514589.333,True
921e4c621638d9799d22,Cond3,neighbor,1,9f13684e7e579bf316c4,1854206810,155.4033,485527569.667,485527852.667,485514589.333,False
921e4c621638d9799d22,Cond3,neighbor,2,dbcb908252807068e265,1854206814,157.88175,485527712.0,485527991.333,485514589.333,False
921e4c621638d9799d22,Cond3,neighbor,3,050cb862c4c8b1ba0331,1854206806,153.2358,485534791.0,485535070.0,485514589.333,False
921e4c621638d9799d22,Cond3,neighbor,4,8061bcca2ffddf820b81,1854206880,153.90015,485534928.0,485535214.667,485514589.333,False
921e4c621638d9799d22,Cond3,neighbor,5,498727c6e237d6c08df2,1854206892,155.33235,485511463.333,485511745.333,485514589.333,True
921e4c621638d9799d22,Cond3,neighbor,6,9b02eb50ee6d4b5c1bee,1852206980,156.49545,485511311.333,485511603.333,485514589.333,True
921e4c621638d9799d22,Cond3,neighbor,7,e4cb5974d877b323beab,1854206790,152.28885,485541269.667,485541548.0,485514589.333,False
921e4c621638d9799d22,Cond3,neighbor,8,07db7538730a0b2f69fe,1854206798,153.3726,485541124.0,485541406.667,485514589.333,False
921e4c621638d9799d22,Cond3,neighbor,9,016e5e563f5014c2f1d8,1854206888,151.5282,485540978.0,485541263.0,485514589.333,False
921e4c621638d9799d22,Cond3,neighbor,10,ad58f61e30539ce0e733,1838206722,152.4384,484193954.333,484194240.0,485514589.333,True
