evaluation,policy,model,dimension,value,n,mse,rmse,mae,r2,relative_error,mape_percent,s_score_literal_mean,s_score_minus_one_mean,s_score_overflow
nested_oof,completed,gap_guarded,all,all,1977,21.62753858403691,4.650541751671186,3.647995677657591,0.9760371725119514,0.04520627110572199,4.5206271105722,1.4376553677611958,0.4376553677611959,False
nested_oof,completed,gap_guarded,STAGE,A,1162,18.19749945953492,4.265852723610476,3.273449907199545,0.9865131808675004,0.03950244001671879,3.950244001671879,1.3821216844138418,0.3821216844138417,False
nested_oof,completed,gap_guarded,STAGE,B,815,26.517974734553842,5.149560635098284,4.182010628911884,0.6829025221368186,0.05333860451114742,5.3338604511147425,1.5168334537116568,0.5168334537116568,False
nested_oof,completed,gap_guarded,condition,Cond1,798,20.80995278422045,4.561792716051492,3.53332294157824,0.5294006974422594,0.04939578816187901,4.939578816187901,1.4236804845029865,0.42368048450298657,False
nested_oof,completed,gap_guarded,condition,Cond2,815,26.517974734553842,5.149560635098284,4.182010628911884,0.6829025221368186,0.05333860451114742,5.3338604511147425,1.5168334537116568,0.5168334537116568,False
nested_oof,completed,gap_guarded,condition,Cond3,364,12.47019794003203,3.5313167430906036,2.703728254907791,0.17778669448762363,0.017813176775405976,1.7813176775405974,1.291012007295332,0.29101200729533194,False
nested_oof,completed,phase_guarded,all,all,1977,34.45766409396806,5.870065084304267,4.5340679124109995,0.9618216813200219,0.056637078030804595,5.6637078030804595,1.6018587237663215,0.6018587237663217,False
nested_oof,completed,phase_guarded,STAGE,A,1162,20.246632272751988,4.499625792524528,3.419635423059202,0.9849944950891724,0.04166518719120837,4.166518719120837,1.412191533394322,0.412191533394322,False
nested_oof,completed,phase_guarded,STAGE,B,815,54.71928246973873,7.397248303912661,6.122988835879451,0.3456760316228922,0.07798350398860927,7.7983503988609275,1.8722799203457863,0.8722799203457864,False
nested_oof,completed,phase_guarded,condition,Cond1,798,23.898788607709957,4.888638727469024,3.757683802086962,0.45954931434100843,0.05261266195696502,5.261266195696502,1.4682467723278827,0.46824677232788264,False
nested_oof,completed,phase_guarded,condition,Cond2,815,54.71928246973873,7.397248303912661,6.122988835879451,0.3456760316228922,0.07798350398860927,7.7983503988609275,1.8722799203457863,0.8722799203457864,False
nested_oof,completed,phase_guarded,condition,Cond3,364,12.239981846113356,3.4985685424346564,2.678529361344498,0.1929658228762251,0.017664954050895697,1.7664954050895698,1.2893012018861314,0.28930120188613134,False
nested_oof,completed,previous_control,all,all,1977,22.428854947504465,4.735911205618668,3.7123229360663097,0.9751493319605862,0.04603330814099734,4.603330814099734,1.4532754919236461,0.4532754919236461,False
nested_oof,completed,previous_control,STAGE,A,1162,18.25565734711378,4.272663963748352,3.2608830790839933,0.9864700779723665,0.03911485233188026,3.9114852331880257,1.3840718324396535,0.38407183243965337,False
nested_oof,completed,previous_control,STAGE,B,815,28.378861832969466,5.327181415436259,4.355970928475453,0.6606503474740668,0.05589741323325998,5.589741323325998,1.551943776979351,0.5519437769793509,False
nested_oof,completed,previous_control,condition,Cond1,798,20.382685908355068,4.514718807229866,3.449739152210624,0.5390629727906562,0.048372152534686394,4.8372152534686395,1.414824991567017,0.41482499156701697,False
nested_oof,completed,previous_control,condition,Cond2,815,28.378861832969466,5.327181415436259,4.355970928475453,0.6606503474740668,0.05589741323325998,5.589741323325998,1.551943776979351,0.5519437769793509,False
nested_oof,completed,previous_control,condition,Cond3,364,13.592556270546337,3.686808412508892,2.846852457229456,0.10378482560476676,0.018820001887266784,1.8820001887266784,1.3166514451219717,0.3166514451219718,False
nested_oof,completed,previous_proposed,all,all,1977,58.465666598934526,7.646284496337716,3.7813046952145366,0.9352213532187106,0.04691963227144146,4.6919632271441465,539202.9670562578,539201.9670562578,False
nested_oof,completed,previous_proposed,STAGE,A,1162,17.892243670478923,4.229922418966916,3.2558392451941147,0.9867394168745574,0.039052810606669784,3.9052810606669786,1.3776991630042483,0.3776991630042481,False
nested_oof,completed,previous_proposed,STAGE,B,815,116.31390886011906,10.784892621631384,4.530495925795801,-0.39086214196788105,0.058135885982441085,5.813588598244109,1307978.730041465,1307977.730041465,False
nested_oof,completed,previous_proposed,condition,Cond1,798,20.14650694850082,4.488486041918903,3.4835699479553384,0.5444039581806133,0.04855914182723112,4.855914182723112,1.410861331760545,0.410861331760545,False
nested_oof,completed,previous_proposed,condition,Cond2,815,116.31390886011906,10.784892621631384,4.530495925795801,-0.39086214196788105,0.058135885982441085,5.813588598244109,1307978.730041465,1307977.730041465,False
nested_oof,completed,previous_proposed,condition,Cond3,364,12.950204945584753,3.5986393186293,2.7565834737560464,0.14613778653904708,0.01821200754620842,1.8212007546208422,1.3049974853462125,0.30499748534621257,False
nested_oof,completed,raw_guarded,all,all,1977,21.85132041823678,4.674539594252763,3.671947354052143,0.9757892272607128,0.045519061543375025,4.551906154337503,1.4408725590092184,0.4408725590092187,False
nested_oof,completed,raw_guarded,STAGE,A,1162,18.417833044081608,4.2916002894120515,3.2993796876553594,0.9863498837502122,0.039865547539727646,3.9865547539727646,1.3852194606587522,0.3852194606587521,False
nested_oof,completed,raw_guarded,STAGE,B,815,26.746672968872748,5.171718570153711,4.203141990068171,0.6801677871496932,0.0535796545154465,5.357965451544651,1.520220902915037,0.5202209029150372,False
nested_oof,completed,raw_guarded,condition,Cond1,798,21.130789407332305,4.5968238390580405,3.5710803411893393,0.5221452513277489,0.0499245236778393,4.99245236778393,1.4281912814911895,0.42819128149118935,False
nested_oof,completed,raw_guarded,condition,Cond2,815,26.746672968872748,5.171718570153711,4.203141990068171,0.6801677871496932,0.0535796545154465,5.357965451544651,1.520220902915037,0.5202209029150372,False
nested_oof,completed,raw_guarded,condition,Cond3,364,12.470197940032017,3.5313167430906023,2.703728254907789,0.1777866944876244,0.01781317677540596,1.7813176775405961,1.2910120072953317,0.2910120072953319,False
nested_oof,completed,raw_unprotected,all,all,1977,22.08284182917847,4.699238430764976,3.6808078123869006,0.9755327067320994,0.04555233670021562,4.555233670021562,1.4459775555765972,0.44597755557659735,False
nested_oof,completed,raw_unprotected,STAGE,A,1162,18.53975070512522,4.305781079563291,3.2905606773138083,0.9862595262015166,0.03951789987826449,3.9517899878264493,1.3866042254760105,0.38660422547601053,False
nested_oof,completed,raw_unprotected,STAGE,B,815,27.13446377537464,5.209075136276558,4.2372092491414195,0.675530649965908,0.054156036807095645,5.415603680709564,1.5306300826647958,0.5306300826647958,False
nested_oof,completed,raw_unprotected,condition,Cond1,798,20.877838898389513,4.5692273852796506,3.51042146964497,0.5278655109710273,0.04906771386161665,4.906771386161665,1.4192605256028963,0.4192605256028964,False
nested_oof,completed,raw_unprotected,condition,Cond2,815,27.13446377537464,5.209075136276558,4.2372092491414195,0.675530649965908,0.054156036807095645,5.415603680709564,1.5306300826647958,0.5306300826647958,False
nested_oof,completed,raw_unprotected,condition,Cond3,364,13.413941973738106,3.6625048769575868,2.8085581710493375,0.11556162755263444,0.018581769222453977,1.8581769222453977,1.31501156750553,0.3150115675055301,False
nested_oof,completed,selected,all,all,1977,21.769422961718107,4.665771421932081,3.659142450560486,0.9758799678049797,0.04538940541519946,4.5389405415199455,1.4398506200410366,0.43985062004103637,False
nested_oof,completed,selected,STAGE,A,1162,18.326997194073925,4.281004227289892,3.282921847875596,0.9864172054546323,0.03971175834581718,3.971175834581718,1.3842034745083664,0.38420347450836667,False
nested_oof,completed,selected,STAGE,B,815,26.67751957767215,5.165028516636879,4.195545322118574,0.6809947117604488,0.05348440651289542,5.3484406512895415,1.5191904766164501,0.5191904766164502,False
nested_oof,completed,selected,condition,Cond1,798,21.018502710423952,4.5845940616835374,3.5583574036047096,0.5246845190425538,0.04977180114703227,4.977180114703227,1.4273917892798222,0.4273917892798223,False
nested_oof,completed,selected,condition,Cond2,815,26.67751957767215,5.165028516636879,4.195545322118574,0.6809947117604488,0.05348440651289542,5.3484406512895415,1.5191904766164501,0.5191904766164502,False
nested_oof,completed,selected,condition,Cond3,364,12.426388946691171,3.5251083595672874,2.679082360315615,0.18067520815831073,0.017657049127768675,1.7657049127768676,1.2895213998170985,0.28952139981709846,False
nested_oof,retrospective,gap_guarded,all,all,1977,26.564348147689223,5.154061325565425,4.010471506831638,0.970567298283986,0.050116390065893586,5.011639006589359,1.49771748247244,0.4977174824724402,False
nested_oof,retrospective,gap_guarded,STAGE,A,1162,25.37177625221623,5.03704042590649,3.802985028649822,0.9811960671769882,0.047124585862964904,4.71245858629649,1.479890316881667,0.479890316881667,False
nested_oof,retrospective,gap_guarded,STAGE,B,815,28.264677647737837,5.316453484019007,4.306298853638103,0.662015742739401,0.05438200538344344,5.438200538344344,1.5231348645785487,0.5231348645785486,False
nested_oof,retrospective,gap_guarded,condition,Cond1,798,31.182306993881,5.584112014804234,4.293734810614571,0.29483876894767,0.06039813284572845,6.039813284572845,1.5611040763428594,0.5611040763428591,False
nested_oof,retrospective,gap_guarded,condition,Cond2,815,28.264677647737837,5.316453484019007,4.306298853638103,0.662015742739401,0.05438200538344344,5.438200538344344,1.5231348645785487,0.5231348645785486,False
nested_oof,retrospective,gap_guarded,condition,Cond3,364,12.63330501087423,3.5543360858076194,2.7271105066501824,0.16703235004862405,0.018024886708444803,1.8024886708444803,1.301844767293669,0.301844767293669,False
nested_oof,retrospective,paper_v2,all,all,1977,36.406158288213945,6.033751593180974,4.6278515893604215,0.9596627934717006,0.058008440925036486,5.800844092503649,1.6022325930871477,0.6022325930871475,False
nested_oof,retrospective,paper_v2,STAGE,A,1162,33.00235483000716,5.744767604525631,4.254367097619038,0.9755407718775524,0.05299690122552132,5.299690122552132,1.5538145382448434,0.5538145382448435,False
nested_oof,retrospective,paper_v2,STAGE,B,815,41.25918849488423,6.423331572858763,5.160353404579423,0.5066295695137857,0.06515372820213662,6.5153728202136625,1.6712654516475858,0.6712654516475858,False
nested_oof,retrospective,paper_v2,condition,Cond1,798,42.298089711694395,6.503698156564033,4.943849228497648,0.04346483991343708,0.06889306725468702,6.889306725468702,1.6663127453699391,0.6663127453699389,False
nested_oof,retrospective,paper_v2,condition,Cond2,815,41.25918849488423,6.423331572858763,5.160353404579423,0.5066295695137857,0.06515372820213662,6.5153728202136625,1.6712654516475858,0.6712654516475858,False
nested_oof,retrospective,paper_v2,condition,Cond3,364,12.623243743231306,3.5529204527024394,2.7428101183851648,0.1676957323113688,0.018147614161581158,1.8147614161581158,1.3071838533936726,0.3071838533936726,False
nested_oof,retrospective,phase_guarded,all,all,1977,38.5847649328483,6.211663620387722,4.797064785486127,0.9572489461914454,0.06071623171114581,6.071623171114581,1.6527158434169675,0.6527158434169674,False
nested_oof,retrospective,phase_guarded,STAGE,A,1162,28.447296430685252,5.333600700341679,3.9711472083369515,0.9789166889317737,0.04970011503241587,4.9700115032415875,1.5228906713165373,0.5228906713165374,False
nested_oof,retrospective,phase_guarded,STAGE,B,815,53.038431680717565,7.282748909630042,5.974630705298814,0.36577536240505937,0.07642264592057427,7.642264592057427,1.8378162728411391,0.8378162728411388,False
nested_oof,retrospective,phase_guarded,condition,Cond1,798,35.62744221833113,5.968872776189079,4.5375419668722365,0.19431583369203176,0.06414010705447755,6.414010705447755,1.6232819687170752,0.6232819687170754,False
nested_oof,retrospective,phase_guarded,condition,Cond2,815,53.038431680717565,7.282748909630042,5.974630705298814,0.36577536240505937,0.07642264592057427,7.642264592057427,1.8378162728411391,0.8378162728411388,False
nested_oof,retrospective,phase_guarded,condition,Cond3,364,12.706207588538513,3.5645767755146633,2.7294356223172884,0.16222557234950685,0.01804320944558833,1.804320944558833,1.3028020577845887,0.30280205778458874,False
nested_oof,retrospective,previous_control,all,all,1977,31.112248067864446,5.577835428538964,4.340137985125529,0.9655283272149201,0.0541711467592263,5.4171146759226305,1.54914129594865,0.54914129594865,False
nested_oof,retrospective,previous_control,STAGE,A,1162,26.88306953803517,5.184888575276731,3.9302562705977397,0.9800759935510857,0.04848819596910323,4.848819596910324,1.4935378374382082,0.4935378374382085,False
nested_oof,retrospective,previous_control,STAGE,B,815,37.14207070794005,6.0944294817431475,4.9245337547958234,0.5558613709380662,0.062273709726248384,6.227370972624838,1.628418865015071,0.6284188650150712,False
nested_oof,retrospective,previous_control,condition,Cond1,798,33.057305853731755,5.749548317366483,4.436133030348589,0.2524372716981712,0.06209200824138883,6.2092008241388825,1.573820887931171,0.5738208879311708,False
nested_oof,retrospective,previous_control,condition,Cond2,815,37.14207070794005,6.0944294817431475,4.9245337547958234,0.5558613709380662,0.062273709726248384,6.227370972624838,1.628418865015071,0.6284188650150712,False
nested_oof,retrospective,previous_control,condition,Cond3,364,13.347243769008045,3.6533879850089894,2.8212187588362623,0.11995932449750779,0.018664453679861723,1.8664453679861723,1.3175326882805602,0.31753268828056025,False
nested_oof,retrospective,previous_proposed,all,all,1977,28.90924988360173,5.376732268171973,4.164448675944436,0.9679691997738037,0.05198144127936516,5.198144127936516,1.5204225426121243,0.5204225426121243,False
nested_oof,retrospective,previous_proposed,STAGE,A,1162,26.029325011308,5.10189425716645,3.8361125476945124,0.9807087342220188,0.047287089843293134,4.728708984329313,1.4760951653413716,0.47609516534137153,False
nested_oof,retrospective,previous_proposed,STAGE,B,815,33.01535135796408,5.745898655385777,4.6325794502099695,0.6052079862367622,0.05867449203852551,5.867449203852551,1.5836230486104244,0.5836230486104245,False
nested_oof,retrospective,previous_proposed,condition,Cond1,798,32.06094925510972,5.662238890678291,4.320661535228954,0.27496902490646635,0.06048285745636607,6.0482857456366075,1.5515668988430737,0.5515668988430739,False
nested_oof,retrospective,previous_proposed,condition,Cond2,815,33.01535135796408,5.745898655385777,4.6325794502099695,0.6052079862367622,0.05867449203852551,5.867449203852551,1.5836230486104244,0.5836230486104245,False
nested_oof,retrospective,previous_proposed,condition,Cond3,364,12.806148784511928,3.57856797958512,2.773832075022852,0.1556360232907571,0.01835790699924862,1.835790699924862,1.3106379034337938,0.31063790343379366,False
nested_oof,retrospective,raw_guarded,all,all,1977,26.66728410985575,5.164037578276881,4.014317492399024,0.9704532475475082,0.050189791639959985,5.018979163995999,1.4993480720256116,0.4993480720256114,False
nested_oof,retrospective,raw_guarded,STAGE,A,1162,25.58021675810677,5.057688875178738,3.813814883496352,0.9810415844465953,0.0473037369390482,4.73037369390482,1.4828070551059989,0.4828070551059989,False
nested_oof,retrospective,raw_guarded,STAGE,B,815,28.217188726705213,5.311985384647176,4.300187469754735,0.6625836072628658,0.054304632820891874,5.430463282089187,1.5229317059649854,0.5229317059649853,False
nested_oof,retrospective,raw_guarded,condition,Cond1,798,31.48582562526546,5.611223184410459,4.309504599250743,0.2879749544198872,0.0606590019565164,6.06590019565164,1.5653512565642544,0.5653512565642543,False
nested_oof,retrospective,raw_guarded,condition,Cond2,815,28.217188726705213,5.311985384647176,4.300187469754735,0.6625836072628658,0.054304632820891874,5.430463282089187,1.5229317059649854,0.5229317059649853,False
nested_oof,retrospective,raw_guarded,condition,Cond3,364,12.63330501087426,3.554336085807624,2.727110506650186,0.16703235004862205,0.018024886708444824,1.8024886708444825,1.3018447672936695,0.30184476729366944,False
nested_oof,retrospective,raw_unprotected,all,all,1977,29.350114021163343,5.417574551509499,4.18506692598939,0.967480732201176,0.05244211103845252,5.2442111038452515,1.532073808538519,0.5320738085385193,False
nested_oof,retrospective,raw_unprotected,STAGE,A,1162,26.86305273059427,5.182957913257088,3.8758608792651303,0.9800908287245755,0.048137467542343715,4.813746754234371,1.4961237458817471,0.4961237458817471,False
nested_oof,retrospective,raw_unprotected,STAGE,B,815,32.896083615815186,5.735510754572359,4.625922663772935,0.6066341698199514,0.058579529127383095,5.85795291273831,1.5833302168908743,0.583330216890874,False
nested_oof,retrospective,raw_unprotected,condition,Cond1,798,33.244577332724475,5.76581107327707,4.3831888934177545,0.24820228720220638,0.06175664401713415,6.175664401713415,1.581372957599047,0.5813729575990468,False
nested_oof,retrospective,raw_unprotected,condition,Cond2,815,32.896083615815186,5.735510754572359,4.625922663772935,0.6066341698199514,0.058579529127383095,5.85795291273831,1.5833302168908743,0.583330216890874,False
nested_oof,retrospective,raw_unprotected,condition,Cond3,364,12.872787256693437,3.5878666720898975,2.7636417713151453,0.15124226476742508,0.018280042193764688,1.8280042193764687,1.3092312432707436,0.3092312432707437,False
nested_oof,retrospective,selected,all,all,1977,26.564177001386593,5.154044722486078,4.009825940727439,0.9705674879102493,0.05011130172604051,5.011130172604051,1.497565738469961,0.4975657384699608,False
nested_oof,retrospective,selected,STAGE,A,1162,25.342641289304744,5.034147523593716,3.8014215900275694,0.9812176601423345,0.047112802031555406,4.711280203155541,1.4794430170903563,0.4794430170903564,False
nested_oof,retrospective,selected,STAGE,B,815,28.305802151618625,5.320319741483459,4.306961959762102,0.6615239828448575,0.05438646325363768,5.438646325363768,1.523404514228366,0.5234045142283661,False
nested_oof,retrospective,selected,condition,Cond1,798,31.182306993881,5.584112014804234,4.293734810614571,0.29483876894767,0.06039813284572845,6.039813284572845,1.5611040763428594,0.5611040763428591,False
nested_oof,retrospective,selected,condition,Cond2,815,28.305802151618625,5.320319741483459,4.306961959762102,0.6615239828448575,0.05438646325363768,5.438646325363768,1.523404514228366,0.5234045142283661,False
nested_oof,retrospective,selected,condition,Cond3,364,12.540297244656802,3.5412282113211515,2.7221195295099117,0.1731647485292016,0.017987269092791417,1.7987269092791418,1.3004168487291003,0.3004168487291004,False
temporal,completed,gap_guarded,all,all,166,11.771405848313242,3.430948243316014,2.5965703145563537,0.9824736970666951,0.02804382861080462,2.804382861080462,1.2882673439144976,0.2882673439144976,False
temporal,completed,gap_guarded,STAGE,A,99,11.067830764918535,3.326834947050805,2.518542115332328,0.9898946935216582,0.02648443225910341,2.648443225910341,1.3002864701840477,0.3002864701840478,False
temporal,completed,gap_guarded,STAGE,B,67,12.81101679243378,3.5792480764028887,2.711865713409766,0.09595648386667299,0.03034801127973624,3.034801127973624,1.2705077394266546,0.2705077394266547,False
temporal,completed,gap_guarded,condition,Cond1,74,6.520317663822131,2.5534912695801664,2.011479033634036,0.11922640442475885,0.02636795033535838,2.6367950335358383,1.2132047705288416,0.21320477052884157,False
temporal,completed,gap_guarded,condition,Cond2,67,12.81101679243378,3.5792480764028887,2.711865713409766,0.09595648386667299,0.03034801127973624,3.034801127973624,1.2705077394266546,0.2705077394266547,False
temporal,completed,gap_guarded,condition,Cond3,25,24.52846954416389,4.9526224915860375,4.019448837159271,-1.2223118535775495,0.02682921875338871,2.682921875338871,1.5580483011634585,0.5580483011634582,False
temporal,completed,phase_guarded,all,all,166,15.252414605067893,3.9054339842158248,2.928586506859754,0.9772908654856133,0.032012382293800774,3.2012382293800776,1.3283301338711095,0.32833013387110943,False
temporal,completed,phase_guarded,STAGE,A,99,11.955781951626067,3.457713399289488,2.6059521849830194,0.9890839638429998,0.02794620098113602,2.7946200981136022,1.3101130360403075,0.3101130360403072,False
temporal,completed,phase_guarded,STAGE,B,67,20.123558376571488,4.485928931288534,3.40531483321493,-0.4200724865659793,0.038020620352812874,3.8020620352812875,1.3552479351434887,0.3552479351434889,False
temporal,completed,phase_guarded,condition,Cond1,74,8.15021569257736,2.8548582613813527,2.199787496947565,-0.10094249243328579,0.028792320468400932,2.879232046840093,1.2360514546227244,0.2360514546227243,False
temporal,completed,phase_guarded,condition,Cond2,67,20.123558376571488,4.485928931288534,3.40531483321493,-0.4200724865659793,0.038020620352812874,3.8020620352812875,1.3552479351434887,0.3552479351434889,False
temporal,completed,phase_guarded,condition,Cond3,25,23.220258078410225,4.818740299954982,3.8081996615679645,-1.103786160725173,0.025441687298831894,2.5441687298831894,1.5293353170363526,0.5293353170363526,False
temporal,completed,previous_control,all,all,166,12.420051911737461,3.5242094023677795,2.6767759850335375,0.981507935835576,0.029193812704664583,2.919381270466458,1.2980474939541662,0.29804749395416613,False
temporal,completed,previous_control,STAGE,A,99,10.656243991934202,3.2643902940571006,2.48667618858454,0.9902704862647692,0.026491344096545813,2.6491344096545815,1.2945372803164379,0.2945372803164378,False
temporal,completed,previous_control,STAGE,B,67,15.026275554431832,3.8763740214834574,2.957669714114892,-0.06036914998345777,0.033187012588302756,3.3187012588302753,1.3032342275382722,0.3032342275382723,False
temporal,completed,previous_control,condition,Cond1,74,6.716398392996609,2.59160151122749,2.0528767191336548,0.092739546304907,0.026937124954485143,2.6937124954485143,1.2187844589965213,0.21878445899652132,False
temporal,completed,previous_control,condition,Cond2,67,15.026275554431832,3.8763740214834574,2.957669714114892,-0.06036914998345777,0.033187012588302756,3.3187012588302753,1.3032342275382722,0.3032342275382723,False
temporal,completed,previous_control,condition,Cond3,25,22.318186964789476,4.724212840758709,3.7707226181591604,-1.0220573221215323,0.025171832757045404,2.5171832757045403,1.5187656314233902,0.5187656314233906,False
temporal,completed,previous_proposed,all,all,166,12.463494235853128,3.5303674363801183,2.6277912119812683,0.9814432550878056,0.028101297676616552,2.810129767661655,1.298495261231217,0.29849526123121717,False
temporal,completed,previous_proposed,STAGE,A,99,12.425310261898808,3.524955356014996,2.6527363174170153,0.9886552685027526,0.02739782083946689,2.739782083946689,1.3183419622589132,0.31834196225891315,False
temporal,completed,previous_proposed,STAGE,B,67,12.519915331696073,3.5383492382318726,2.5909320263374034,0.11649883365676095,0.02914076345091231,2.9140763450912313,1.269169538817159,0.2691695388171589,False
temporal,completed,previous_proposed,condition,Cond1,74,6.807053558426039,2.609033069630594,2.036897392437232,0.08049372023790802,0.026567607112270804,2.6567607112270806,1.210358095688888,0.2103580956888878,False
temporal,completed,previous_proposed,condition,Cond2,67,12.519915331696073,3.5383492382318726,2.5909320263374034,0.11649883365676095,0.02914076345091231,2.9140763450912313,1.269169538817159,0.2691695388171589,False
temporal,completed,previous_proposed,condition,Cond3,25,29.055350104178203,5.3903014854624045,4.475619535357176,-1.6324532327669905,0.029855253471967297,2.9855253471967296,1.637974207306188,0.6379742073061879,False
temporal,completed,raw_guarded,all,all,166,11.53180587699628,3.395851274275168,2.551185981070343,0.9828304345485409,0.02743708189095858,2.743708189095858,1.2815670013896918,0.2815670013896917,False
temporal,completed,raw_guarded,STAGE,A,99,10.927253299310888,3.305639620302081,2.4638745881642734,0.990023045536076,0.025697581911092216,2.5697581911092215,1.2917319233444777,0.2917319233444778,False
temporal,completed,raw_guarded,STAGE,B,67,12.42509998432246,3.52492552890447,2.680198337752446,0.1231897311406881,0.030007387831358142,3.000738783135814,1.2665471913370974,0.2665471913370973,False
temporal,completed,raw_guarded,condition,Cond1,74,6.3322478111848985,2.516395797799881,1.938342747287588,0.14463114217943762,0.025315272167073147,2.531527216707315,1.2017601740813093,0.20176017408130928,False
temporal,completed,raw_guarded,condition,Cond2,67,12.42509998432246,3.52492552890447,2.680198337752446,0.1231897311406881,0.030007387831358142,3.000738783135814,1.2665471913370974,0.2665471913370973,False
temporal,completed,raw_guarded,condition,Cond3,25,24.52846954416382,4.95262249158603,4.0194488371592625,-1.2223118535775428,0.026829218753388645,2.6829218753388644,1.5580483011634567,0.5580483011634567,False
temporal,completed,raw_unprotected,all,all,166,11.759083073458537,3.4291519466857308,2.5434602354605453,0.9824920442962329,0.02749530170731,2.749530170731,1.2847596922414295,0.28475969224142955,False
temporal,completed,raw_unprotected,STAGE,A,99,10.516520243081898,3.2429184761695593,2.420078172326425,0.9903980588067104,0.025383459133035455,2.5383459133035453,1.2856776983433245,0.2856776983433247,False
temporal,completed,raw_unprotected,STAGE,B,67,13.59510874819417,3.6871545598461384,2.725771045166184,0.0406249469447848,0.030615785511088796,3.0615785511088798,1.2834032354640021,0.2834032354640024,False
temporal,completed,raw_unprotected,condition,Cond1,74,6.198298808830477,2.4896382887541066,1.929323051652805,0.16272516006479676,0.025223785295616568,2.522378529561657,1.2014141593239254,0.20141415932392528,False
temporal,completed,raw_unprotected,condition,Cond2,67,13.59510874819417,3.6871545598461384,2.725771045166184,0.0406249469447848,0.030615785511088796,3.0615785511088798,1.2834032354640021,0.2834032354640024,False
temporal,completed,raw_unprotected,condition,Cond3,25,23.298455688466095,4.826847386075729,3.872713329520341,-1.1108709678484106,0.025856093691795354,2.585609369179535,1.5350977738407465,0.5350977738407469,False
temporal,completed,selected,all,all,166,11.771405848313242,3.430948243316014,2.5965703145563537,0.9824736970666951,0.02804382861080462,2.804382861080462,1.2882673439144976,0.2882673439144976,False
temporal,completed,selected,STAGE,A,99,11.067830764918535,3.326834947050805,2.518542115332328,0.9898946935216582,0.02648443225910341,2.648443225910341,1.3002864701840477,0.3002864701840478,False
temporal,completed,selected,STAGE,B,67,12.81101679243378,3.5792480764028887,2.711865713409766,0.09595648386667299,0.03034801127973624,3.034801127973624,1.2705077394266546,0.2705077394266547,False
temporal,completed,selected,condition,Cond1,74,6.520317663822131,2.5534912695801664,2.011479033634036,0.11922640442475885,0.02636795033535838,2.6367950335358383,1.2132047705288416,0.21320477052884157,False
temporal,completed,selected,condition,Cond2,67,12.81101679243378,3.5792480764028887,2.711865713409766,0.09595648386667299,0.03034801127973624,3.034801127973624,1.2705077394266546,0.2705077394266547,False
temporal,completed,selected,condition,Cond3,25,24.52846954416389,4.9526224915860375,4.019448837159271,-1.2223118535775495,0.02682921875338871,2.682921875338871,1.5580483011634585,0.5580483011634582,False
temporal,retrospective,gap_guarded,all,all,166,30.54920410205575,5.52713344348187,4.450366844225678,0.9545156617345998,0.04806152816941311,4.806152816941311,1.5149827226876083,0.5149827226876081,False
temporal,retrospective,gap_guarded,STAGE,A,99,19.00663413808265,4.359659864953073,3.306557991358773,0.9826462956322178,0.033926440655701676,3.3926440655701677,1.4195129756491662,0.4195129756491661,False
temporal,retrospective,gap_guarded,STAGE,B,67,47.604643302553306,6.899611822599392,6.140472462640956,-2.359348427435572,0.06894770225683744,6.894770225683744,1.656049960848888,0.656049960848888,False
temporal,retrospective,gap_guarded,condition,Cond1,74,10.6828723251604,3.2684663567429295,2.4919245474266747,-0.443057279418992,0.03254064247686084,3.2540642476860837,1.2713623828752993,0.2713623828752997,False
temporal,retrospective,gap_guarded,condition,Cond2,67,47.604643302553306,6.899611822599392,6.140472462640956,-2.359348427435572,0.06894770225683744,6.894770225683744,1.656049960848888,0.656049960848888,False
temporal,retrospective,gap_guarded,condition,Cond3,25,43.64496910433253,6.606433917351518,5.717872985397787,-2.954292052952883,0.03802840326507056,3.802840326507056,1.858038730259811,0.858038730259811,False
temporal,retrospective,paper_v2,all,all,166,32.436459824110194,5.695301556907254,4.457262516438276,0.9517057496541256,0.04805348524521713,4.805348524521714,1.5247892201109712,0.5247892201109713,False
temporal,retrospective,paper_v2,STAGE,A,99,19.07110527706313,4.367047661414188,3.346572259934352,0.9825874312863272,0.03427918324766161,3.427918324766161,1.4191981639509348,0.41919816395093473,False
temporal,retrospective,paper_v2,STAGE,B,67,52.18526728914987,7.223937104456951,6.0984317014216884,-2.6825923574078714,0.06840655834608274,6.840655834608274,1.6808118254817714,0.6808118254817714,False
temporal,retrospective,paper_v2,condition,Cond1,74,10.53563811284014,3.245864771188125,2.5284178333242466,-0.4231686768595597,0.032902625661583765,3.2902625661583764,1.2688844738383704,0.2688844738383704,False
temporal,retrospective,paper_v2,condition,Cond2,67,52.18526728914987,7.223937104456951,6.0984317014216884,-2.6825923574078714,0.06840655834608274,6.840655834608274,1.6808118254817714,0.6808118254817714,False
temporal,retrospective,paper_v2,condition,Cond3,25,44.33608808316317,6.658534980246268,5.7683093627002595,-3.0169083485241313,0.03835379370245204,3.835379370245204,1.8641266866841253,0.8641266866841251,False
temporal,retrospective,phase_guarded,all,all,166,36.68827909568819,6.0570850328923225,4.7916763384232,0.9453752676767314,0.05187942440737997,5.187942440737997,1.5679405074258133,0.5679405074258133,False
temporal,retrospective,phase_guarded,STAGE,A,99,17.643449633046686,4.200410650525337,3.201189766973348,0.9838909295178008,0.032793998386390355,3.2793998386390353,1.3992433024101654,0.3992433024101653,False
temporal,retrospective,phase_guarded,STAGE,B,67,64.82914651063605,8.051654892668715,7.141798287281938,-3.5748413657542217,0.08008027778167807,8.008027778167808,1.8172095118519198,0.8172095118519199,False
temporal,retrospective,phase_guarded,condition,Cond1,74,9.60986029417736,3.099977466720905,2.4114577089441167,-0.29811331911653793,0.03142722948092904,3.142722948092904,1.2563719924050687,0.2563719924050685,False
temporal,retrospective,phase_guarded,condition,Cond2,67,64.82914651063605,8.051654892668715,7.141798287281938,-3.5748413657542217,0.08008027778167807,8.008027778167808,1.8172095118519198,0.8172095118519199,False
temporal,retrospective,phase_guarded,condition,Cond3,25,41.422874076099895,6.436060446896058,5.5387966587398765,-2.752967297972723,0.03683963434655586,3.6839634346555865,1.8221423800252519,0.8221423800252518,False
temporal,retrospective,previous_control,all,all,166,39.323954539524884,6.270881480264547,4.98785038304643,0.941451042579253,0.05464247519191186,5.4642475191911855,1.583587423388239,0.5835874233882393,False
temporal,retrospective,previous_control,STAGE,A,99,16.389047857545208,4.048338901024123,3.102610718366701,0.9850362410659858,0.032548244548815435,3.2548244548815433,1.3757074470524204,0.37570744705242076,False
temporal,retrospective,previous_control,STAGE,B,67,73.21284650245008,8.556450578508011,7.773503021901552,-4.166459481755975,0.08728917420186029,8.72891742018603,1.8907533585710157,0.8907533585710161,False
temporal,retrospective,previous_control,condition,Cond1,74,10.485902647736385,3.2381943499018684,2.4975685229367,-0.41645034093091393,0.03253667742942394,3.253667742942394,1.2647362557726658,0.2647362557726657,False
temporal,retrospective,previous_control,condition,Cond2,67,73.21284650245008,8.556450578508011,7.773503021901552,-4.166459481755975,0.08728917420186029,8.72891742018603,1.8907533585710157,0.8907533585710161,False
temporal,retrospective,previous_control,condition,Cond3,25,33.86235767857933,5.819137193655029,4.893535616839504,-2.0679744907726874,0.03258248322221427,3.258248322221427,1.7041821732404958,0.7041821732404955,False
temporal,retrospective,previous_proposed,all,all,166,39.72571345551108,6.302833763912156,4.985298074351618,0.9408528686178362,0.05459983435683746,5.459983435683746,1.577809338163858,0.5778093381638582,False
temporal,retrospective,previous_proposed,STAGE,A,99,17.504981872989262,4.183895538011108,3.1332607002871695,0.984017355299191,0.032754103715081806,3.2754103715081806,1.3707236957247728,0.3707236957247731,False
temporal,retrospective,previous_proposed,STAGE,B,67,72.55933176401346,8.518176551587404,7.72189061214834,-4.1203424739061285,0.0868793467976406,8.68793467976406,1.8838015560962373,0.8838015560962373,False
temporal,retrospective,previous_proposed,condition,Cond1,74,12.010256468791885,3.46558169270209,2.5369693877934743,-0.6223621791453866,0.03280407846055578,3.2804078460555783,1.259200453094692,0.25920045309469214,False
temporal,retrospective,previous_proposed,condition,Cond2,67,72.55933176401346,8.518176551587404,7.72189061214834,-4.1203424739061285,0.0868793467976406,8.68793467976406,1.8838015560962373,0.8838015560962373,False
temporal,retrospective,previous_proposed,condition,Cond3,25,33.769369069413486,5.811141804276805,4.898282985268508,-2.0595495995243827,0.032606178468478846,3.2606178468478846,1.7008324939098127,0.700832493909813,False
temporal,retrospective,raw_guarded,all,all,166,29.64326833404958,5.444563190380802,4.343633650153421,0.9558644984761745,0.046653961251951204,4.66539612519512,1.5006654481116506,0.5006654481116505,False
temporal,retrospective,raw_guarded,STAGE,A,99,17.474493829010495,4.180250450512564,3.1265509138467067,0.9840451919218206,0.03155051435780243,3.155051435780243,1.3954632665772557,0.39546326657725545,False
temporal,retrospective,raw_guarded,STAGE,B,67,47.62399484149539,6.901014044435454,6.142009633651402,-2.3607140203148296,0.06897099472240982,6.897099472240982,1.6561134476923234,0.6561134476923236,False
temporal,retrospective,raw_guarded,condition,Cond1,74,8.633117046807069,2.938216643953789,2.25110426805242,-0.16617348024741818,0.029362038375617246,2.9362038375617248,1.2391877720899052,0.2391877720899052,False
temporal,retrospective,raw_guarded,condition,Cond2,67,47.62399484149539,6.901014044435454,6.142009633651402,-2.3607140203148296,0.06897099472240982,6.897099472240982,1.6561134476923234,0.6561134476923236,False
temporal,retrospective,raw_guarded,condition,Cond3,25,43.64496910433263,6.606433917351526,5.7178729853977925,-2.954292052952892,0.03802840326507059,3.8028403265070594,1.8580387302598123,0.858038730259812,False
temporal,retrospective,raw_unprotected,all,all,166,33.04844591357928,5.748777775630162,4.48593278560602,0.9507945710121505,0.049234399044878495,4.923439904487849,1.5153312681864968,0.5153312681864968,False
temporal,retrospective,raw_unprotected,STAGE,A,99,12.82087903860029,3.580625509404787,2.7343021106824006,0.9882941007358492,0.028709362798260276,2.8709362798260276,1.3236522847445653,0.3236522847445655,False
temporal,retrospective,raw_unprotected,STAGE,B,67,62.9369402512348,7.933280547871404,7.074163185866294,-3.4413127920496818,0.07956243767794127,7.956243767794128,1.7985584228245743,0.7985584228245743,False
temporal,retrospective,raw_unprotected,condition,Cond1,74,7.912209168120725,2.812864939544863,2.198344619815458,-0.06879223946644575,0.028683722725358716,2.8683722725358716,1.23051515868212,0.2305151586821199,False
temporal,retrospective,raw_unprotected,condition,Cond2,67,62.9369402512348,7.933280547871404,7.074163185866294,-3.4413127920496818,0.07956243767794127,7.956243767794128,1.7985584228245743,0.7985584228245743,False
temporal,retrospective,raw_unprotected,condition,Cond3,25,27.3505418552198,5.229774551089157,4.320736283648549,-1.4779953456609243,0.028785257414048887,2.878525741404889,1.5993381778894045,0.5993381778894046,False
temporal,retrospective,selected,all,all,166,30.21455123635806,5.496776440456539,4.423397517921775,0.9550139223142872,0.047882496705781374,4.788249670578137,1.5095766458450541,0.509576645845054,False
temporal,retrospective,selected,STAGE,A,99,18.445499029943104,4.294822351383478,3.2613366967481894,0.9831586310992075,0.033626246484359586,3.3626246484359585,1.4104482407414494,0.41044824074144914,False
temporal,retrospective,selected,STAGE,B,67,47.604643302553306,6.899611822599392,6.140472462640956,-2.359348427435572,0.06894770225683744,6.894770225683744,1.656049960848888,0.656049960848888,False
temporal,retrospective,selected,condition,Cond1,74,10.6828723251604,3.2684663567429295,2.4919245474266747,-0.443057279418992,0.03254064247686084,3.2540642476860837,1.2713623828752993,0.2713623828752997,False
temporal,retrospective,selected,condition,Cond2,67,47.604643302553306,6.899611822599392,6.140472462640956,-2.359348427435572,0.06894770225683744,6.894770225683744,1.656049960848888,0.656049960848888,False
temporal,retrospective,selected,condition,Cond3,25,41.422874076099895,6.436060446896058,5.5387966587398765,-2.752967297972723,0.03683963434655586,3.6839634346555865,1.8221423800252519,0.8221423800252518,False
test,completed,gap_guarded,all,all,424,9.027151491036218,3.0045218406655354,2.25505677936076,0.9896697273752265,0.026864239368735585,2.6864239368735587,1.2432793234996458,0.2432793234996458,False
test,completed,gap_guarded,STAGE,A,238,9.147956547770486,3.0245589013557805,2.261659718795057,0.9934362904563087,0.02597817450358867,2.597817450358867,1.2457131774014623,0.24571317740146223,False
test,completed,gap_guarded,STAGE,B,186,8.872572977580548,2.9786864517066154,2.24660785685881,0.878071970790304,0.02799802129295582,2.799802129295582,1.2401650373242032,0.24016503732420325,False
test,completed,gap_guarded,condition,Cond1,165,8.27802001911764,2.8771548479561613,2.098697023887916,0.7991925329544592,0.029862097781547345,2.9862097781547345,1.2345852984845633,0.23458529848456325,False
test,completed,gap_guarded,condition,Cond2,186,8.872572977580548,2.9786864517066154,2.24660785685881,0.878071970790304,0.02799802129295582,2.799802129295582,1.2401650373242032,0.24016503732420325,False
test,completed,gap_guarded,condition,Cond3,73,11.114251441300887,3.3338043495833536,2.630000056598869,0.23039570018436417,0.017199443806832762,1.7199443806832762,1.2708652324876037,0.27086523248760375,False
test,completed,phase_guarded,all,all,424,10.490542582993784,3.238910709327101,2.47555027555659,0.9879950873792547,0.02964795976774786,2.964795976774786,1.2721226900637457,0.27212269006374573,False
test,completed,phase_guarded,STAGE,A,238,9.175037960300697,3.029032512255472,2.2823704804652545,0.9934168593926659,0.0262577178959425,2.62577178959425,1.2491241645053328,0.2491241645053327,False
test,completed,phase_guarded,STAGE,B,186,12.173822691601066,3.489100556246705,2.72273732518959,0.8327057762741609,0.03398601119511171,3.398601119511171,1.3015509109395642,0.3015509109395645,False
test,completed,phase_guarded,condition,Cond1,165,8.352187444267066,2.89001512872633,2.123492127719634,0.7973933862083593,0.03022810755717626,3.022810755717626,1.2387556156708257,0.23875561567082537,False
test,completed,phase_guarded,condition,Cond2,186,12.173822691601066,3.489100556246705,2.72273732518959,0.8327057762741609,0.03398601119511171,3.398601119511171,1.3015509109395642,0.3015509109395645,False
test,completed,phase_guarded,condition,Cond3,73,11.034905565034244,3.3218828343326985,2.6414790859861754,0.23588999081382833,0.017283549483564826,1.7283549483564826,1.27255992556963,0.27255992556963016,False
test,completed,previous_control,all,all,424,9.345806829946223,3.057091236771684,2.297855125378788,0.9893050723090577,0.027199724554657016,2.7199724554657014,1.2480974438627055,0.24809744386270532,False
test,completed,previous_control,STAGE,A,238,9.369132555085013,3.060903878772578,2.307711425333934,0.9932775954447545,0.0262738366851107,2.62738366851107,1.25078869116947,0.2507886911694698,False
test,completed,previous_control,STAGE,B,186,9.315959934338524,3.052205749017999,2.285243300705,0.8719788906937651,0.028384462796334574,2.8384462796334575,1.2446538048357703,0.2446538048357702,False
test,completed,previous_control,condition,Cond1,165,8.106321544686564,2.8471602597476955,2.0961625361592495,0.8033575791450293,0.029837583181025903,2.9837583181025904,1.2340961408646822,0.2340961408646824,False
test,completed,previous_control,condition,Cond2,186,9.315959934338524,3.052205749017999,2.285243300705,0.8719788906937651,0.028384462796334574,2.8384462796334575,1.2446538048357703,0.2446538048357702,False
test,completed,previous_control,condition,Cond3,73,12.223431414204793,3.4962024275211516,2.785869873468495,0.15359073667201073,0.018218793235439356,1.8218793235439357,1.2885184281597428,0.2885184281597427,False
test,completed,previous_proposed,all,all,424,9.272973705301716,3.0451557768530852,2.27029494164499,0.989388419313308,0.026989795548275877,2.6989795548275874,1.2449263198905332,0.24492631989053296,False
test,completed,previous_proposed,STAGE,A,238,9.826583359014991,3.134738164347222,2.3098748346514926,0.9929493719566077,0.026499095111960955,2.6499095111960953,1.2526272486744927,0.2526272486744925,False
test,completed,previous_proposed,STAGE,B,186,8.564591460227739,2.9265323268721533,2.219649702206561,0.8823042920728368,0.027617681052807874,2.7617681052807876,1.2350724432744988,0.23507244327449858,False
test,completed,previous_proposed,condition,Cond1,165,9.149065912021564,3.024742288529977,2.142724018158924,0.7780627798214024,0.030450124893572336,3.0450124893572337,1.2420630933939245,0.24206309339392457,False
test,completed,previous_proposed,condition,Cond2,186,8.564591460227739,2.9265323268721533,2.219649702206561,0.8823042920728368,0.027617681052807874,2.7617681052807876,1.2350724432744988,0.23507244327449858,False
test,completed,previous_proposed,condition,Cond3,73,11.357958410438494,3.3701570305311432,2.6876814746689424,0.21352025586551726,0.017568685331606482,1.7568685331606482,1.276505133897694,0.2765051338976941,False
test,completed,raw_guarded,all,all,424,8.983580526294938,2.9972621717652492,2.2441176067078077,0.9897195880588263,0.02672877817901231,2.672877817901231,1.2425150224218693,0.2425150224218692,False
test,completed,raw_guarded,STAGE,A,238,9.185062971538779,3.0306868811440713,2.2597161327398863,0.9934096663915191,0.025951408695744412,2.595140869574441,1.246260094033671,0.24626009403367075,False
test,completed,raw_guarded,STAGE,B,186,8.725769655499061,2.953941376449279,2.224158202430203,0.880089360761405,0.0277234767651293,2.77234767651293,1.2377229415422522,0.23772294154225224,False
test,completed,raw_guarded,condition,Cond1,165,8.33154322431069,2.8864412733174896,2.095893548244699,0.7978941718441752,0.02982349013144472,2.982349013144472,1.2353741842934458,0.23537418429344584,False
test,completed,raw_guarded,condition,Cond2,186,8.725769655499061,2.953941376449279,2.224158202430203,0.880089360761405,0.0277234767651293,2.77234767651293,1.2377229415422522,0.23772294154225224,False
test,completed,raw_guarded,condition,Cond3,73,11.11425144130089,3.333804349583354,2.630000056598869,0.23039570018436395,0.017199443806832766,1.7199443806832766,1.270865232487604,0.27086523248760375,False
test,completed,raw_unprotected,all,all,424,8.976766993746285,2.996125330113259,2.234761848289816,0.9897273851639082,0.026491352465643454,2.649135246564345,1.2405679412176345,0.2405679412176345,False
test,completed,raw_unprotected,STAGE,A,238,9.03349204644085,3.0055768242453644,2.2561825388150796,0.9935184193706589,0.025775323677830246,2.5775323677830246,1.2439245381333006,0.24392453813330076,False
test,completed,raw_unprotected,STAGE,B,186,8.904183324169363,2.9839878223895893,2.2073525776177054,0.8776375773768096,0.02740756134467325,2.740756134467325,1.2362729408631798,0.23627294086317982,False
test,completed,raw_unprotected,condition,Cond1,165,8.106229938885626,2.8471441724797897,2.073268214745617,0.8033598013103309,0.029459284400657294,2.9459284400657295,1.2309688547905717,0.23096885479057153,False
test,completed,raw_unprotected,condition,Cond2,186,8.904183324169363,2.9839878223895893,2.2073525776177054,0.8776375773768096,0.02740756134467325,2.740756134467325,1.2362729408631798,0.23627294086317982,False
test,completed,raw_unprotected,condition,Cond3,73,11.129358453928688,3.3360693119191467,2.6696190247255083,0.2293496178694977,0.01744856313993351,1.7448563139933508,1.2732079319901544,0.27320793199015436,False
test,completed,selected,all,all,424,8.949090955954565,2.991503126515927,2.247184924222912,0.9897590563966161,0.026758282840966027,2.675828284096603,1.2424998017532898,0.24249980175328972,False
test,completed,selected,STAGE,A,238,9.12361936723492,3.020532960792668,2.26518059755671,0.9934537525182799,0.026003971622922454,2.6003971622922455,1.2462329782207395,0.2462329782207392,False
test,completed,selected,STAGE,B,186,8.725769655499061,2.953941376449279,2.224158202430203,0.880089360761405,0.0277234767651293,2.77234767651293,1.2377229415422522,0.23772294154225224,False
test,completed,selected,condition,Cond1,165,8.27802001911764,2.8771548479561613,2.098697023887916,0.7991925329544592,0.029862097781547345,2.9862097781547345,1.2345852984845633,0.23458529848456325,False
test,completed,selected,condition,Cond2,186,8.725769655499061,2.953941376449279,2.224158202430203,0.880089360761405,0.0277234767651293,2.77234767651293,1.2377229415422522,0.23772294154225224,False
test,completed,selected,condition,Cond3,73,11.034905565034244,3.3218828343326985,2.6414790859861754,0.23588999081382833,0.017283549483564826,1.7283549483564826,1.27255992556963,0.27255992556963016,False
test,retrospective,gap_guarded,all,all,424,7.297972627524647,2.7014760090596117,1.9850521920686048,0.9916485231332027,0.02349199559268142,2.349199559268142,1.2095792366201894,0.20957923662018924,False
test,retrospective,gap_guarded,STAGE,A,238,7.4599640490786046,2.731293475457847,1.9829022185386442,0.9946474344331615,0.02258465699289522,2.258465699289522,1.2105052979894537,0.2105052979894539,False
test,retrospective,gap_guarded,STAGE,B,186,7.0906932816652795,2.6628355716538863,1.9878032334671565,0.9025587887810607,0.02465299874724656,2.4652998747246557,1.2083942763734958,0.2083942763734959,False
test,retrospective,gap_guarded,condition,Cond1,165,6.343134093929281,2.5185579393631747,1.7980587099078995,0.8461288221591037,0.025651956598834267,2.5651956598834267,1.1968173183122528,0.19681731831225308,False
test,retrospective,gap_guarded,condition,Cond2,186,7.0906932816652795,2.6628355716538863,1.9878032334671565,0.9025587887810607,0.02465299874724656,2.4652998747246557,1.2083942763734958,0.2083942763734959,False
test,retrospective,gap_guarded,condition,Cond3,73,9.984305728525706,3.1597952035734385,2.4006991901012853,0.30863858354027984,0.015651719527416556,1.5651719527416557,1.241443882191346,0.24144388219134608,False
test,retrospective,paper_v2,all,all,424,7.074313480095856,2.6597581619568076,1.9502175322661375,0.9919044687623703,0.0229582696479979,2.2958269647997898,1.204633287759891,0.20463328775989112,False
test,retrospective,paper_v2,STAGE,A,238,7.297786452322131,2.7014415507876772,1.9886745999716209,0.9947637977580248,0.022602637484776488,2.260263748477649,1.2115744723262265,0.21157447232622648,False
test,retrospective,paper_v2,STAGE,B,186,6.788364193053634,2.6054489427071172,1.9010090262774015,0.9067134336670849,0.023413325856851113,2.3413325856851115,1.1957515569707093,0.19575155697070923,False
test,retrospective,paper_v2,condition,Cond1,165,6.2085207303567245,2.49169033596808,1.800511436868552,0.8493942610571805,0.025630635663655806,2.5630635663655807,1.196889186769733,0.19688918676973305,False
test,retrospective,paper_v2,condition,Cond2,186,6.788364193053634,2.6054489427071172,1.9010090262774015,0.9067134336670849,0.023413325856851113,2.3413325856851115,1.1957515569707093,0.19575155697070923,False
test,retrospective,paper_v2,condition,Cond3,73,9.759825412928874,3.1240719282578744,2.4139749001360906,0.3241826817658524,0.01575853201196706,1.5758532011967061,1.2447672410498072,0.24476724104980752,False
test,retrospective,phase_guarded,all,all,424,8.62085566742268,2.9361293683049254,2.1790803767359717,0.9901346743331237,0.025829983700531755,2.5829983700531756,1.2343767303289417,0.23437673032894177,False
test,retrospective,phase_guarded,STAGE,A,238,7.828667049092273,2.79797552689302,2.05596842132568,0.9943828879863851,0.023373370320577364,2.3373370320577362,1.220288368162354,0.220288368162354,False
test,retrospective,phase_guarded,STAGE,B,186,9.634516372598146,3.103951734901518,2.3366107282824737,0.8676012474997108,0.028973392218968032,2.8973392218968033,1.2524037743915648,0.2524037743915648,False
test,retrospective,phase_guarded,condition,Cond1,165,6.745515232815641,2.5972129740965872,1.860536830597129,0.8363678965875221,0.026500613676439768,2.6500613676439766,1.2051948081367878,0.20519480813678764,False
test,retrospective,phase_guarded,condition,Cond2,186,9.634516372598146,3.103951734901518,2.3366107282824737,0.8676012474997108,0.028973392218968032,2.8973392218968033,1.2524037743915648,0.2524037743915648,False
test,retrospective,phase_guarded,condition,Cond3,73,10.276886907799728,3.2057583982264988,2.4976973592737757,0.2883788535167471,0.01630494355732671,1.6304943557326712,1.2544039490420587,0.2544039490420587,False
test,retrospective,previous_control,all,all,424,7.727472077593047,2.7798331024709104,2.0196736856034097,0.9911570229721827,0.023786707928738906,2.3786707928738906,1.2152488158627817,0.21524881586278174,False
test,retrospective,previous_control,STAGE,A,238,7.514658913697296,2.7412878202949242,2.014110229881782,0.994608190564543,0.02290029749348696,2.290029749348696,1.2147128638476794,0.2147128638476794,False
test,retrospective,previous_control,STAGE,B,186,7.9997813948359955,2.828388480183724,2.0267925160429106,0.8900659840110184,0.024920932034061292,2.4920932034061294,1.215934603925117,0.21593460392511699,False
test,retrospective,previous_control,condition,Cond1,165,6.460742619471198,2.541799091091032,1.8347413016594067,0.8432758850965584,0.0260468653105022,2.60468653105022,1.201704732654765,0.20170473265476516,False
test,retrospective,previous_control,condition,Cond2,186,7.9997813948359955,2.828388480183724,2.0267925160429106,0.8900659840110184,0.024920932034061292,2.4920932034061294,1.215934603925117,0.21593460392511699,False
test,retrospective,previous_control,condition,Cond3,73,9.896798482838479,3.1459177488991155,2.419533149836467,0.31469800669635983,0.015788192153657978,1.5788192153657978,1.2441148042152252,0.24411480421522536,False
test,retrospective,previous_proposed,all,all,424,7.827875288254085,2.7978340351518503,2.0631392724545927,0.9910421259817465,0.024543570642398885,2.4543570642398884,1.2174299731532852,0.2174299731532851,False
test,retrospective,previous_proposed,STAGE,A,238,8.145249266540672,2.853988308760334,2.126531110810669,0.994155738490082,0.024518764125659565,2.4518764125659565,1.2263589723600643,0.22635897236006425,False
test,retrospective,previous_proposed,STAGE,B,186,7.421773100984156,2.7242931378587283,1.9820249846656346,0.8980090476876197,0.024575312314355648,2.457531231435565,1.2060046945983742,0.20600469459837406,False
test,retrospective,previous_proposed,condition,Cond1,165,7.276826257671883,2.697559314949698,1.9927422460526487,0.823479401407714,0.02835657690621963,2.835657690621963,1.2174936572779964,0.21749365727799636,False
test,retrospective,previous_proposed,condition,Cond2,186,7.421773100984156,2.7242931378587283,1.9820249846656346,0.8980090476876197,0.024575312314355648,2.457531231435565,1.2060046945983742,0.20600469459837406,False
test,retrospective,previous_proposed,condition,Cond3,73,10.108123190696148,3.1793274745920947,2.4289305996472903,0.300064866112534,0.015844255786037497,1.5844255786037498,1.2463970132989848,0.2463970132989848,False
test,retrospective,raw_guarded,all,all,424,7.257486922209385,2.693972331374134,1.9821786771464274,0.9916948531824689,0.023452897776128613,2.3452897776128614,1.2090211362241974,0.20902113622419755,False
test,retrospective,raw_guarded,STAGE,A,238,7.407540118487329,2.7216796502320637,1.9814970473726559,0.9946850488940242,0.022566737276049992,2.256673727604999,1.2099445645212086,0.20994456452120852,False
test,retrospective,raw_guarded,STAGE,B,186,7.06548336998277,2.658097697599313,1.9830508700827596,0.902905226601946,0.02458680207192814,2.4586802071928138,1.2078395451774846,0.20783954517748462,False
test,retrospective,raw_guarded,condition,Cond1,165,6.267516545561251,2.5035008579110274,1.7960318569533207,0.8479631458641576,0.02562610876483932,2.562610876483932,1.1960085027641172,0.19600850276411713,False
test,retrospective,raw_guarded,condition,Cond2,186,7.06548336998277,2.658097697599313,1.9830508700827596,0.902905226601946,0.02458680207192814,2.4586802071928138,1.2078395451774846,0.20783954517748462,False
test,retrospective,raw_guarded,condition,Cond3,73,9.984305728525726,3.1597952035734416,2.400699190101289,0.3086385835402785,0.01565171952741658,1.565171952741658,1.2414438821913465,0.24144388219134652,False
test,retrospective,raw_unprotected,all,all,424,7.697117712996105,2.7743679844238587,1.999313164315723,0.9911917591635437,0.023734844033086736,2.3734844033086735,1.2126656818399897,0.21266568183998966,False
test,retrospective,raw_unprotected,STAGE,A,238,8.239492100778191,2.8704515499792347,2.0761723823304736,0.9940881187339891,0.023913609081519162,2.391360908151916,1.2230090077833524,0.22300900778335217,False
test,retrospective,raw_unprotected,STAGE,B,186,7.0031117759416075,2.646339316100943,1.90096642298502,0.9037623450003319,0.023506101659286106,2.3506101659286105,1.199430673374827,0.19943067337482698,False
test,retrospective,raw_unprotected,condition,Cond1,165,7.495368068837342,2.7377669858549583,1.9337254363933374,0.818178033756714,0.02757217077105864,2.757217077105864,1.2139840379547144,0.21398403795471432,False
test,retrospective,raw_unprotected,condition,Cond2,186,7.0031117759416075,2.646339316100943,1.90096642298502,0.9037623450003319,0.023506101659286106,2.3506101659286105,1.199430673374827,0.19943067337482698,False
test,retrospective,raw_unprotected,condition,Cond3,73,9.921416282562305,3.149827976661949,2.3981415067089324,0.3129933516757749,0.015644257317491576,1.5644257317491577,1.243407912190547,0.24340791219054728,False
test,retrospective,selected,all,all,424,7.297972627524649,2.701476009059612,1.9850521920686053,0.9916485231332027,0.023491995592681423,2.3491995592681425,1.2095792366201894,0.20957923662018932,False
test,retrospective,selected,STAGE,A,238,7.459964049078609,2.7312934754578477,1.9829022185386451,0.9946474344331615,0.022584656992895226,2.2584656992895225,1.2105052979894542,0.21050529798945397,False
test,retrospective,selected,STAGE,B,186,7.0906932816652795,2.6628355716538863,1.9878032334671565,0.9025587887810607,0.02465299874724656,2.4652998747246557,1.2083942763734958,0.2083942763734959,False
test,retrospective,selected,condition,Cond1,165,6.343134093929281,2.5185579393631747,1.7980587099078995,0.8461288221591037,0.025651956598834267,2.5651956598834267,1.1968173183122528,0.19681731831225308,False
test,retrospective,selected,condition,Cond2,186,7.0906932816652795,2.6628355716538863,1.9878032334671565,0.9025587887810607,0.02465299874724656,2.4652998747246557,1.2083942763734958,0.2083942763734959,False
test,retrospective,selected,condition,Cond3,73,9.984305728525726,3.1597952035734416,2.400699190101289,0.3086385835402785,0.01565171952741658,1.565171952741658,1.2414438821913465,0.24144388219134652,False
validation,completed,gap_guarded,all,all,424,8.565092597078989,2.92661794518502,2.235973847034003,0.989589308677019,0.02786238605249513,2.7862386052495127,1.2411741681807746,0.24117416818077458,False
validation,completed,gap_guarded,STAGE,A,252,8.566007520443865,2.9267742517050856,2.233144737514574,0.9931319132257976,0.02714142737503751,2.7141427375037512,1.2435800753168333,0.24358007531683332,False
validation,completed,gap_guarded,STAGE,B,172,8.563752127963005,2.9263889228814075,2.2401188214461896,0.9050220582154475,0.0289186743473749,2.89186743473749,1.237649234469805,0.23764923446980477,False
validation,completed,gap_guarded,condition,Cond1,185,8.85170898193335,2.9751821762596906,2.2519103898201855,0.8076557434549604,0.03171057376409921,3.1710573764099212,1.2454755685635666,0.24547556856356656,False
validation,completed,gap_guarded,condition,Cond2,172,8.563752127963005,2.9263889228814075,2.2401188214461896,0.9050220582154475,0.0289186743473749,2.89186743473749,1.237649234469805,0.23764923446980477,False
validation,completed,gap_guarded,condition,Cond3,67,7.7771303506594665,2.7887506791858367,2.1813291304020646,0.5295568123005692,0.01452512764404626,1.4525127644046258,1.238346250680331,0.23834625068033102,False
validation,completed,phase_guarded,all,all,424,10.031536949957639,3.167260164551949,2.423789785950949,0.9878068761665574,0.03022677706607007,3.022677706607007,1.2663643398572453,0.2663643398572455,False
validation,completed,phase_guarded,STAGE,A,252,8.501579645686455,2.9157468418376884,2.2357403934813243,0.993183570457414,0.027211316913791146,2.7211316913791146,1.2431905532858225,0.2431905532858226,False
validation,completed,phase_guarded,STAGE,B,172,12.273102302727045,3.50329877440207,2.6993040121273766,0.8638827959279647,0.03464477682406012,3.464477682406012,1.3003166318107255,0.3003166318107255,False
validation,completed,phase_guarded,condition,Cond1,185,8.755786078075838,2.959017755620239,2.261547585937353,0.8097401115318789,0.03184508838029633,3.184508838029633,1.2452852564438395,0.2452852564438394,False
validation,completed,phase_guarded,condition,Cond2,172,12.273102302727045,3.50329877440207,2.6993040121273766,0.8638827959279647,0.03464477682406012,3.464477682406012,1.3003166318107255,0.3003166318107255,False
validation,completed,phase_guarded,condition,Cond3,67,7.799666362223242,2.7927882773714234,2.164481727744528,0.5281935957103786,0.0144165748047843,1.44165748047843,1.2374066714315972,0.2374066714315971,False
validation,completed,previous_control,all,all,424,8.995549971273991,2.9992582368435685,2.289269101755219,0.9890660967210884,0.028613877927027756,2.8613877927027755,1.2488311713653089,0.24883117136530875,False
validation,completed,previous_control,STAGE,A,252,8.915883224142222,2.9859476258203563,2.2798109326708067,0.9928513885254107,0.027803996499480788,2.7803996499480785,1.249479283813476,0.24947928381347614,False
validation,completed,previous_control,STAGE,B,172,9.112271019397282,3.0186538422610303,2.3031264192509853,0.8989386038417203,0.029800448390643088,2.9800448390643086,1.2478816112668307,0.24788161126683092,False
validation,completed,previous_control,condition,Cond1,185,9.289976403827387,3.0479462599966207,2.309561524503343,0.7981323597101745,0.03258188708431088,3.258188708431088,1.2534751445727406,0.25347514457274056,False
validation,completed,previous_control,condition,Cond2,172,9.112271019397282,3.0186538422610303,2.3031264192509853,0.8989386038417203,0.029800448390643088,2.9800448390643086,1.2478816112668307,0.24788161126683092,False
validation,completed,previous_control,condition,Cond3,67,7.882939369787657,2.8076572742747032,2.1976637761182807,0.5231563625200412,0.01461131354136782,1.4611313541367819,1.23844593694088,0.2384459369408801,False
validation,completed,previous_proposed,all,all,424,8.762743038459913,2.9601930745240104,2.2586782755687724,0.9893490686899149,0.028035937641726023,2.8035937641726023,1.2441338354772775,0.24413383547727757,False
validation,completed,previous_proposed,STAGE,A,252,8.598126660064235,2.9322562405192754,2.2495682494106846,0.9931061606173043,0.027186449881009947,2.7186449881009946,1.2443415702012373,0.244341570201237,False
validation,completed,previous_proposed,STAGE,B,172,9.003925174248932,3.0006541243950346,2.2720255231957376,0.9001402342975455,0.02928053598882167,2.928053598882167,1.2438294799514766,0.2438294799514766,False
validation,completed,previous_proposed,condition,Cond1,185,8.813498601146991,2.9687537117698044,2.2448573022240166,0.8084860404405092,0.03158208536240452,3.1582085362404517,1.243682540085923,0.24368254008592274,False
validation,completed,previous_proposed,condition,Cond2,172,9.003925174248932,3.0006541243950346,2.2720255231957376,0.9001402342975455,0.02928053598882167,2.928053598882167,1.2438294799514766,0.2438294799514766,False
validation,completed,previous_proposed,condition,Cond3,67,8.003442942149162,2.8290356912116117,2.2625760886574557,0.5158670305743438,0.015049247432383154,1.5049247432383153,1.2461612802211344,0.2461612802211345,False
validation,completed,raw_guarded,all,all,424,8.527361561921428,2.920164646372089,2.2347687091030544,0.9896351699629152,0.027826822166589753,2.7826822166589755,1.2408564765763022,0.24085647657630188,False
validation,completed,raw_guarded,STAGE,A,252,8.550375963146045,2.924102591077482,2.2361566572492313,0.9931444463565101,0.027180336961194464,2.7180336961194462,1.2435879613764378,0.24358796137643768,False
validation,completed,raw_guarded,STAGE,B,172,8.493642788034201,2.9143854906367825,2.2327352036795864,0.9057996193483262,0.028773998165192164,2.8773998165192163,1.2368545337295913,0.2368545337295913,False
validation,completed,raw_guarded,condition,Cond1,185,8.83041626604659,2.9716016331343256,2.2560131129182053,0.8081184260415007,0.0317635749301076,3.1763574930107596,1.2454863106555683,0.24548631065556825,False
validation,completed,raw_guarded,condition,Cond2,172,8.493642788034201,2.9143854906367825,2.2327352036795864,0.9057996193483262,0.028773998165192164,2.8773998165192163,1.2368545337295913,0.2368545337295913,False
validation,completed,raw_guarded,condition,Cond3,67,7.7771303506594665,2.7887506791858367,2.1813291304020637,0.5295568123005692,0.014525127644046253,1.4525127644046252,1.2383462506803309,0.23834625068033097,False
validation,completed,raw_unprotected,all,all,424,8.936409224321785,2.989382749719712,2.2852571721069106,0.989137981064912,0.028517334460339973,2.851733446033997,1.2479190273593765,0.24791902735937665,False
validation,completed,raw_unprotected,STAGE,A,252,8.866265494904193,2.977627494315599,2.2653006294418536,0.9928911712210401,0.0275881367678352,2.7588136767835203,1.2479153212491536,0.24791532124915358,False
validation,completed,raw_unprotected,STAGE,B,172,9.039177944166163,3.0065225667149353,2.3144958276394365,0.8997492566654384,0.02987871712610278,2.987871712610278,1.2479244572417967,0.24792445724179646,False
validation,completed,raw_unprotected,condition,Cond1,185,9.25978356604826,3.0429892484279764,2.28824276080105,0.7987884385473193,0.03227523722217145,3.2275237222171453,1.2515871347940486,0.25158713479404876,False
validation,completed,raw_unprotected,condition,Cond2,172,9.039177944166163,3.0065225667149353,2.3144958276394365,0.8997492566654384,0.02987871712610278,2.987871712610278,1.2479244572417967,0.24792445724179646,False
validation,completed,raw_unprotected,condition,Cond3,67,7.77968574622282,2.789208802908599,2.201952953300788,0.5294022349204235,0.014646142976011235,1.4646142976011234,1.2377767316102644,0.23777673161026408,False
validation,completed,selected,all,all,424,8.540213130821956,2.9223643049459036,2.230316398369119,0.9896195491490918,0.027786543261065926,2.778654326106593,1.2407033183294023,0.24070331832940217,False
validation,completed,selected,STAGE,A,252,8.571999237804075,2.927797677061049,2.2286654677603877,0.9931271091633849,0.027112566104281352,2.7112566104281353,1.2433302665483208,0.24333026654832077,False
validation,completed,selected,STAGE,B,172,8.493642788034201,2.9143854906367825,2.2327352036795864,0.9057996193483262,0.028773998165192164,2.8773998165192163,1.2368545337295913,0.2368545337295913,False
validation,completed,selected,condition,Cond1,185,8.85170898193335,2.9751821762596906,2.2519103898201855,0.8076557434549604,0.03171057376409921,3.1710573764099212,1.2454755685635666,0.24547556856356656,False
validation,completed,selected,condition,Cond2,172,8.493642788034201,2.9143854906367825,2.2327352036795864,0.9057996193483262,0.028773998165192164,2.8773998165192163,1.2368545337295913,0.2368545337295913,False
validation,completed,selected,condition,Cond3,67,7.799666362223242,2.7927882773714234,2.164481727744528,0.5281935957103786,0.0144165748047843,1.44165748047843,1.2374066714315972,0.2374066714315971,False
validation,retrospective,gap_guarded,all,all,424,7.293952380601345,2.7007318231548547,2.0735359309762993,0.9911343530851191,0.025566248329260733,2.5566248329260732,1.2207039509638107,0.22070395096381074,False
validation,retrospective,gap_guarded,STAGE,A,252,6.843896315347312,2.6160841567784687,2.0050037508940837,0.9945126742353113,0.023929175058255904,2.3929175058255905,1.2124355970746437,0.2124355970746436,False
validation,retrospective,gap_guarded,STAGE,B,172,7.953336848299114,2.8201661029625744,2.1739435436548935,0.911791986399965,0.02796475102863991,2.796475102863991,1.2328180508479394,0.23281805084793933,False
validation,retrospective,gap_guarded,condition,Cond1,185,6.644187119454238,2.5776320760446474,1.9593816573403438,0.8556243506823442,0.02746378208444101,2.746378208444101,1.205771272166748,0.20577127216674784,False
validation,retrospective,gap_guarded,condition,Cond2,172,7.953336848299114,2.8201661029625744,2.1739435436548935,0.911791986399965,0.02796475102863991,2.796475102863991,1.2328180508479394,0.23281805084793933,False
validation,retrospective,gap_guarded,condition,Cond3,67,7.39533215475356,2.7194359993854533,2.1309752032439637,0.5526520096601757,0.014169439239685073,1.4169439239685073,1.230837091223311,0.23083709122331103,False
validation,retrospective,paper_v2,all,all,424,6.827695951448246,2.6129860220537435,1.971862517291606,0.9917010780453284,0.02430217492685634,2.430217492685634,1.2115377677037766,0.21153776770377675,False
validation,retrospective,paper_v2,STAGE,A,252,6.4735964394393966,2.544326323300413,1.917925590095917,0.9948095747078058,0.022910392367989797,2.2910392367989796,1.2054209917405976,0.20542099174059758,False
validation,retrospective,paper_v2,STAGE,B,172,7.346492910903072,2.7104414605194984,2.0508863873690117,0.9185223059254578,0.026341298210777096,2.6341298210777095,1.2204995557428535,0.2204995557428532,False
validation,retrospective,paper_v2,condition,Cond1,185,6.388002931111961,2.52744988696353,1.879017001587632,0.8611911352824551,0.026325329097877492,2.6325329097877495,1.1998706709225868,0.19987067092258673,False
validation,retrospective,paper_v2,condition,Cond2,172,7.346492910903072,2.7104414605194984,2.0508863873690117,0.9185223059254578,0.026341298210777096,2.6341298210777095,1.2204995557428535,0.2204995557428532,False
validation,retrospective,paper_v2,condition,Cond3,67,6.7099367236270915,2.5903545555825156,2.0253597523949125,0.5941119822870227,0.013481089457105857,1.3481089457105857,1.2207465044470454,0.22074650444704538,False
validation,retrospective,phase_guarded,all,all,424,8.722551443360443,2.953396594323296,2.2438741640144437,0.9893979207350757,0.027706708057864897,2.7706708057864895,1.2452824365562303,0.2452824365562304,False
validation,retrospective,phase_guarded,STAGE,A,252,7.280716517142748,2.698280288840051,2.038095671862002,0.9941624388376076,0.024375542457028353,2.4375542457028354,1.2177819981230409,0.21778199812304097,False
validation,retrospective,phase_guarded,STAGE,B,172,10.835007265493344,3.2916572217491518,2.545363582749417,0.8798322658199109,0.03258725300792774,3.258725300792774,1.285573776586252,0.28557377658625216,False
validation,retrospective,phase_guarded,condition,Cond1,185,7.189520264746118,2.6813280785361044,2.0108402369281757,0.8437744696464197,0.028111359802094733,2.8111359802094733,1.2128555055577954,0.21285550555779556,False
validation,retrospective,phase_guarded,condition,Cond2,172,10.835007265493344,3.2916572217491518,2.545363582749417,0.8798322658199109,0.03258725300792774,3.258725300792774,1.285573776586252,0.28557377658625216,False
validation,retrospective,phase_guarded,condition,Cond3,67,7.532527064805085,2.7445449649814604,2.1133532160822672,0.5443530088834556,0.014060225907218189,1.406022590721819,1.2313849999823003,0.23138499998230075,False
validation,retrospective,previous_control,all,all,424,7.611467318975251,2.758888783364645,2.0756278081928756,0.9907484203031461,0.025592052341376532,2.559205234137653,1.2254749399601768,0.22547493996017678,False
validation,retrospective,previous_control,STAGE,A,252,6.788457077889087,2.6054667677575716,1.966327108375219,0.9945571245224083,0.023536636642731375,2.3536636642731374,1.2115555077113305,0.21155550771133036,False
validation,retrospective,previous_control,STAGE,B,172,8.817273021031722,2.9693893347002716,2.235766042809442,0.9022103359395979,0.028603475341717116,2.8603475341717117,1.2458685267433705,0.24586852674337034,False
validation,retrospective,previous_control,condition,Cond1,185,6.715026431395578,2.5913368039287326,1.9227778704960536,0.8540850394807074,0.027035140305691204,2.7035140305691203,1.2058998101829277,0.20589981018292777,False
validation,retrospective,previous_control,condition,Cond2,172,8.817273021031722,2.9693893347002716,2.235766042809442,0.9022103359395979,0.028603475341717116,2.8603475341717117,1.2458685267433705,0.24586852674337034,False
validation,retrospective,previous_control,condition,Cond3,67,6.9912133405950465,2.6440902671041786,2.0865750040117206,0.5770973943419335,0.013876589215155707,1.3876589215155708,1.2271719859613972,0.22717198596139734,False
validation,retrospective,previous_proposed,all,all,424,7.978812212560368,2.82467913444348,2.11619772807872,0.9903019202504214,0.025995792307501327,2.5995792307501326,1.2298270802722946,0.22982708027229456,False
validation,retrospective,previous_proposed,STAGE,A,252,7.374738739883231,2.7156470204876095,2.0242977245850784,0.9940870533347412,0.024350364063146956,2.4350364063146954,1.2184823417059603,0.21848234170596012,False
validation,retrospective,previous_proposed,STAGE,B,172,8.863850091133845,2.9772218746902026,2.250841919243823,0.9016937639759828,0.02840653601434609,2.840653601434609,1.2464484414276218,0.24644844142762184,False
validation,retrospective,previous_proposed,condition,Cond1,185,7.500001124138535,2.7386129927645007,1.9912645332994297,0.8370278391151642,0.028076862021008484,2.8076862021008484,1.2146364009840527,0.21463640098405287,False
validation,retrospective,previous_proposed,condition,Cond2,172,8.863850091133845,2.9772218746902026,2.250841919243823,0.9016937639759828,0.02840653601434609,2.840653601434609,1.2464484414276218,0.24644844142762184,False
validation,retrospective,previous_proposed,condition,Cond3,67,7.0288649923126165,2.651200669944208,2.1155087751499293,0.5748198237911635,0.014060780149648705,1.4060780149648706,1.2291017302664504,0.22910173026645037,False
validation,retrospective,raw_guarded,all,all,424,7.3422705298841455,2.709662438364629,2.074828782953136,0.9910756233829262,0.025593608352584223,2.5593608352584223,1.2213636367412701,0.22136363674127013,False
validation,retrospective,raw_guarded,STAGE,A,252,6.888594249100689,2.6246131618013138,2.0060845243367895,0.9944768361524106,0.02395065902481248,2.395065902481248,1.2130060398673344,0.21300603986733435,False
validation,retrospective,raw_guarded,STAGE,B,172,8.006959034287814,2.829657052416037,2.1755471153445285,0.9111972792221888,0.02800072015838933,2.800072015838933,1.233608487975176,0.23360848797517605,False
validation,retrospective,raw_guarded,condition,Cond1,185,6.705072953539914,2.5894155621568187,1.960853846029867,0.854301324754217,0.02749304673077755,2.749304673077755,1.2065483077546293,0.20654830775462923,False
validation,retrospective,raw_guarded,condition,Cond2,172,8.006959034287814,2.829657052416037,2.1755471153445285,0.9111972792221888,0.02800072015838933,2.800072015838933,1.233608487975176,0.23360848797517605,False
validation,retrospective,raw_guarded,condition,Cond3,67,7.395332154753572,2.7194359993854555,2.1309752032439633,0.552652009660175,0.014169439239685071,1.416943923968507,1.230837091223311,0.23083709122331106,False
validation,retrospective,raw_unprotected,all,all,424,7.771663356344782,2.7877703198694084,2.124029356847915,0.9905537053625526,0.026183591526718137,2.6183591526718137,1.2297580767663578,0.22975807676635793,False
validation,retrospective,raw_unprotected,STAGE,A,252,7.150037948802992,2.6739554874385982,2.045919394258886,0.9942672148075964,0.024581071585112545,2.4581071585112544,1.2186698902052477,0.21866989020524796,False
validation,retrospective,raw_unprotected,STAGE,B,172,8.682416860417637,2.9465941119227193,2.2384695345946315,0.9037059841532202,0.028531469580698413,2.8531469580698414,1.2460035594024028,0.24600355940240282,False
validation,retrospective,raw_unprotected,condition,Cond1,185,7.298066145489435,2.7014933176836537,2.0331254789543816,0.8414158091012963,0.02847234180833409,2.847234180833409,1.2169297580631355,0.2169297580631355,False
validation,retrospective,raw_unprotected,condition,Cond2,172,8.682416860417637,2.9465941119227193,2.2384695345946315,0.9037059841532202,0.028531469580698413,2.8531469580698414,1.2460035594024028,0.24600355940240282,False
validation,retrospective,raw_unprotected,condition,Cond3,67,6.741303375862811,2.596402005827066,2.0812458768160997,0.5922145950503563,0.013836519476217243,1.3836519476217244,1.2234747326872004,0.2234747326872002,False
validation,retrospective,selected,all,all,424,7.293952380601348,2.700731823154855,2.0735359309762993,0.9911343530851191,0.025566248329260733,2.5566248329260732,1.2207039509638107,0.22070395096381074,False
validation,retrospective,selected,STAGE,A,252,6.8438963153473145,2.616084156778469,2.0050037508940837,0.9945126742353113,0.0239291750582559,2.39291750582559,1.2124355970746439,0.2124355970746436,False
validation,retrospective,selected,STAGE,B,172,7.953336848299114,2.8201661029625744,2.1739435436548935,0.911791986399965,0.02796475102863991,2.796475102863991,1.2328180508479394,0.23281805084793933,False
validation,retrospective,selected,condition,Cond1,185,6.644187119454238,2.5776320760446474,1.9593816573403438,0.8556243506823442,0.02746378208444101,2.746378208444101,1.205771272166748,0.20577127216674784,False
validation,retrospective,selected,condition,Cond2,172,7.953336848299114,2.8201661029625744,2.1739435436548935,0.911791986399965,0.02796475102863991,2.796475102863991,1.2328180508479394,0.23281805084793933,False
validation,retrospective,selected,condition,Cond3,67,7.395332154753572,2.7194359993854555,2.1309752032439633,0.552652009660175,0.014169439239685071,1.416943923968507,1.230837091223311,0.23083709122331106,False
