sample_id,WAFER_ID,STAGE,split,group_id,source_files,chamber_route,outer_fold
00289eb3ee0e7914fdc2,4175773554,B,train,CMP-training-072.csv,CMP-training-079.csv,4-5-6,4
0044f341f2ed7a7e2879,-4017511492,B,train,CMP-training-072.csv,CMP-training-072.csv,4-5-6,4
005be3f7ea5942661e21,1292253518,B,train,CMP-training-134.csv,CMP-training-158.csv,4-5-6,0
00eee764fdb0d06f18d7,1286253650,B,train,CMP-training-134.csv,CMP-training-152.csv,4-5-6,0
014746cf9bda1cedc2ba,-4019511616,B,train,CMP-training-072.csv,CMP-training-074.csv,4-5-6,4
0163f0fd20a1ef5705a4,3011014212,B,train,CMP-training-099.csv,CMP-training-099.csv,4-5-6,2
01b7380184cf03c0bb58,3021014290,B,train,CMP-training-087.csv,CMP-training-095.csv,4-5-6,3
01cd0ec5cb81133b593a,3011014208,B,train,CMP-training-099.csv,CMP-training-099.csv,4-5-6,2
025b74b54e01e57dc2bb,43494178,B,train,CMP-training-172.csv,CMP-training-179.csv,4-5-6,4
026071fc4e76d9c91c7e,37494386,B,train,CMP-training-172.csv,CMP-training-174.csv,4-5-6,4
028d82052136b5b18507,2667292676,B,train,CMP-training-137.csv,CMP-training-144.csv,4-5-6,2
0420a570f80294a53cb8,1471738972,B,train,CMP-training-072.csv,CMP-training-073.csv,4-5-6,4
04afdd1c439211c8389d,-4230160416,B,train,CMP-training-014.csv,CMP-training-016.csv,4-5-6,3
0503fa7532d16231373b,-4043511796,B,train,CMP-training-101.csv,CMP-training-104.csv,4-5-6,1
05092525d7c56ae0b8ab,1324253862,B,train,CMP-training-137.csv,CMP-training-141.csv,4-5-6,2
0513b8d1d574543d7756,1318253580,B,train,CMP-training-137.csv,CMP-training-139.csv,4-5-6,2
05e352c7aee30e0a91c1,4229773632,B,train,CMP-training-053.csv,CMP-training-055.csv,4-5-6,1
05e91efcdd396502efce,4169773374,B,train,CMP-training-072.csv,CMP-training-072.csv,4-5-6,4
076e4f66aa13145fed64,-1690100608,B,train,CMP-training-134.csv,CMP-training-163.csv,4-5-6,0
078377d96c941cb42c23,1322253592,B,train,CMP-training-137.csv,CMP-training-142.csv,4-5-6,2
07895596b128a1cf0a17,1324253858,B,train,CMP-training-137.csv,CMP-training-141.csv,4-5-6,2
07f829e49f3308e6a223,-4019511766,B,train,CMP-training-072.csv,CMP-training-073.csv,4-5-6,4
08bde4d49afce0041d4d,1308253542,B,train,CMP-training-145.csv,CMP-training-147.csv,4-5-6,2
098457ac915fdac0698d,1324253772,B,train,CMP-training-137.csv,CMP-training-143.csv,4-5-6,2
0a2c26346b639a082c05,-4222160578,B,train,CMP-training-014.csv,CMP-training-017.csv,4-5-6,3
0a3371b2f2911c0f1d13,3029014286,B,train,CMP-training-101.csv,CMP-training-107.csv,4-5-6,1
0ac91e18581eb68c3b6e,3021014306,B,train,CMP-training-087.csv,CMP-training-095.csv,4-5-6,3
0afebc737ab594f1c7b5,2663292922,B,train,CMP-training-101.csv,CMP-training-103.csv,4-5-6,1
0b75c7c84f6e9d9a304a,2939014292,B,train,CMP-training-087.csv,CMP-training-094.csv,4-6,3
0c1bfc8a83d5f95171f8,1276253692,B,train,CMP-training-171.csv,CMP-training-171.csv,4-5-6,1
0d1331cbc24b3d76d48c,1477739010,B,train,CMP-training-087.csv,CMP-training-090.csv,4-5-6,3
0d912928e6272614a0c1,-4230160436,B,train,CMP-training-014.csv,CMP-training-015.csv,4-5-6,3
0da647c8d6f4bd982136,-4045511868,B,train,CMP-training-101.csv,CMP-training-104.csv,4-5-6,1
0ddb92a656a580960ff7,1326253624,B,train,CMP-training-137.csv,CMP-training-143.csv,4-5-6,2
0e9036b3ff0c9055aa30,-4021511536,B,train,CMP-training-071.csv,CMP-training-071.csv,4-5-6,3
0f850735ed3b5bba8afa,1294253606,B,train,CMP-training-134.csv,CMP-training-159.csv,4-5-6,0
10e76beac988bc515e7c,3017014288,B,train,CMP-training-087.csv,CMP-training-098.csv,4-5-6,3
11b03262e0ce339a2f9c,3621681190,B,train,CMP-training-167.csv,CMP-training-167.csv,4-5-6,2
11f30c2bc548fa0d4998,3033014286,B,train,CMP-training-101.csv,CMP-training-106.csv,4-5-6,1
121a2470ccf72c444a1f,1300253518,B,train,CMP-training-134.csv,CMP-training-163.csv,4-5-6,0
1252bc43010f2e1806a7,3625681348,B,train,CMP-training-134.csv,CMP-training-160.csv,4-5-6,0
12b597cb0c726a3151e4,-4037511872,B,train,CMP-training-101.csv,CMP-training-111.csv,4-5-6,1
132c1b81271bab7101a3,3027014536,B,train,CMP-training-101.csv,CMP-training-106.csv,4-5-6,1
140fdf8f0a72735e6a9e,-2045929442,B,train,CMP-training-087.csv,CMP-training-094.csv,4-5-6,3
148cc533345063ad8969,2669292930,B,train,CMP-training-172.csv,CMP-training-172.csv,4-5-6,4
1514938f41dfe7fec825,-4027511750,B,train,CMP-training-049.csv,CMP-training-049.csv,4-5-6,0
1553a3a5391275d7109d,4171773604,B,train,CMP-training-072.csv,CMP-training-073.csv,4-5-6,4
167866d90097edd8fc00,-2137929706,B,train,CMP-training-053.csv,CMP-training-054.csv,4-5-6,1
16f26f32a5d7b9b539a2,3033014318,B,train,CMP-training-101.csv,CMP-training-106.csv,4-5-6,1
184127e4e5651dda328e,4189773480,B,train,CMP-training-072.csv,CMP-training-079.csv,4-5-6,4
186e18e542d83a07c02c,3033014282,B,train,CMP-training-101.csv,CMP-training-107.csv,4-5-6,1
1874d1b13981c7f9feb1,1292253510,B,train,CMP-training-134.csv,CMP-training-158.csv,4-5-6,0
18773e79b3440d864afb,2667292866,B,train,CMP-training-137.csv,CMP-training-142.csv,4-5-6,2
18c814cfb1f440d688f4,43494150,B,train,CMP-training-172.csv,CMP-training-179.csv,4-5-6,4
1947351cf641e50cfd08,3029014464,B,train,CMP-training-101.csv,CMP-training-107.csv,4-5-6,1
1c16072ec062d40d8c56,1310253788,B,train,CMP-training-134.csv,CMP-training-160.csv,4-5-6,0
1c3fed56ec689cd57c10,4171773596,B,train,CMP-training-072.csv,CMP-training-079.csv,4-5-6,4
1c6e4907a950418bc00c,4171773592,B,train,CMP-training-072.csv,CMP-training-073.csv,4-5-6,4
1cc84c2531253c75b30f,2939014300,B,train,CMP-training-087.csv,CMP-training-094.csv,4-5-6,3
1cda59e55f763233455e,3838719142,B,train,CMP-training-014.csv,CMP-training-016.csv,4-5-6,3
1d5589f63a63df3c5bc6,1304253558,B,train,CMP-training-145.csv,CMP-training-146.csv,4-5-6,2
1d8510a7bfaba96c4afc,1322253588,B,train,CMP-training-137.csv,CMP-training-141.csv,4-5-6,2
1db3dbf17108dc540eec,-1718100544,B,train,CMP-training-101.csv,CMP-training-112.csv,4-5-6,1
1dca7527b4e57c0f235c,4229773730,B,train,CMP-training-053.csv,CMP-training-055.csv,4-5-6,1
1e2c3ea7007af687e32c,1477739026,B,train,CMP-training-087.csv,CMP-training-089.csv,4-5-6,3
1e504d568421566a9d23,2989014438,B,train,CMP-training-115.csv,CMP-training-115.csv,4-5-6,2
1e695550f4e025f3eb4f,2655292716,B,train,CMP-training-172.csv,CMP-training-179.csv,4-5-6,4
1f1fdf0663be8a35c472,3021014322,B,train,CMP-training-087.csv,CMP-training-094.csv,4-5-6,3
20613d7aca4cdedd96ba,4179773628,B,train,CMP-training-072.csv,CMP-training-075.csv,4-5-6,4
21117a366efd44d968f6,4177773370,B,train,CMP-training-072.csv,CMP-training-077.csv,4-5-6,4
21875bdd674560402390,2669292970,B,train,CMP-training-167.csv,CMP-training-167.csv,4-5-6,2
22189d6a8ad3d0ba715b,1286253724,B,train,CMP-training-134.csv,CMP-training-153.csv,4-5-6,0
222edc660ee4209ca385,-2141929510,B,train,CMP-training-047.csv,CMP-training-048.csv,4-5-6,1
223bd25a1986bddd3baa,1451738976,B,train,CMP-training-137.csv,CMP-training-142.csv,4-5-6,2
224ba936b0adcd0d0089,1477739240,B,train,CMP-training-087.csv,CMP-training-090.csv,4-5-6,3
229b0f025b780a5c74bd,2917014230,B,train,CMP-training-087.csv,CMP-training-091.csv,4-5-6,3
22a4b8985d7779eb27d1,4229773722,B,train,CMP-training-058.csv,CMP-training-060.csv,4-5-6,1
22a7e66b953a4a37b7ff,2917014262,B,train,CMP-training-087.csv,CMP-training-091.csv,4-5-6,3
22f89a616e569223c39e,-2141929522,B,train,CMP-training-047.csv,CMP-training-048.csv,4-5-6,1
231fa13466e8969f19db,39494162,B,train,CMP-training-172.csv,CMP-training-176.csv,4-5-6,4
23c437e468750a7cb1f8,1302253772,B,train,CMP-training-145.csv,CMP-training-146.csv,4-5-6,2
2529d5d4a0dbf3e80daf,2655292700,B,train,CMP-training-172.csv,CMP-training-180.csv,4-5-6,4
253cddb18ef60ff680ab,-4043511808,B,train,CMP-training-101.csv,CMP-training-105.csv,4-5-6,1
2611d5a613d3f7ba6826,1492254370,B,train,CMP-training-137.csv,CMP-training-137.csv,4-5-6,2
26343912e7f2fac4c0bd,1304253506,B,train,CMP-training-145.csv,CMP-training-146.csv,4-5-6,2
2656d3add865fd1c3323,2669292962,B,train,CMP-training-166.csv,CMP-training-166.csv,4-5-6,1
26c63f3c5839c506aaf9,-4045511816,B,train,CMP-training-101.csv,CMP-training-104.csv,4-5-6,1
2752a6a639957b0175db,3623681142,B,train,CMP-training-166.csv,CMP-training-166.csv,4-5-6,1
27daee9bdd773d7df726,3627681146,B,train,CMP-training-134.csv,CMP-training-157.csv,4-5-6,0
28441326f94ba0a5b14f,-4039511578,B,train,CMP-training-171.csv,CMP-training-171.csv,4-5-6,1
2858bdf489e7089d434d,1462254328,B,train,CMP-training-137.csv,CMP-training-139.csv,4-5-6,2
28b351aaa3c696b0d7d9,-4220160604,B,train,CMP-training-014.csv,CMP-training-017.csv,4-5-6,3
2a2939c71a2c18a9260d,-4045511832,B,train,CMP-training-101.csv,CMP-training-104.csv,4-5-6,1
2a3756ecf573ca5fb122,37494400,B,train,CMP-training-172.csv,CMP-training-174.csv,4-5-6,4
2cb7373298abc6fa4dc6,-2143929718,B,train,CMP-training-047.csv,CMP-training-048.csv,4-5-6,1
2cc94b2b7728541f8861,37494428,B,train,CMP-training-172.csv,CMP-training-174.csv,4-5-6,4
2d56497f1c2ec3edd991,1296253538,B,train,CMP-training-134.csv,CMP-training-159.csv,4-5-6,0
2d66d854edf651b287ea,3031014528,B,train,CMP-training-101.csv,CMP-training-105.csv,4-5-6,1
2d9caeef18825482c0b3,-4220160682,B,train,CMP-training-014.csv,CMP-training-016.csv,4-5-6,3
2dc2915674aa13a91648,1326253770,B,train,CMP-training-137.csv,CMP-training-142.csv,4-5-6,2
2eab6eb436c3e259dd8d,41494456,B,train,CMP-training-172.csv,CMP-training-180.csv,4-5-6,4
2ec6700e2224a3e08867,-4045511820,B,train,CMP-training-101.csv,CMP-training-103.csv,4-5-6,1
2ed601f8363344287667,4227773662,B,train,CMP-training-058.csv,CMP-training-060.csv,4-5-6,1
2fdd70803e22d44657ed,4215773456,B,train,CMP-training-051.csv,CMP-training-051.csv,4-5-6,2
30036149fa0b55fefc28,2989014454,B,train,CMP-training-115.csv,CMP-training-115.csv,4-5-6,2
30490a7ec04bad6f5ad3,3625681202,B,train,CMP-training-134.csv,CMP-training-158.csv,4-5-6,0
31016af190891e229488,-2139929764,B,train,CMP-training-067.csv,CMP-training-067.csv,4-5-6,3
31a27cc61f0ac68b284a,1475739246,B,train,CMP-training-087.csv,CMP-training-091.csv,4-5-6,3
31c68c2da2f809e1093b,3021014278,B,train,CMP-training-087.csv,CMP-training-096.csv,4-5-6,3
32a81843125fe49a9351,4179773604,B,train,CMP-training-072.csv,CMP-training-079.csv,4-5-6,4
331d90f1bd532665407b,-2141929716,B,train,CMP-training-045.csv,CMP-training-045.csv,4-5-6,2
347d606da7347bd8c1ae,1326253774,B,train,CMP-training-137.csv,CMP-training-143.csv,4-5-6,2
34f310178e075d99205a,3015014244,B,train,CMP-training-087.csv,CMP-training-096.csv,4-5-6,3
35552005e2e5bb9437a8,3035014478,B,train,CMP-training-101.csv,CMP-training-104.csv,4-5-6,1
35eb30a15ace25f87b3f,3623681184,B,train,CMP-training-134.csv,CMP-training-161.csv,4-5-6,0
3607962da81ca103a891,3033014326,B,train,CMP-training-101.csv,CMP-training-105.csv,4-5-6,1
36b0fadc86654ba50842,1300253522,B,train,CMP-training-134.csv,CMP-training-164.csv,4-5-6,0
3726147fdb3581d7a621,-899170124,B,train,CMP-training-014.csv,CMP-training-016.csv,4-5-6,3
3759837a0075061df68a,3621681344,B,train,CMP-training-134.csv,CMP-training-164.csv,4-5-6,0
37a0692e686e1528d545,2667292672,B,train,CMP-training-134.csv,CMP-training-159.csv;CMP-training-160.csv,4-5-6,0
3841eeb50e1c679c03fa,-4222160432,B,train,CMP-training-014.csv,CMP-training-017.csv,4-5-6,3
39aa390ac4260261ad21,3031014568,B,train,CMP-training-101.csv,CMP-training-104.csv;CMP-training-105.csv,4-5-6,1
39b4183241e2880cca1c,1300253506,B,train,CMP-training-134.csv,CMP-training-163.csv,4-5-6,0
3af4fea4fd4d16a1c8d0,-1716100432,B,train,CMP-training-072.csv,CMP-training-075.csv,4-5-6,4
3b711f24fac27afc42d7,1318253616,B,train,CMP-training-137.csv,CMP-training-142.csv,4-5-6,2
3b9799fb6f7d990eb3a0,3027014556,B,train,CMP-training-101.csv,CMP-training-106.csv,4-5-6,1
3bd1069c1c829a2ca0da,4189773476,B,train,CMP-training-072.csv,CMP-training-079.csv,4-5-6,4
3cb9401b01865f958ecf,-4017511586,B,train,CMP-training-072.csv,CMP-training-072.csv,4-5-6,4
3d9dc3b8032cead14c80,43494170,B,train,CMP-training-172.csv,CMP-training-180.csv,4-5-6,4
3dad972df935afe3e6a3,1292253550,B,train,CMP-training-134.csv,CMP-training-158.csv,4-5-6,0
3e8cd90ff912a0de928a,1276253442,B,train,CMP-training-172.csv,CMP-training-172.csv,4-5-6,4
3e98716b0d5d53f8b96e,3846719080,B,train,CMP-training-058.csv,CMP-training-060.csv,4-5-6,1
3f027319c845be8081b3,1294253614,B,train,CMP-training-134.csv,CMP-training-159.csv,4-5-6,0
3f03001701f4dae6e3fe,3031014564,B,train,CMP-training-101.csv,CMP-training-107.csv,4-5-6,1
3f053a969d997439815a,3013014486,B,train,CMP-training-087.csv,CMP-training-100.csv,4-5-6,3
3f5bfa850d18f20d4fb2,4175773558,B,train,CMP-training-072.csv,CMP-training-079.csv,4-5-6,4
3fbac532c45b9fbe0efa,4179773608,B,train,CMP-training-072.csv,CMP-training-076.csv;CMP-training-077.csv,4-5-6,4
4071d38d9469e642c058,4189773378,B,train,CMP-training-072.csv,CMP-training-079.csv,4-5-6,4
4124575b045ec2a0f695,1310253590,B,train,CMP-training-134.csv,CMP-training-154.csv,4-5-6,0
4181984f5129bb85acc8,2709292838,B,train,CMP-training-087.csv,CMP-training-095.csv,4-5-6,3
41f9196246973f9d4299,-3780722722,B,train,CMP-training-172.csv,CMP-training-172.csv,4-5-6,4
4219fb79ba1ee16c1c01,3621681186,B,train,CMP-training-166.csv,CMP-training-166.csv,4-5-6,1
42c6318158bf05f3bc60,43494158,B,train,CMP-training-172.csv,CMP-training-180.csv,4-5-6,4
44aabafc8229235e609c,37494370,B,train,CMP-training-172.csv,CMP-training-176.csv,4-5-6,4
460ef578c3fc411d7122,1322253620,B,train,CMP-training-137.csv,CMP-training-141.csv;CMP-training-142.csv,4-5-6,2
46168fb53356caf30cb9,2667292870,B,train,CMP-training-137.csv,CMP-training-143.csv,4-5-6,2
465d4c727adcab8e31eb,2663292700,B,train,CMP-training-101.csv,CMP-training-104.csv,4-5-6,1
469fe532a3eb0c1295ef,4171773572,B,train,CMP-training-072.csv,CMP-training-073.csv,4-5-6,4
475314340343ca883cb9,-4035511780,B,train,CMP-training-101.csv,CMP-training-113.csv,4-5-6,1
47a86e77d08d8d666237,3033014306,B,train,CMP-training-101.csv,CMP-training-105.csv,4-5-6,1
481536a8677e2cee6651,3015014208,B,train,CMP-training-087.csv,CMP-training-098.csv,4-5-6,3
486d154cdc4b42e2fe92,1314253794,B,train,CMP-training-134.csv,CMP-training-163.csv,4-5-6,0
48b24502c35a34a9d270,3625681356,B,train,CMP-training-134.csv,CMP-training-162.csv,4-5-6,0
49501a1730dbfb7a5b50,3011014264,B,train,CMP-training-099.csv,CMP-training-099.csv,4-5-6,2
4c73534d684a3116a73c,3621681360,B,train,CMP-training-171.csv,CMP-training-171.csv,4-5-6,1
4dade8e79f2ea291720c,1490254080,B,train,CMP-training-137.csv,CMP-training-139.csv,4-5-6,2
4e65ba4a8d05c996da91,1328253768,B,train,CMP-training-137.csv,CMP-training-142.csv,4-5-6,2
50a2668b82a7cde4d0a6,1314253592,B,train,CMP-training-134.csv,CMP-training-152.csv,4-5-6,0
515f1018b9ad1771055b,3623681106,B,train,CMP-training-134.csv,CMP-training-163.csv,4-5-6,0
52c1daa786a22df7c179,3035014482,B,train,CMP-training-101.csv,CMP-training-103.csv,4-5-6,1
53b35b947fc65cfb0b47,1276253684,B,train,CMP-training-169.csv,CMP-training-169.csv,4-5-6,0
54533ac338be7d35ddf3,-4035511582,B,train,CMP-training-118.csv,CMP-training-118.csv,4-5-6,1
547f843cc7abfc16a90f,3623681204,B,train,CMP-training-134.csv,CMP-training-162.csv,4-5-6,0
55f9f8d9c9c022bfebe4,2703293068,B,train,CMP-training-014.csv,CMP-training-015.csv,4-5-6,3
56c227384c84739d4d59,1486254306,B,train,CMP-training-134.csv,CMP-training-134.csv,4-5-6,0
577ed4c0d1b92e193b14,1314253588,B,train,CMP-training-134.csv,CMP-training-152.csv,4-5-6,0
57aa3e4509af876c48b5,2913014238,B,train,CMP-training-087.csv,CMP-training-094.csv,4-5-6,3
58571e66aaaa10636710,2663292728,B,train,CMP-training-101.csv,CMP-training-110.csv,4-5-6,1
58ffb03108305a9609fa,-4039511574,B,train,CMP-training-134.csv,CMP-training-157.csv,4-5-6,0
599487cc2ca6f8f86413,2983014200,B,train,CMP-training-101.csv,CMP-training-116.csv,4-5-6,1
5c20268fdb686e60e15a,3023014518,B,train,CMP-training-101.csv,CMP-training-107.csv,4-5-6,1
5c626aa0121919e98c2a,2665292946,B,train,CMP-training-115.csv,CMP-training-115.csv,4-5-6,2
5c6db2df849803923098,1292253542,B,train,CMP-training-134.csv,CMP-training-158.csv,4-5-6,0
5c871ee84ce9e11a614a,-2579249780,B,train,CMP-training-018.csv,CMP-training-018.csv,4-5-6,3
5d197a42dd6d96de3cc2,1292253506,B,train,CMP-training-134.csv,CMP-training-158.csv,4-5-6,0
5e869e08c2aed018bf72,1451738988,B,train,CMP-training-137.csv,CMP-training-142.csv,4-5-6,2
5ea29512d772df31c40c,1272253486,B,train,CMP-training-167.csv,CMP-training-168.csv,4-5-6,2
5ed80e7586cbde7cf1a5,4169773314,B,train,CMP-training-072.csv,CMP-training-074.csv,4-5-6,4
5ee493bc6ce1cd5e991c,1326253608,B,train,CMP-training-137.csv,CMP-training-143.csv,4-5-6,2
5fbcfd19bb7d3e1a25ac,2939014266,B,train,CMP-training-087.csv,CMP-training-094.csv,4-5-6,3
60a208f6741aea739ce5,1286253736,B,train,CMP-training-134.csv,CMP-training-152.csv,4-5-6,0
60b45564bbfba6195bda,4169773544,B,train,CMP-training-072.csv,CMP-training-073.csv,4-5-6,4
60c3f4448743be082754,2911013964,B,train,CMP-training-087.csv,CMP-training-091.csv,4-5-6,3
61b96069cda3fc5d7af1,39494146,B,train,CMP-training-172.csv,CMP-training-177.csv,4-5-6,4
6250e2a91e721eeed9a6,2667292894,B,train,CMP-training-137.csv,CMP-training-143.csv,4-5-6,2
62b0e0cdc41b50cf50ff,2667292720,B,train,CMP-training-137.csv,CMP-training-143.csv,4-5-6,2
62e38bba327a1002cd87,-3287299576,B,train,CMP-training-087.csv,CMP-training-097.csv,4-5-6,3
62fb834dea27588c190a,3021014508,B,train,CMP-training-087.csv,CMP-training-096.csv,4-5-6,3
64c126df8c07338aa957,3623681110,B,train,CMP-training-134.csv,CMP-training-162.csv,4-5-6,0
64e55696aaaf10847115,41494444,B,train,CMP-training-172.csv,CMP-training-181.csv,4-5-6,4
661374271278d0161afd,2655292922,B,train,CMP-training-172.csv,CMP-training-174.csv,4-5-6,4
66aff2bcd479119af1f7,1296253530,B,train,CMP-training-134.csv,CMP-training-159.csv,4-5-6,0
681c1c9c22d0c70fbcd5,2941014050,B,train,CMP-training-087.csv,CMP-training-094.csv,4-5-6,3
68580354e5144ef1dd46,-899170148,B,train,CMP-training-014.csv,CMP-training-014.csv;CMP-training-015.csv,4-5-6,3
6979b8f025ae78e6fa07,1481739062,B,train,CMP-training-087.csv,CMP-training-094.csv,4-5-6,3
699940e90312cc265fe4,1475739284,B,train,CMP-training-087.csv,CMP-training-094.csv,4-5-6,3
69d4050e3444b11756f0,43494392,B,train,CMP-training-172.csv,CMP-training-179.csv,4-5-6,4
69f3a61f65c9cc132300,3033014334,B,train,CMP-training-101.csv,CMP-training-104.csv;CMP-training-105.csv,4-5-6,1
6a24ee08890aaccbab59,2703293060,B,train,CMP-training-014.csv,CMP-training-015.csv,4-5-6,3
6c04bd525b4373e2a9b0,2663292688,B,train,CMP-training-101.csv,CMP-training-103.csv,4-5-6,1
6d7272fdec18658ca6b3,3621681194,B,train,CMP-training-134.csv,CMP-training-164.csv,4-5-6,0
6dcf1d216a685c054c7d,3627681094,B,train,CMP-training-134.csv,CMP-training-157.csv,4-5-6,0
6e9fa8dca971de910b49,3017014490,B,train,CMP-training-087.csv,CMP-training-100.csv,4-5-6,3
6ea75e8be0c5e05fade9,-4019511758,B,train,CMP-training-072.csv,CMP-training-073.csv,4-5-6,4
6ec38443bb3f9efbdea9,3037014334,B,train,CMP-training-101.csv,CMP-training-104.csv,4-5-6,1
6f0a92816c260d2ea1e9,-1714100536,B,train,CMP-training-072.csv,CMP-training-079.csv,4-5-6,4
6f93acfdf2128dc62734,1475739308,B,train,CMP-training-087.csv,CMP-training-094.csv,4-5-6,3
6fb8b0c5da652bc8b8c7,1314253612,B,train,CMP-training-134.csv,CMP-training-153.csv,4-5-6,0
6fd61f57b65db9909f4e,1475739288,B,train,CMP-training-087.csv,CMP-training-093.csv,4-5-6,3
6ffeebeec6872f40e615,3021014314,B,train,CMP-training-087.csv,CMP-training-096.csv,4-5-6,3
706895e70a25b52a0444,-4045511824,B,train,CMP-training-101.csv,CMP-training-104.csv,4-5-6,1
70fa01ac459d75c29619,2655292712,B,train,CMP-training-172.csv,CMP-training-180.csv,4-5-6,4
71c47cdd099130d81726,2913014250,B,train,CMP-training-087.csv,CMP-training-092.csv;CMP-training-093.csv,4-5-6,3
731f8c977b3089045b6f,1318253572,B,train,CMP-training-137.csv,CMP-training-142.csv,4-5-6,2
735ffb7543b67724b0a8,1490254100,B,train,CMP-training-137.csv,CMP-training-139.csv,4-5-6,2
7376584a67fae2bf8c16,2985014396,B,train,CMP-training-118.csv,CMP-training-118.csv,4-5-6,1
73c0ed135fd00f62694b,-4035511574,B,train,CMP-training-118.csv,CMP-training-118.csv,4-5-6,1
749b3a238fe49f369fe6,-1720100542,B,train,CMP-training-087.csv,CMP-training-089.csv,4-5-6,3
7540e22cad3ceb061079,-4216160690,B,train,CMP-training-014.csv,CMP-training-015.csv,4-5-6,3
7580d1a9f9836344443c,1292253530,B,train,CMP-training-134.csv,CMP-training-158.csv,4-5-6,0
75eb3a3862995b23b818,1292253562,B,train,CMP-training-134.csv,CMP-training-158.csv,4-5-6,0
774e1ca42b6fc96b8d76,1464254038,B,train,CMP-training-137.csv,CMP-training-138.csv,4-5-6,2
777ffd5adb682574ea5d,4171773568,B,train,CMP-training-072.csv,CMP-training-073.csv,4-5-6,4
77bcbcf9c247415a6cef,39494376,B,train,CMP-training-172.csv,CMP-training-176.csv,4-5-6,4
77d1121be7058f070273,-2033929418,B,train,CMP-training-072.csv,CMP-training-079.csv,4-5-6,4
77ea41007be7b6b45d11,1482254292,B,train,CMP-training-130.csv,CMP-training-130.csv,4-5-6,0
78f0c2e5cda9415ecec3,3015014228,B,train,CMP-training-087.csv,CMP-training-097.csv,4,3
7936d91f10be14d89df3,4209773402,B,train,CMP-training-029.csv,CMP-training-029.csv,4-5-6,3
7989764f3fb7e87d5498,1302253784,B,train,CMP-training-145.csv,CMP-training-147.csv,4-5-6,2
7a684c9c55a0788225dd,2663292684,B,train,CMP-training-101.csv,CMP-training-110.csv,4-5-6,1
7af7fdb40878f9474300,3023014548,B,train,CMP-training-101.csv,CMP-training-106.csv,4-5-6,1
7bf3c07686d4ffa04fc0,29494140,B,train,CMP-training-172.csv,CMP-training-181.csv,4-5-6,4
7c13d2432c634987725e,-1714100524,B,train,CMP-training-072.csv,CMP-training-079.csv,4-5-6,4
7c49fddb57ce0ec15d3a,1464254054,B,train,CMP-training-137.csv,CMP-training-140.csv,4-5-6,2
7cbe15e73e08d27d2372,4175773624,B,train,CMP-training-072.csv,CMP-training-079.csv,4-5-6,4
7ce6b784155ee595c853,29494128,B,train,CMP-training-172.csv,CMP-training-181.csv,4-5-6,4
7ce8c69a06539826cedc,-4039511784,B,train,CMP-training-134.csv,CMP-training-157.csv,4-5-6,0
7dfdfeb7f36e1e44e92b,-4023511592,B,train,CMP-training-053.csv,CMP-training-055.csv,4-5-6,1
7ecd59b97bf6a9ca99f7,-4222160590,B,train,CMP-training-029.csv,CMP-training-029.csv,4-5-6,3
7f49ac0391e66ff66e06,3027014552,B,train,CMP-training-101.csv,CMP-training-107.csv,4-5-6,1
80f1b955eb93b1dd3566,3021014286,B,train,CMP-training-087.csv,CMP-training-095.csv,4-5-6,3
812c6b527d794408bcdb,2703293072,B,train,CMP-training-014.csv,CMP-training-016.csv,4-5-6,3
8146113cc7cd6c341483,-4045511836,B,train,CMP-training-101.csv,CMP-training-104.csv,4-5-6,1
81816c0a630607bac6d3,-1714100520,B,train,CMP-training-072.csv,CMP-training-078.csv,4-5-6,4
81bbf59aff29dd99a51d,-4222160582,B,train,CMP-training-014.csv,CMP-training-015.csv,4-5-6,3
823849dffd8d91c6458b,1304253554,B,train,CMP-training-145.csv,CMP-training-146.csv,4-5-6,2
825503730c841b9dc967,2669292938,B,train,CMP-training-169.csv,CMP-training-169.csv,4-5-6,0
837014f8d2e37cb3a110,2983014176,B,train,CMP-training-115.csv,CMP-training-115.csv,4-5-6,2
838e584cba38914ec012,1462254316,B,train,CMP-training-137.csv,CMP-training-139.csv,4-5-6,2
83af60abcd9088be2636,43494206,B,train,CMP-training-172.csv,CMP-training-181.csv,4-5-6,4
83c6242d2df88f297292,29494108,B,train,CMP-training-172.csv,CMP-training-180.csv,4-5-6,4
83dc70480d0d5d74be38,1304253562,B,train,CMP-training-145.csv,CMP-training-146.csv,4-5-6,2
84401df588888d7bc7e7,4229773758,B,train,CMP-training-056.csv,CMP-training-056.csv,4-5-6,1
84574d21cf8977b52c68,3037014322,B,train,CMP-training-101.csv,CMP-training-104.csv,4-5-6,1
84778f43d7bec784f7c6,3623681122,B,train,CMP-training-134.csv,CMP-training-161.csv,4-5-6,0
84e651f3f9f793bb9540,1324253760,B,train,CMP-training-137.csv,CMP-training-141.csv,4-5-6,2
8548af404911eb2ffa46,3015014256,B,train,CMP-training-087.csv,CMP-training-096.csv,4-5-6,3
85614a746352d5cd2a3e,-4220160678,B,train,CMP-training-014.csv,CMP-training-016.csv,4-5-6,3
861f156ee6accea60cc5,33494140,B,train,CMP-training-182.csv,CMP-training-184.csv,4-5-6,3
86a9bb5edc4b27ce024f,1288253494,B,train,CMP-training-134.csv,CMP-training-152.csv,4-5-6,0
874cdd888642c9f1abcc,1462254300,B,train,CMP-training-137.csv,CMP-training-142.csv,4-5-6,2
874dbf401fbfe9e05cba,1330253786,B,train,CMP-training-137.csv,CMP-training-143.csv,4-5-6,2
87ec0a059c3493cc9d98,1294253800,B,train,CMP-training-134.csv,CMP-training-160.csv,4-5-6,0
888afe7ee36bd18b0f1b,2667292704,B,train,CMP-training-137.csv,CMP-training-142.csv,4-5-6,2
88d21a3ba36bc8b4514f,-4021511496,B,train,CMP-training-071.csv,CMP-training-071.csv,4-5-6,3
88e8675a59d4e5713eb7,3017014510,B,train,CMP-training-087.csv,CMP-training-100.csv,4-5-6,3
89f3f6adcb64bc94ef7b,-2131929428,B,train,CMP-training-045.csv,CMP-training-045.csv,4-5-6,2
8adcca24d44cbba76de1,1314253604,B,train,CMP-training-134.csv,CMP-training-153.csv,4-5-6,0
8b111f0642b1df7ca768,4179773600,B,train,CMP-training-072.csv,CMP-training-077.csv,4-5-6,4
8be290efa757cc10440a,1330253778,B,train,CMP-training-137.csv,CMP-training-143.csv,4-5-6,2
8ce28604617f8aabe03c,3011014268,B,train,CMP-training-087.csv,CMP-training-100.csv,4-5-6,3
8d2e1d7d7905e48a77f4,1322253596,B,train,CMP-training-137.csv,CMP-training-142.csv,4-5-6,2
8d55a1a10f2a0574f939,1490254140,B,train,CMP-training-137.csv,CMP-training-139.csv,4-5-6,2
8d6bc01f9a16c70de383,1464254026,B,train,CMP-training-137.csv,CMP-training-139.csv,4-5-6,2
8d7a8913b04ebbfa3dfa,-2567249850,B,train,CMP-training-118.csv,CMP-training-118.csv,4-5-6,1
8da0440b12cf38c26e8e,-4023511746,B,train,CMP-training-053.csv,CMP-training-055.csv,4-5-6,1
8e52c26bcfb416bff2f8,-2149929514,B,train,CMP-training-072.csv,CMP-training-075.csv,4-5-6,4
90790fce1d048e5472c9,-4039511554,B,train,CMP-training-134.csv,CMP-training-136.csv,4-5-6,0
90acf4be46a7c5741ee9,1332253870,B,train,CMP-training-137.csv,CMP-training-143.csv,4-5-6,2
913bbd47449825014002,1296253604,B,train,CMP-training-134.csv,CMP-training-158.csv,4-5-6,0
9184cf2256d412945e81,1484254304,B,train,CMP-training-130.csv,CMP-training-130.csv,4-5-6,0
927fc0f9d244a350705c,2665292924,B,train,CMP-training-101.csv,CMP-training-113.csv,4-5-6,1
92a9ba3a3462d74fa765,4169773564,B,train,CMP-training-072.csv,CMP-training-073.csv,4-5-6,4
92c623cbf5e9c180e8c2,-2039929184,B,train,CMP-training-072.csv,CMP-training-074.csv,4-5-6,4
93f643ef03918000025c,3023014514,B,train,CMP-training-101.csv,CMP-training-107.csv,4-5-6,1
953bc9f0e622d1e7df80,3017014494,B,train,CMP-training-087.csv,CMP-training-100.csv,4-5-6,3
9594f3c772005f40709a,1332253850,B,train,CMP-training-137.csv,CMP-training-144.csv,4-5-6,2
95f3b01e549a5cad615b,4179773596,B,train,CMP-training-072.csv,CMP-training-075.csv,4-5-6,4
970a6f390bebb316abca,3023014544,B,train,CMP-training-101.csv,CMP-training-108.csv,4-5-6,1
982b6fc015c386d3c93d,3021014500,B,train,CMP-training-087.csv,CMP-training-094.csv,4-5-6,3
99ae8b780ca33195500f,4169773358,B,train,CMP-training-072.csv,CMP-training-075.csv,4-5-6,4
9a67fb55fe2f2cbe2de3,1304253518,B,train,CMP-training-145.csv,CMP-training-147.csv,4-5-6,2
9a870213ae04a554cff1,3623681094,B,train,CMP-training-134.csv,CMP-training-161.csv,4-5-6,0
9bc569fa98a2d66e87d4,1318253814,B,train,CMP-training-137.csv,CMP-training-141.csv,4-5-6,2
9c2030ee3d15c0cc9319,4177773362,B,train,CMP-training-072.csv,CMP-training-077.csv,4-5-6,4
9ca3aa93b392bca202ef,1270253752,B,train,CMP-training-171.csv,CMP-training-171.csv,4-5-6,1
9d612778fac72ebccef2,-4019511774,B,train,CMP-training-072.csv,CMP-training-074.csv,4-5-6,4
9e679115c465cbbb98f9,-4025511536,B,train,CMP-training-049.csv,CMP-training-049.csv,4-5-6,0
9f01c980fa1958b2f806,3031014576,B,train,CMP-training-101.csv,CMP-training-104.csv,4-5-6,1
9f901e12f57b2b0c8c22,-4045511848,B,train,CMP-training-101.csv,CMP-training-104.csv,4-5-6,1
9ff293ca42a9fac00c5a,-2129929722,B,train,CMP-training-029.csv,CMP-training-029.csv,4-5-6,3
a01794651794e191cc5a,4181773366,B,train,CMP-training-072.csv,CMP-training-075.csv,4-5-6,4
a19f8e591d0fcaf460ca,1332253886,B,train,CMP-training-137.csv,CMP-training-142.csv,4-5-6,2
a1e639c3c21a87ba4a9e,2667292878,B,train,CMP-training-137.csv,CMP-training-142.csv,4-5-6,2
a227c836484067740bbf,4169773338,B,train,CMP-training-072.csv,CMP-training-075.csv,4-5-6,4
a31689b13316de1a985b,-4025511552,B,train,CMP-training-049.csv,CMP-training-049.csv,4-5-6,0
a409009e64a69ad11399,4175773584,B,train,CMP-training-072.csv,CMP-training-079.csv,4-5-6,4
a47109d0499cbbfd1dbc,2917014270,B,train,CMP-training-087.csv,CMP-training-091.csv,4-5-6,3
a49905eef7dd8229f1fe,3025014282,B,train,CMP-training-101.csv,CMP-training-109.csv,4-5-6,1
a515fb8a36b29d7016ce,4177773322,B,train,CMP-training-072.csv,CMP-training-078.csv,4-5-6,4
a535eb6c49e22f76e75e,29494170,B,train,CMP-training-172.csv,CMP-training-181.csv,4-5-6,4
a5e299d9e5dfcafb19a2,41494386,B,train,CMP-training-172.csv,CMP-training-178.csv,4-5-6,4
a5f11799d424f1d5b54e,2655292676,B,train,CMP-training-172.csv,CMP-training-179.csv,4-5-6,4
a5fd1e4cc339eda1fe2d,1270253678,B,train,CMP-training-171.csv,CMP-training-171.csv,4-5-6,1
a650668bad53ca970e9e,4179773506,B,train,CMP-training-072.csv,CMP-training-078.csv,4-5-6,4
a6cffe78de3e02bb1ce0,-1720100480,B,train,CMP-training-101.csv,CMP-training-103.csv,4-5-6,1
a6ea3a5b7e17f4452ed0,4209773406,B,train,CMP-training-029.csv,CMP-training-029.csv,4-5-6,3
a7a01ce18ea621a452b8,1328253764,B,train,CMP-training-137.csv,CMP-training-141.csv,4-5-6,2
a7aa024b03136b75207c,4175773568,B,train,CMP-training-072.csv,CMP-training-079.csv,4-5-6,4
a7f4ab1cfebeb0d1b779,3029014472,B,train,CMP-training-101.csv,CMP-training-105.csv,4-5-6,1
a82b217d71ade5180a5f,39494182,B,train,CMP-training-172.csv,CMP-training-177.csv,4-5-6,4
a8b83ac625d7b0994c82,3011014220,B,train,CMP-training-087.csv,CMP-training-100.csv,4-5-6,3
ac0b0c81d467e908f262,4223773638,B,train,CMP-training-067.csv,CMP-training-067.csv,4-5-6,3
acecdfd90daf157bf752,4171773576,B,train,CMP-training-072.csv,CMP-training-073.csv,4-5-6,4
ad1002f388a918ae688b,-4141512112,B,train,CMP-training-014.csv,CMP-training-017.csv,4-5-6,3
ad3757c58e1757a40875,3623681118,B,train,CMP-training-134.csv,CMP-training-163.csv,4-5-6,0
ad62c398bab074e2b1e3,2917014250,B,train,CMP-training-087.csv,CMP-training-091.csv,4-5-6,3
add74ef8af8ba4be0ffa,1318253628,B,train,CMP-training-137.csv,CMP-training-141.csv,4-5-6,2
af193fd79a005e307209,-4035511562,B,train,CMP-training-101.csv,CMP-training-113.csv,4-5-6,1
af277ea20b09bf976158,1292253600,B,train,CMP-training-134.csv,CMP-training-158.csv,4-5-6,0
af8fdb6b7cc73316503f,2911013972,B,train,CMP-training-087.csv,CMP-training-091.csv,4-5-6,3
b026833f4b1f1776dd36,4177773374,B,train,CMP-training-072.csv,CMP-training-078.csv,4-5-6,4
b0a2625855348c9c9a94,2989014450,B,train,CMP-training-115.csv,CMP-training-115.csv,4-5-6,2
b138af2c252c3f59740c,-4222160606,B,train,CMP-training-014.csv,CMP-training-016.csv,4-5-6,3
b22d678c4539e99ed400,2665292986,B,train,CMP-training-137.csv,CMP-training-143.csv,4-5-6,2
b29013fc42352f7ce947,1300253526,B,train,CMP-training-134.csv,CMP-training-163.csv,4-5-6,0
b2901af056a605c93184,2665292990,B,train,CMP-training-137.csv,CMP-training-142.csv,4-5-6,2
b3c7600fe9562fe38a90,4177773556,B,train,CMP-training-072.csv,CMP-training-077.csv,4-5-6,4
b4157959af56aa9ac6a9,3037014488,B,train,CMP-training-101.csv,CMP-training-103.csv,4-5-6,1
b426a521f8ee659c4136,37494416,B,train,CMP-training-172.csv,CMP-training-176.csv,4-5-6,4
b4d279d0a302676bfbdc,-4023511798,B,train,CMP-training-053.csv,CMP-training-054.csv,4-5-6,1
b59d7181861c3ee9dcc5,3021014298,B,train,CMP-training-087.csv,CMP-training-095.csv,4-5-6,3
b5b2aa67bd8624ac5c2d,39494174,B,train,CMP-training-172.csv,CMP-training-177.csv,4-5-6,4
b65b121d6925df5f5233,3029014282,B,train,CMP-training-101.csv,CMP-training-107.csv,4-5-6,1
b83fd1ebc6cb05ea1ba2,29494154,B,train,CMP-training-182.csv,CMP-training-184.csv,4-5-6,3
b84d284eff85ab45d45b,29494136,B,train,CMP-training-172.csv,CMP-training-181.csv,4-5-6,4
b98acf54ba03d672ee2e,-1714100726,B,train,CMP-training-087.csv,CMP-training-090.csv,4-5-6,3
b9f96528f2aef5b45fee,1286253732,B,train,CMP-training-134.csv,CMP-training-154.csv,4-5-6,0
ba91575922f48e08501f,2709292846,B,train,CMP-training-087.csv,CMP-training-095.csv,4-5-6,3
bb0df09181734b422698,1292253546,B,train,CMP-training-134.csv,CMP-training-155.csv,4-5-6,0
bb263cad2fa0119d77a5,2703293046,B,train,CMP-training-014.csv,CMP-training-015.csv,4-5-6,3
bb814f766b71f619172f,1332253826,B,train,CMP-training-137.csv,CMP-training-143.csv,4-5-6,2
bb87749ca11c8676997b,4171773550,B,train,CMP-training-072.csv,CMP-training-072.csv,4-5-6,4
bc12d024ab88925b79a3,1288253490,B,train,CMP-training-134.csv,CMP-training-152.csv,4-5-6,0
bd39de29bc5acfa17d5d,1464254078,B,train,CMP-training-137.csv,CMP-training-138.csv,4-5-6,2
bdc3b74e17d971dd7fc1,43494198,B,train,CMP-training-172.csv,CMP-training-181.csv,4-5-6,4
be0398524841bd482a1e,2917014064,B,train,CMP-training-087.csv,CMP-training-091.csv,4-5-6,3
be1a6cd030718a795d9a,2663292680,B,train,CMP-training-101.csv,CMP-training-109.csv,4-5-6,1
be1c009f94fc2f719790,1276253680,B,train,CMP-training-169.csv,CMP-training-169.csv,4-5-6,0
becdf9651be28618e8e3,2663292696,B,train,CMP-training-101.csv,CMP-training-104.csv,4-5-6,1
becf7091bf2cfa7a5ec4,41494452,B,train,CMP-training-172.csv,CMP-training-181.csv,4-5-6,4
befa6681e3164acbb8ef,1330253608,B,train,CMP-training-137.csv,CMP-training-143.csv,4-5-6,2
c050a6c620e770513657,4169773540,B,train,CMP-training-072.csv,CMP-training-079.csv,4-5-6,4
c104c86ea600e91c57d8,1475739292,B,train,CMP-training-087.csv,CMP-training-091.csv;CMP-training-092.csv,4-5-6,3
c105463e7c9c436e5eaa,4175773588,B,train,CMP-training-072.csv,CMP-training-079.csv,4-5-6,4
c13cb0ed0c4a4afc371e,3621681202,B,train,CMP-training-167.csv,CMP-training-167.csv,4-5-6,2
c145ab08636103b5a86d,3623681126,B,train,CMP-training-134.csv,CMP-training-163.csv,4-5-6,0
c149af98f8893fcf94dc,1290253654,B,train,CMP-training-134.csv,CMP-training-158.csv,4-5-6,0
c2689d966936e2f28cb0,1300253514,B,train,CMP-training-134.csv,CMP-training-164.csv;CMP-training-165.csv,4-5-6,0
c2a1cb40fea667d45ee3,1330253782,B,train,CMP-training-137.csv,CMP-training-143.csv,4-5-6,2
c2f47b6c3132908e5a24,-2033929414,B,train,CMP-training-072.csv,CMP-training-079.csv,4-5-6,4
c322b8b6d189bae903b5,-1716100476,B,train,CMP-training-072.csv,CMP-training-079.csv,4-5-6,4
c391e5631ef446a4192c,1328253772,B,train,CMP-training-137.csv,CMP-training-141.csv;CMP-training-142.csv,4-5-6,2
c3f7f3e32efd1767bcd0,1290253662,B,train,CMP-training-134.csv,CMP-training-154.csv,4-5-6,0
c4079f7d9a90b61e1614,-2033929438,B,train,CMP-training-072.csv,CMP-training-079.csv,4-5-6,4
c4427fec6c51c99552d1,-899170132,B,train,CMP-training-014.csv,CMP-training-016.csv,4-5-6,3
c483d6782c156b008465,3844719354,B,train,CMP-training-045.csv,CMP-training-045.csv,4-5-6,2
c4a259a72b484c35e21f,37494444,B,train,CMP-training-172.csv,CMP-training-177.csv,4-5-6,4
c4bc2de7cbe95466f059,4227773488,B,train,CMP-training-058.csv,CMP-training-060.csv,4-5-6,1
c4d4be3c8894db3ca4c6,1292253612,B,train,CMP-training-134.csv,CMP-training-153.csv,4-5-6,0
c538d6e68f5c2e9ce02b,3037014480,B,train,CMP-training-101.csv,CMP-training-104.csv,4-5-6,1
c59ddde0eb6a3fdb215a,3017014470,B,train,CMP-training-087.csv,CMP-training-100.csv,4-5-6,3
c665bec6d4dedb4949dc,3027014584,B,train,CMP-training-101.csv,CMP-training-107.csv,4-5-6,1
c715a0b4ae7af068cb3d,3035014548,B,train,CMP-training-101.csv,CMP-training-104.csv,4-5-6,1
c77913dab42e7d89ddb1,1318253802,B,train,CMP-training-137.csv,CMP-training-140.csv,4-5-6,2
c8333b982d903608eca0,29494116,B,train,CMP-training-172.csv,CMP-training-180.csv,4-5-6,4
c853fe5742e3d477840f,1462254138,B,train,CMP-training-137.csv,CMP-training-139.csv,4-5-6,2
c856e3177eba65cc7156,2667292712,B,train,CMP-training-137.csv,CMP-training-143.csv,4-5-6,2
c876e7b629376036a637,37494378,B,train,CMP-training-172.csv,CMP-training-174.csv,4-5-6,4
c888575a871bd015fa50,1462254126,B,train,CMP-training-137.csv,CMP-training-139.csv,4-5-6,2
c8d0eb2d8197750d2791,39494170,B,train,CMP-training-172.csv,CMP-training-177.csv,4-5-6,4
c9573ee2f5ea8e84be7b,2665292934,B,train,CMP-training-115.csv,CMP-training-115.csv,4-5-6,2
c9d7ae1986a7d957978f,4215773500,B,train,CMP-training-051.csv,CMP-training-052.csv,4-5-6,2
c9fbd843b58d5b0ac58e,37494420,B,train,CMP-training-172.csv,CMP-training-176.csv,4-5-6,4
ca58e87316d91528d53b,1286253654,B,train,CMP-training-134.csv,CMP-training-152.csv,4-5-6,0
cb3faea45eb5a7a905fe,3037014464,B,train,CMP-training-101.csv,CMP-training-104.csv,4-5-6,1
cd9069c65e9d0547cb8d,2985014372,B,train,CMP-training-115.csv,CMP-training-115.csv,4-5-6,2
ce5e77b0b38275d9a5d0,2911014050,B,train,CMP-training-087.csv,CMP-training-091.csv,4-5-6,3
cef1541d2a149dd8f062,1318253576,B,train,CMP-training-137.csv,CMP-training-140.csv,4-5-6,2
cf8054ad4e397ee2b106,3031014588,B,train,CMP-training-101.csv,CMP-training-104.csv,4-5-6,1
cfa09bcca98a3fc939a3,3035014494,B,train,CMP-training-101.csv,CMP-training-102.csv,4-5-6,1
cfd347275ff40c458e05,41494398,B,train,CMP-training-172.csv,CMP-training-177.csv,4-5-6,4
d0ab5fb13cba93b6d0bd,1324253866,B,train,CMP-training-137.csv,CMP-training-141.csv,4-5-6,2
d0bf51f9d6a2e2ebce88,1318253822,B,train,CMP-training-137.csv,CMP-training-139.csv,4-5-6,2
d1a09d39b04c662561c7,3623681102,B,train,CMP-training-134.csv,CMP-training-163.csv,4-5-6,0
d1cde0857cd77b7cc2cd,3621681198,B,train,CMP-training-134.csv,CMP-training-164.csv,4-5-6,0
d210392121160a1b6f01,1304253550,B,train,CMP-training-145.csv,CMP-training-146.csv,4-5-6,2
d2e847dae1a8c81ba82a,-1720100468,B,train,CMP-training-101.csv,CMP-training-103.csv,4-5-6,1
d31a8f1f04ad276b4bd9,1475739242,B,train,CMP-training-087.csv,CMP-training-090.csv,4-5-6,3
d3a372c400c8ee905193,4227773500,B,train,CMP-training-059.csv,CMP-training-061.csv,4-5-6,0
d47652d2327635a998ff,1292253608,B,train,CMP-training-134.csv,CMP-training-153.csv,4-5-6,0
d4a9c565f0a055d7ee67,4175773628,B,train,CMP-training-072.csv,CMP-training-079.csv,4-5-6,4
d4f5c7dae132fc849ba7,-4222160428,B,train,CMP-training-014.csv,CMP-training-016.csv,4-5-6,3
d57cab637c16f39bac00,1482254328,B,train,CMP-training-130.csv,CMP-training-130.csv,4-5-6,0
d5c578b6a876bab44f50,29494096,B,train,CMP-training-172.csv,CMP-training-181.csv,4-5-6,4
d6604001e893d50465c9,1290253748,B,train,CMP-training-134.csv,CMP-training-159.csv,4-5-6,0
d7362cca5559460d595e,3037014302,B,train,CMP-training-101.csv,CMP-training-106.csv,4-5-6,1
d740aad30f00509f4e70,1330253612,B,train,CMP-training-137.csv,CMP-training-143.csv,4-5-6,2
d7b29c96ee42964cf957,1272253462,B,train,CMP-training-167.csv,CMP-training-168.csv,4-5-6,2
d7fd0e159706761b22cd,1318253810,B,train,CMP-training-137.csv,CMP-training-139.csv,4-5-6,2
d94a9017ec585d437b83,-2143929764,B,train,CMP-training-051.csv,CMP-training-051.csv,4-5-6,2
da119b0997220e516e38,4229773652,B,train,CMP-training-051.csv,CMP-training-052.csv,4-5-6,2
da6cbc0cc8fb2f1d4fcf,1290253724,B,train,CMP-training-134.csv,CMP-training-158.csv,4-5-6,0
dacfa0b0564820049e19,1304253568,B,train,CMP-training-145.csv,CMP-training-146.csv,4-5-6,2
dc27cf1564433362baeb,1276253672,B,train,CMP-training-171.csv,CMP-training-171.csv,4-5-6,1
dd01f6bcecf2b5f8c921,4181773354,B,train,CMP-training-072.csv,CMP-training-074.csv;CMP-training-075.csv,4-5-6,4
dd673076ab114319d60b,3625681396,B,train,CMP-training-134.csv,CMP-training-159.csv,4-5-6,0
dd8272943ec2aa21642d,3623681134,B,train,CMP-training-134.csv,CMP-training-162.csv,4-5-6,0
dd9d08bbda62f26ddb7c,1304253572,B,train,CMP-training-145.csv,CMP-training-146.csv,4-5-6,2
de259ed48afe0ce9c8ba,4179773616,B,train,CMP-training-072.csv,CMP-training-077.csv,4-5-6,4
df02440332f0633707f1,4171773542,B,train,CMP-training-071.csv,CMP-training-071.csv,4-5-6,3
df98047b395404f88535,-2137929690,B,train,CMP-training-063.csv,CMP-training-063.csv,4-5-6,0
e0015240e4f54175ce77,31494172,B,train,CMP-training-182.csv,CMP-training-182.csv,4-5-6,3
e0f86edd1308ffb68e05,-3780722750,B,train,CMP-training-171.csv,CMP-training-171.csv,4-5-6,1
e1a0fcc49052aeb97a42,3840719298,B,train,CMP-training-014.csv,CMP-training-015.csv,4-5-6,3
e1bb389e545c22e6a350,3021014274,B,train,CMP-training-087.csv,CMP-training-097.csv,4-5-6,3
e1d58c167e96659a5af8,1471739014,B,train,CMP-training-072.csv,CMP-training-074.csv,4-5-6,4
e1f9b37e1b61072eaea5,1296253522,B,train,CMP-training-134.csv,CMP-training-159.csv,4-5-6,0
e2276616b4ec3ca17f72,1292253514,B,train,CMP-training-134.csv,CMP-training-154.csv,4-5-6,0
e2ed572c94573a3a9b3f,4167773596,B,train,CMP-training-072.csv,CMP-training-075.csv,4-5-6,4
e2f9c7b0c706aba9f934,1286253712,B,train,CMP-training-134.csv,CMP-training-153.csv,4-5-6,0
e3111626d2dec47f0526,2655292708,B,train,CMP-training-172.csv,CMP-training-179.csv,4-5-6,4
e312be6a300868461ca6,1292253526,B,train,CMP-training-134.csv,CMP-training-155.csv,4-5-6,0
e3e44935e8d22fa2ab7b,3031014466,B,train,CMP-training-101.csv,CMP-training-105.csv,4-5-6,1
e439b5f970028bc79a26,1318253620,B,train,CMP-training-137.csv,CMP-training-141.csv,4-5-6,2
e5108f96e569df0628dc,1296253550,B,train,CMP-training-134.csv,CMP-training-159.csv,4-5-6,0
e537a6d52d6d38a79649,3623681192,B,train,CMP-training-134.csv,CMP-training-162.csv,4-5-6,0
e53befd14cc461cb0766,2665292900,B,train,CMP-training-101.csv,CMP-training-113.csv,4-5-6,1
e54036210e8cf9aec66b,1276253466,B,train,CMP-training-171.csv,CMP-training-171.csv,4-5-6,1
e5785980221b076655cc,-2045929236,B,train,CMP-training-087.csv,CMP-training-095.csv,4-5-6,3
e5e6d346655ab5ed8999,3033014330,B,train,CMP-training-101.csv,CMP-training-106.csv,4-5-6,1
e683785aed2f544f3912,1270253696,B,train,CMP-training-167.csv,CMP-training-168.csv,4-5-6,2
e6aa46452be5290f2ee7,4229773746,B,train,CMP-training-053.csv,CMP-training-055.csv,4-5-6,1
e723b0615d516d626705,2707293112,B,train,CMP-training-087.csv,CMP-training-095.csv,4-5-6,3
e81b53ce8f9871fa6fee,-3780722726,B,train,CMP-training-171.csv,CMP-training-171.csv,4-5-6,1
e875d34f202aae8c7207,2655292684,B,train,CMP-training-172.csv,CMP-training-177.csv,4-5-6,4
e9e1d21267a96c705e79,-4021511544,B,train,CMP-training-072.csv,CMP-training-074.csv,4-5-6,4
ea21ab8875312c50a43e,-1720100534,B,train,CMP-training-087.csv,CMP-training-090.csv,4-5-6,3
ec01351df04d9063c6e9,1286253744,B,train,CMP-training-134.csv,CMP-training-152.csv,4-5-6,0
ec3da436480713bcbb47,1477739054,B,train,CMP-training-087.csv,CMP-training-090.csv,4-5-6,3
ecd33beacec4f14b5aae,-4023511604,B,train,CMP-training-053.csv,CMP-training-054.csv,4-5-6,1
ecdd438135f75f141d9b,1288253458,B,train,CMP-training-134.csv,CMP-training-152.csv,4-5-6,0
edd393c5efd083f6a532,1296253534,B,train,CMP-training-134.csv,CMP-training-159.csv,4-5-6,0
ef2cb84afc838328033e,4217773702,B,train,CMP-training-044.csv,CMP-training-044.csv,4-5-6,2
efc48f8cbbaabcf554c6,1314253572,B,train,CMP-training-134.csv,CMP-training-163.csv,4-5-6,0
f06ea0af156a76a9fc46,1296253546,B,train,CMP-training-134.csv,CMP-training-158.csv,4-5-6,0
f0e7a965ef05b9e828cd,3021014294,B,train,CMP-training-087.csv,CMP-training-097.csv,4-5-6,3
f350d4e7a2df45ab2248,2709292810,B,train,CMP-training-087.csv,CMP-training-095.csv,4-5-6,3
f3708373f1592353fed9,4227773658,B,train,CMP-training-058.csv,CMP-training-060.csv,4-5-6,1
f3eb594a997b078698b3,2703293076,B,train,CMP-training-014.csv,CMP-training-015.csv,4-5-6,3
f5822879b857e610242b,3627681150,B,train,CMP-training-134.csv,CMP-training-157.csv,4-5-6,0
f5dc6cfd19b7c570b88e,3623681098,B,train,CMP-training-134.csv,CMP-training-162.csv,4-5-6,0
f62a490263a5fd11818c,2709292850,B,train,CMP-training-087.csv,CMP-training-094.csv,4-5-6,3
f655dc637452f9c5a852,4207773688,B,train,CMP-training-029.csv,CMP-training-030.csv,4-5-6,3
f6f96256e43737dc7d76,1486254120,B,train,CMP-training-134.csv,CMP-training-135.csv,4-5-6,0
f7643efbd65e14d9e129,1464254058,B,train,CMP-training-137.csv,CMP-training-138.csv,4-5-6,2
f7ad18590ddb3ed17bca,3623681188,B,train,CMP-training-134.csv,CMP-training-159.csv,4-5-6,0
f7e81e4ae628b203d4b9,3027014528,B,train,CMP-training-101.csv,CMP-training-106.csv,4-5-6,1
f87598c47cd1d953e88b,1286253728,B,train,CMP-training-134.csv,CMP-training-153.csv,4-5-6,0
fa2d9e502e8654b0657e,1475739280,B,train,CMP-training-087.csv,CMP-training-093.csv,4-5-6,3
fa3a141acf64cb6098e8,3027014580,B,train,CMP-training-101.csv,CMP-training-107.csv,4-5-6,1
fb4846caac2397f192a5,3625681392,B,train,CMP-training-134.csv,CMP-training-160.csv,4-5-6,0
fb8433566ba1966a8b5d,3625681388,B,train,CMP-training-134.csv,CMP-training-161.csv,4-5-6,0
fc44618a9cc329c1a3f4,3021014496,B,train,CMP-training-087.csv,CMP-training-094.csv,4-5-6,3
fd575998196eabac929e,1464254062,B,train,CMP-training-137.csv,CMP-training-137.csv,4-5-6,2
fdc6b2b433b5592ca012,3029014476,B,train,CMP-training-101.csv,CMP-training-107.csv,4-5-6,1
ff84ddffe40ac9f70081,1488254316,B,train,CMP-training-130.csv,CMP-training-130.csv,4-5-6,0
ffbabd9cb1ea7da52864,1296253558,B,train,CMP-training-134.csv,CMP-training-159.csv,4-5-6,0
fff5f95cfad8221dc1e8,1286253642,B,train,CMP-training-134.csv,CMP-training-152.csv,4-5-6,0
