cohort_variant,evaluation,model,condition,n,mse,rmse,mae,p95_abs_error,seed_rmse_min,seed_rmse_max
clean,group_oof,S1_features,all,1977,23.168059796209366,4.813321077614641,3.744866818272254,10.157528107240003,4.809663584734448,4.835633148359276
clean,group_oof,S1_features,Cond1,798,22.892204417292326,4.7845798579700105,3.680232162117626,10.243027332622235,4.760911299494838,4.8206619733653415
clean,group_oof,S1_features,Cond2,815,26.773759829263554,5.174336655965048,4.111517474179785,10.715674854185396,5.1576222851956635,5.210824333724013
clean,group_oof,S1_features,Cond3,364,15.699617668288038,3.962274305028368,3.065631024444657,7.886801179077797,3.957654293925836,3.9847608188337276
clean,group_oof,S2_phase,all,1977,23.062551388836944,4.802348528463646,3.734841946021108,10.12862926181461,4.80044756659881,4.820467453894677
clean,group_oof,S2_phase,Cond1,798,22.892204417292326,4.7845798579700105,3.680232162117626,10.243027332622235,4.760911299494838,4.8206619733653415
clean,group_oof,S2_phase,Cond2,815,26.773759829263554,5.174336655965048,4.111517474179785,10.715674854185396,5.1576222851956635,5.210824333724013
clean,group_oof,S2_phase,Cond3,364,15.12656788429002,3.8892888661412153,3.011182748509176,8.20864611736596,3.855860112945741,3.9239372327058906
clean,group_oof,S3_history,all,1977,19.004503860925567,4.3594155412079685,3.3896519746845475,8.828255631812729,4.353926285505576,4.389161985052182
clean,group_oof,S3_history,Cond1,798,18.859482692433673,4.342750590631895,3.3600567293981163,8.862162284156689,4.317065810193389,4.397022411844716
clean,group_oof,S3_history,Cond2,815,21.217747187139363,4.60627259149297,3.616085309355764,9.11712347598901,4.588542088285124,4.63289053729977
clean,group_oof,S3_history,Cond3,364,14.36695875540988,3.7903771257501386,2.9475471339744637,7.784334360308147,3.766948735043072,3.8278522224829503
clean,group_oof,S4_final,all,1977,19.004503860925567,4.3594155412079685,3.3896519746845475,8.828255631812729,4.353926285505576,4.389161985052182
clean,group_oof,S4_final,Cond1,798,18.859482692433673,4.342750590631895,3.3600567293981163,8.862162284156689,4.317065810193389,4.397022411844716
clean,group_oof,S4_final,Cond2,815,21.217747187139363,4.60627259149297,3.616085309355764,9.11712347598901,4.588542088285124,4.63289053729977
clean,group_oof,S4_final,Cond3,364,14.36695875540988,3.7903771257501386,2.9475471339744637,7.784334360308147,3.766948735043072,3.8278522224829503
clean,group_oof,ablation_compact12_bag,all,1977,55.04560917279596,7.419272819676869,5.754636595906254,15.43852254586183,7.379755930826347,7.472799431252693
clean,group_oof,ablation_compact12_bag,Cond1,798,51.9439394204217,7.207214400891769,5.805558631198638,14.511122237247918,7.135543237494507,7.351085550866153
clean,group_oof,ablation_compact12_bag,Cond2,815,75.10150939124496,8.66611270358544,6.844140111403561,17.938718369731372,8.63983839077239,8.742171562202023
clean,group_oof,ablation_compact12_bag,Cond3,364,16.940042646308996,4.115828306223304,3.2035894824622226,8.339351093466227,4.099011775492012,4.127400708472243
clean,group_oof,ablation_compact12_rf,all,1977,51.98347687342221,7.209956787209076,5.60362561200103,14.57910385021618,7.198682373389621,7.266970962936742
clean,group_oof,ablation_compact12_rf,Cond1,798,48.66219391731443,6.975829263773192,5.60266135714891,13.405151864937784,6.886460476671771,7.051760519555488
clean,group_oof,ablation_compact12_rf,Cond2,815,70.98058407607249,8.424997571279917,6.67960642901636,17.374327948717006,8.36648370236086,8.481913872033426
clean,group_oof,ablation_compact12_rf,Cond3,364,16.73001926027396,4.090234621665847,3.1966066820683334,8.35158294589891,4.08067563144332,4.105407635036298
clean,group_oof,ablation_compact_no_pressure_bag,all,1977,54.9583755741668,7.413391637716626,5.7018827898258975,15.618784851308503,7.3763515338281245,7.453334864139969
clean,group_oof,ablation_compact_no_pressure_bag,Cond1,798,53.202375716286234,7.293995867580831,5.797252774051357,15.041649974379318,7.1928034071461155,7.385771337027261
clean,group_oof,ablation_compact_no_pressure_bag,Cond2,815,73.64365534375064,8.581588159761026,6.7226507602081815,17.834300381347457,8.552835557442158,8.64229140756307
clean,group_oof,ablation_compact_no_pressure_bag,Cond3,364,16.97152083344661,4.119650571765354,3.2072917368767775,8.451546455309694,4.102020164866507,4.130844247745637
clean,group_oof,ablation_compact_no_pressure_rf,all,1977,52.73844577563379,7.262124053996447,5.6404084673476165,14.759225054967994,7.219575902180638,7.305838715897047
clean,group_oof,ablation_compact_no_pressure_rf,Cond1,798,49.30757451927025,7.021935240321591,5.616778953995959,13.74414257186726,7.006526641019738,7.064079349686185
clean,group_oof,ablation_compact_no_pressure_rf,Cond2,815,72.2316228520322,8.49891892254728,6.761458486883361,17.19589163112806,8.426926784145696,8.589510104461157
clean,group_oof,ablation_compact_no_pressure_rf,Cond3,364,16.614533537483766,4.076092925521174,3.1821683182624314,8.339447363305856,4.058337636162867,4.08739046688372
clean,group_oof,ablation_compact_no_slurry_bag,all,1977,55.22484096907951,7.4313418013895385,5.789552289083956,15.290456436447386,7.397087754924719,7.516201610940092
clean,group_oof,ablation_compact_no_slurry_bag,Cond1,798,51.71185864807303,7.191095789104261,5.849286152102308,14.257212560605833,7.119237064093092,7.333710236565983
clean,group_oof,ablation_compact_no_slurry_bag,Cond2,815,75.77718030387764,8.705008920378981,6.886771322732944,17.805575928646547,8.662073036861981,8.763424576349967
clean,group_oof,ablation_compact_no_slurry_bag,Cond3,364,16.90946551386711,4.112112050256791,3.2019118080054714,8.318308940394983,4.087442348955362,4.132621069992551
clean,group_oof,ablation_compact_no_slurry_rf,all,1977,52.760158354029116,7.263618819433542,5.654939023110618,14.760370722990606,7.235191450266971,7.328170270637931
clean,group_oof,ablation_compact_no_slurry_rf,Cond1,798,48.70505537860722,6.978900728525032,5.661764320142011,13.4381824360414,6.902492099396644,7.1389503674436945
clean,group_oof,ablation_compact_no_slurry_rf,Cond2,815,72.80842919232728,8.532785547072379,6.745347706909945,17.282562906479807,8.509592600515832,8.599613254984959
clean,group_oof,ablation_compact_no_slurry_rf,Cond3,364,16.761893082528236,4.094129099396871,3.1985388463867146,8.337418079770204,4.086531147977115,4.101080115024556
clean,group_oof,ablation_compact_no_usage_bag,all,1977,67.66681609722896,8.225984202344966,6.436416062795216,16.861863903478785,8.199423593412034,8.273883519363633
clean,group_oof,ablation_compact_no_usage_bag,Cond1,798,49.4538104581401,7.032340325819002,5.621108191554321,14.2859726257239,6.998497708240576,7.074935086179256
clean,group_oof,ablation_compact_no_usage_bag,Cond2,815,108.23916182743694,10.403805160970526,8.68272923271088,19.996093328569838,10.374976992364418,10.467206064235585
clean,group_oof,ablation_compact_no_usage_bag,Cond3,364,16.753400519958163,4.093091804486941,3.1943019083143622,8.458391976768679,4.094612021196346,4.09577473306091
clean,group_oof,ablation_compact_no_usage_rf,all,1977,66.6183110653746,8.162004108389961,6.3877408858430345,16.653314234545203,8.159995539495023,8.179721155165456
clean,group_oof,ablation_compact_no_usage_rf,Cond1,798,48.96463880069271,6.997473744194594,5.586854599618139,14.209314967695121,6.992620405347599,7.036287616930773
clean,group_oof,ablation_compact_no_usage_rf,Cond2,815,106.18968304621411,10.304837846672509,8.601757190932389,19.789981149329922,10.3023078176811,10.341319151917405
clean,group_oof,ablation_compact_no_usage_rf,Cond3,364,16.71985585337452,4.088992033909398,3.186323214853045,8.456968788271746,4.084261608443394,4.094556362867499
clean,group_oof,ablation_compact_stage12_bag,all,1977,55.01117279162978,7.416951718302458,5.75444761924166,15.497487922653017,7.372511154413386,7.477278628031461
clean,group_oof,ablation_compact_stage12_bag,Cond1,798,52.09240795601504,7.217507045789081,5.81724000000297,14.48716778193603,7.145073127963798,7.373562367360246
clean,group_oof,ablation_compact_stage12_bag,Cond2,815,74.87945493473575,8.653291566492818,6.832689858892098,17.960148508846437,8.616888687177658,8.735103612551773
clean,group_oof,ablation_compact_stage12_bag,Cond3,364,16.92470134160009,4.1139641881766655,3.2025911764871755,8.339391945750451,4.098553327692297,4.128356552008422
clean,group_oof,ablation_compact_stage12_rf,all,1977,52.661849583978906,7.256848460866391,5.63900171759837,14.624313030218456,7.209005472048622,7.301810076922193
clean,group_oof,ablation_compact_stage12_rf,Cond1,798,49.86671604231185,7.061636923710525,5.679378062962073,13.490995403467544,6.963169094623222,7.131686880375793
clean,group_oof,ablation_compact_stage12_rf,Cond2,815,71.44865660184428,8.452730718640236,6.690731707711476,17.27173685268787,8.43477343279086,8.49934113517673
clean,group_oof,ablation_compact_stage12_rf,Cond3,364,16.725774986973473,4.089715758701756,3.19564933973459,8.339685257427087,4.083303027932484,4.098591740306439
clean,group_oof,compact12_bag,all,1977,23.385842379877396,4.835891063690061,3.7898910925866645,9.745853570609276,4.827343438616089,4.857978355984449
clean,group_oof,compact12_bag,Cond1,798,27.50945861812681,5.244946007169837,4.186667805736204,10.240505029264735,5.216357090512864,5.279830075032262
clean,group_oof,compact12_bag,Cond2,815,21.187106232374322,4.602945386638247,3.6052443897236084,8.830986690589581,4.603279113494753,4.628162636951698
clean,group_oof,compact12_bag,Cond3,364,19.268601176833343,4.389601482689897,3.333460449015396,9.130484819590727,4.348003257335618,4.429416414407939
clean,group_oof,compact12_rf,all,1977,22.333593158891517,4.725843116195407,3.7086995621647776,9.385172388062747,4.722955440674095,4.740379129934734
clean,group_oof,compact12_rf,Cond1,798,26.008490947622786,5.099852051542553,4.077097988929445,10.15481384869227,5.0763717924524325,5.125625732904009
clean,group_oof,compact12_rf,Cond2,815,20.63366963781999,4.54242992657234,3.546673777588481,8.649776714808624,4.54728547319455,4.555647612433158
clean,group_oof,compact12_rf,Cond3,364,18.083233912368847,4.252438584197172,3.2638343695040004,8.765502666000323,4.240702456143669,4.2784152596178195
clean,group_oof,compact33_bag,all,1977,31.367055426456623,5.600629913363016,4.323682139558207,11.620575096968773,5.596796457741041,5.616431561446424
clean,group_oof,compact33_bag,Cond1,798,30.346587028068605,5.508773641026522,4.169537760820117,11.90150192223361,5.458577054997512,5.607915268087139
clean,group_oof,compact33_bag,Cond2,815,40.45654161770646,6.360545701251306,5.1633685152528415,12.578240767964868,6.263161345987894,6.435511209111228
clean,group_oof,compact33_bag,Cond3,364,13.252776679327553,3.64043633089875,2.7815470242886087,7.553465019192404,3.63759495822942,3.6545819471582117
clean,group_oof,compact33_rf,all,1977,30.996476664145998,5.5674479489390825,4.304264953040726,11.60653828587019,5.553123964675543,5.58920662869228
clean,group_oof,compact33_rf,Cond1,798,29.798747484584855,5.458822902841312,4.145105396480332,11.770559609376672,5.40844954720338,5.535136895593029
clean,group_oof,compact33_rf,Cond2,815,40.134247604021986,6.3351596352437705,5.141609122374828,12.253473925833875,6.304075770585751,6.407964794470295
clean,group_oof,compact33_rf,Cond3,364,13.162698008351656,3.6280432754243237,2.77836887646903,7.426496818846743,3.62493426196964,3.640038343447886
clean,group_oof,condition_mean,all,1977,61.757351007012836,7.8585845422068745,6.121598414812783,16.258072692724724,7.8585845422068745,7.8585845422068745
clean,group_oof,condition_mean,Cond1,798,48.83031280652425,6.987868974624829,5.489269283574991,14.174045978605376,6.987868974624829,6.987868974624829
clean,group_oof,condition_mean,Cond2,815,94.86633062206103,9.739934836643469,8.072014174651166,18.237424544048668,9.739934836643469,9.739934836643469
clean,group_oof,condition_mean,Cond3,364,15.966027099665602,3.9957511308470655,3.140856113877284,8.371070610236202,3.9957511308470655,3.9957511308470655
clean,group_oof,full125_bag,all,1977,23.51028382954196,4.848740437427225,3.7913162145519075,10.19761960132183,4.831639204464796,4.902651913016807
clean,group_oof,full125_bag,Cond1,798,22.811088194579558,4.776095496802755,3.6763139382191588,10.273109173253468,4.722010085198147,4.889350036364491
clean,group_oof,full125_bag,Cond2,815,29.006843481723333,5.385800170979548,4.377770386964887,10.614459913482161,5.3810744091161675,5.413464797808005
clean,group_oof,full125_bag,Cond3,364,12.736278335509509,3.568792279680832,2.730359253005083,7.145312902435698,3.5246017232025917,3.6083100672246218
clean,group_oof,full125_rf,all,1977,23.415521263374444,4.838958696183967,3.788647222327043,10.04031760188707,4.837373757970684,4.866606008001666
clean,group_oof,full125_rf,Cond1,798,23.313433120032855,4.828398608237814,3.7289864937330166,10.18582636955579,4.801060949691431,4.906963032035409
clean,group_oof,full125_rf,Cond2,815,28.313203817474474,5.321015299496373,4.3290335891399705,10.465362747837649,5.321078894255578,5.345666747007695
clean,group_oof,full125_rf,Cond3,364,12.673364825998227,3.5599669697903416,2.709510882946542,7.285386633575318,3.528803908694659,3.6129485722709953
clean,group_oof,history_none,all,1977,18.279048989978097,4.275400447908722,3.3591221260831845,8.690330031990502,4.270246450606078,4.294814353881722
clean,group_oof,history_none,Cond1,798,16.077086810179836,4.009624272943768,3.150429092846989,8.00329150753038,3.989333588881915,4.05056532828483
clean,group_oof,history_none,Cond2,815,20.3522404679523,4.511345749103287,3.5881523817016108,8.922507581159397,4.496858792851132,4.546293950609001
clean,group_oof,history_none,Cond3,364,18.464529113412237,4.297037248315662,3.30384020903227,9.2012685394052,4.286430894420346,4.311773001039118
clean,group_oof,history_raw,all,1977,25.49958482964738,5.04971136102326,3.92573042542394,10.427167332142046,5.040079137171078,5.075844121441737
clean,group_oof,history_raw,Cond1,798,22.892204417292326,4.7845798579700105,3.680232162117626,10.243027332622235,4.760911299494838,4.8206619733653415
clean,group_oof,history_raw,Cond2,815,33.59398947943103,5.796032218632936,4.684924720492364,11.305789994039854,5.742259817557723,5.844311108991274
clean,group_oof,history_raw,Cond3,364,13.09230400405853,3.6183288966121543,2.764093787065896,7.250867626569291,3.593568297397302,3.6442915405117904
clean,group_oof,history_reset,all,1977,18.998112862105813,4.358682468602847,3.3812763841686584,8.83000219206933,4.340910679272649,4.384267628004373
clean,group_oof,history_reset,Cond1,798,16.297816859793503,4.0370554690013245,3.1876565741951475,8.089333021448006,4.020871371793317,4.060225933190608
clean,group_oof,history_reset,Cond2,815,22.602077104956635,4.754164185738292,3.6971214286474523,9.531846665244993,4.731955538390208,4.78537290300829
clean,group_oof,history_reset,Cond3,364,16.84867701573716,4.104713999261966,3.0985700575440585,8.767004622869552,4.094698510293372,4.121371200985472
clean,group_oof,history_reset_summary,all,1977,19.019148435793092,4.361094866635337,3.3816097124563025,8.806443536592484,4.362825016566313,4.376443550228172
clean,group_oof,history_reset_summary,Cond1,798,16.394815913079437,4.0490512361637805,3.1980435149700366,8.275257048628587,4.036104421616038,4.0913134948844405
clean,group_oof,history_reset_summary,Cond2,815,22.54602777594611,4.748265765092147,3.6890137496423447,9.600934168713648,4.740029846830444,4.766017198425106
clean,group_oof,history_reset_summary,Cond3,364,16.875771212993047,4.108013049272488,3.0957622819272284,8.770753872968864,4.085839300742008,4.126125406731871
clean,group_oof,history_standardized,all,1977,24.999603258747932,4.999960325717388,3.889250113003557,10.285563698790872,4.961789426463718,5.040237470157049
clean,group_oof,history_standardized,Cond1,798,21.81102749525021,4.670227777662478,3.6003480518461823,9.867812468577906,4.636513269321149,4.718500873143801
clean,group_oof,history_standardized,Cond2,815,33.41864684108448,5.780886336980211,4.662597807636851,11.249563267446598,5.731903288448612,5.825995972013592
clean,group_oof,history_standardized,Cond3,364,13.13961133475587,3.624860181407811,2.7910783373921566,7.569456110605781,3.609001556373247,3.649879532891855
clean,group_oof,persistent,all,1977,59.98845993191897,7.745221748401977,5.9552651564831995,16.229891695721083,7.745221748401977,7.745221748401977
clean,group_oof,persistent,Cond1,798,46.38265244466136,6.81048107292439,5.252313935691049,14.035453478605376,6.81048107292439,6.81048107292439
clean,group_oof,persistent,Cond2,815,93.37303027699843,9.662972124403467,7.947305940757454,18.12499848784195,9.662972124403467,9.662972124403467
clean,group_oof,persistent,Cond3,364,15.068156480248165,3.8817723375087527,3.036149318594789,7.833720000000004,3.8817723375087527,3.8817723375087527
clean,group_oof,phase_active,all,1977,36.62390822325444,6.051769016019567,4.6082693672786155,12.623567737942585,5.997253674811997,6.114836759010728
clean,group_oof,phase_active,Cond1,798,31.373641064628714,5.601217819780687,4.275473772116575,11.445925024998717,5.516443764388204,5.674807579686099
clean,group_oof,phase_active,Cond2,815,51.97044160800092,7.209052753864471,5.690627565642116,14.58021465989905,7.158454090513197,7.276507467680959
clean,group_oof,phase_active,Cond3,364,13.773052410108683,3.7112063281510883,2.914447810336459,7.765849062984571,3.683894996569641,3.7327812725414904
clean,group_oof,phase_gap,all,1977,23.168059796209366,4.813321077614641,3.744866818272254,10.157528107240003,4.809663584734448,4.835633148359276
clean,group_oof,phase_gap,Cond1,798,22.892204417292326,4.7845798579700105,3.680232162117626,10.243027332622235,4.760911299494838,4.8206619733653415
clean,group_oof,phase_gap,Cond2,815,26.773759829263554,5.174336655965048,4.111517474179785,10.715674854185396,5.1576222851956635,5.210824333724013
clean,group_oof,phase_gap,Cond3,364,15.699617668288038,3.962274305028368,3.065631024444657,7.886801179077797,3.957654293925836,3.9847608188337276
clean,group_oof,phase_longest,all,1977,36.64357133286654,6.053393373378815,4.606623248931004,12.71498897459104,5.985323296222744,6.103691230743421
clean,group_oof,phase_longest,Cond1,798,31.469012567938293,5.609724821053016,4.281989200935318,11.562942420346042,5.512075678304154,5.678617210807579
clean,group_oof,phase_longest,Cond2,815,51.955401904029365,7.208009566033425,5.6835817276157625,14.66379310950146,7.141446732467873,7.272582485535603
clean,group_oof,phase_longest,Cond3,364,13.704439406808962,3.7019507569400436,2.906999101053194,7.738671106332086,3.6790898204812605,3.728206283432007
clean,group_oof,phase_raw,all,1977,23.168059796209366,4.813321077614641,3.744866818272254,10.157528107240003,4.809663584734448,4.835633148359276
clean,group_oof,phase_raw,Cond1,798,22.892204417292326,4.7845798579700105,3.680232162117626,10.243027332622235,4.760911299494838,4.8206619733653415
clean,group_oof,phase_raw,Cond2,815,26.773759829263554,5.174336655965048,4.111517474179785,10.715674854185396,5.1576222851956635,5.210824333724013
clean,group_oof,phase_raw,Cond3,364,15.699617668288038,3.962274305028368,3.065631024444657,7.886801179077797,3.957654293925836,3.9847608188337276
clean,group_oof,phase_trimmed,all,1977,38.769391210598606,6.226507143704134,4.714560774244746,13.425358487852002,6.178731848105203,6.265119683755928
clean,group_oof,phase_trimmed,Cond1,798,31.778083197601706,5.637205264810011,4.276851076814806,11.581617581673335,5.587212830047257,5.709394772462118
clean,group_oof,phase_trimmed,Cond2,815,56.77037804049283,7.534612003314625,5.945661146035466,15.101247379098272,7.475633963424613,7.614649154275243
clean,group_oof,phase_trimmed,Cond3,364,13.79208222160887,3.7137692741484183,2.9177078499031377,7.747448752587295,3.6993651470646896,3.7417688283690294
clean,group_oof,primary73_bag,all,1977,23.423236467475316,4.839755827257747,3.7864996745629367,10.186433206635625,4.834615403768637,4.866669364001627
clean,group_oof,primary73_bag,Cond1,798,22.52386214073414,4.745931114200261,3.652383219417363,10.207473890765202,4.712535416714758,4.802905086120884
clean,group_oof,primary73_bag,Cond2,815,29.07852158496968,5.3924504248968,4.390539203824402,10.651070559557741,5.383868960750284,5.428626065841333
clean,group_oof,primary73_bag,Cond3,364,12.73269619819388,3.568290374702412,2.7280730670301736,7.339943479604247,3.5340592251592486,3.6001312646394767
clean,group_oof,primary73_rf,all,1977,23.467757303372945,4.844353135700673,3.792880449219931,10.094455935713736,4.82234714345801,4.880152673305668
clean,group_oof,primary73_rf,Cond1,798,23.428409139579003,4.840290191670227,3.7278298680448207,10.161325006103128,4.8121876953001586,4.914347844914381
clean,group_oof,primary73_rf,Cond2,815,28.386347939916156,5.327884002107793,4.337483338759272,10.600145924233432,5.300603389202665,5.379157731978282
clean,group_oof,primary73_rf,Cond3,364,12.541242099869788,3.5413616166482895,2.7161194843934884,7.303993010463023,3.5279125588748648,3.5617116426069892
clean,temporal,S1_features,all,166,17.665177219475584,4.202996219303032,3.17268377655557,8.28205396917103,4.1976538969371,4.228271121548834
clean,temporal,S1_features,Cond1,74,7.068086942290319,2.6585873960226167,2.063937451157506,5.1095832376096615,2.6240073623001234,2.7504357246797815
clean,temporal,S1_features,Cond2,67,27.102318121422382,5.205988678572244,4.115984793896198,9.287003954325357,5.147271387436388,5.306210094163125
clean,temporal,S1_features,Cond3,25,23.74102682272657,4.872476456867346,3.9265261732609646,10.117881746003802,4.7174548104777765,5.046560792102984
clean,temporal,S2_phase,all,166,17.665177219475584,4.202996219303032,3.17268377655557,8.28205396917103,4.1976538969371,4.228271121548834
clean,temporal,S2_phase,Cond1,74,7.068086942290319,2.6585873960226167,2.063937451157506,5.1095832376096615,2.6240073623001234,2.7504357246797815
clean,temporal,S2_phase,Cond2,67,27.102318121422382,5.205988678572244,4.115984793896198,9.287003954325357,5.147271387436388,5.306210094163125
clean,temporal,S2_phase,Cond3,25,23.74102682272657,4.872476456867346,3.9265261732609646,10.117881746003802,4.7174548104777765,5.046560792102984
clean,temporal,S3_history,all,166,17.33250887734487,4.163232983793349,3.1215375213981615,8.28205396917103,4.165708095347805,4.182044739572856
clean,temporal,S3_history,Cond1,74,6.321830931564662,2.514325144360741,1.9492039598584538,4.892615510522847,2.4944647149854937,2.5554457960916266
clean,temporal,S3_history,Cond2,67,27.102318121422382,5.205988678572244,4.115984793896198,9.287003954325357,5.147271387436388,5.306210094163125
clean,temporal,S3_history,Cond3,25,23.74102682272657,4.872476456867346,3.9265261732609646,10.117881746003802,4.7174548104777765,5.046560792102984
clean,temporal,S4_final,all,166,17.33250887734487,4.163232983793349,3.1215375213981615,8.28205396917103,4.165708095347805,4.182044739572856
clean,temporal,S4_final,Cond1,74,6.321830931564662,2.514325144360741,1.9492039598584538,4.892615510522847,2.4944647149854937,2.5554457960916266
clean,temporal,S4_final,Cond2,67,27.102318121422382,5.205988678572244,4.115984793896198,9.287003954325357,5.147271387436388,5.306210094163125
clean,temporal,S4_final,Cond3,25,23.74102682272657,4.872476456867346,3.9265261732609646,10.117881746003802,4.7174548104777765,5.046560792102984
clean,temporal,ablation_compact12_bag,all,166,100.68204283160699,10.034044191232516,7.797642963827795,18.996738164842192,9.970769249297065,10.120764105443909
clean,temporal,ablation_compact12_bag,Cond1,74,17.978986275154064,4.240163472692305,3.3499550142157335,7.48333769799249,4.221333301796394,4.270600728945078
clean,temporal,ablation_compact12_bag,Cond2,67,224.71560625649084,14.990517211106855,14.47980265409985,20.459278724155823,14.88918242279494,15.124191354636523
clean,temporal,ablation_compact12_bag,Cond3,25,13.073140260018997,3.615679778412214,3.0546113247503843,6.296940385844475,3.5853590558168325,3.640669278925202
clean,temporal,ablation_compact12_rf,all,166,96.70147146928257,9.833690633189686,7.769940107034601,17.876715885134256,9.770825847995507,9.922255274780294
clean,temporal,ablation_compact12_rf,Cond1,74,21.794840423086537,4.668494449293748,3.729857189550853,8.155182831673255,4.637811221059745,4.7361877694058325
clean,temporal,ablation_compact12_rf,Cond2,67,210.67932721675413,14.514796836909365,14.002681430324325,20.03994938403834,14.406390476037883,14.640303587710266
clean,temporal,ablation_compact12_rf,Cond3,25,12.964445962799012,3.600617441883963,3.024838796370044,6.295536687639696,3.5904482430336473,3.6154837922074905
clean,temporal,ablation_compact_no_pressure_bag,all,166,80.65639791822882,8.980890708511534,7.063807639217172,16.27000661438362,8.943914422164555,9.059140375776552
clean,temporal,ablation_compact_no_pressure_bag,Cond1,74,17.591998644344496,4.194281660111121,3.3188718250544467,7.23484955748076,4.172267586021074,4.250036346119569
clean,temporal,ablation_compact_no_pressure_bag,Cond2,67,175.5773316862892,13.250559674454857,12.69908737113504,18.420026826271002,13.170474346278905,13.385850625764245
clean,temporal,ablation_compact_no_pressure_bag,Cond3,25,12.938917270524557,3.5970706513112245,3.046267967598959,6.295806070913357,3.579816576296456,3.6100102153619966
clean,temporal,ablation_compact_no_pressure_rf,all,166,85.98660561600872,9.272896290588433,7.39904460561755,16.185487986717412,9.171135364888356,9.37292721668824
clean,temporal,ablation_compact_no_pressure_rf,Cond1,74,23.670483611691665,4.865232123104885,3.849592602513311,8.104491388258857,4.724951523421772,4.9505794412298405
clean,temporal,ablation_compact_no_pressure_rf,Cond2,67,182.14957687108267,13.49628011235254,12.970672043533131,19.363876789387696,13.289759358226053,13.629315551071858
clean,temporal,ablation_compact_no_pressure_rf,Cond3,25,12.725563785189,3.567290818701077,2.9734610011923417,6.294526985367234,3.5508786867626063,3.600853385080249
clean,temporal,ablation_compact_no_slurry_bag,all,166,99.4404718215878,9.97198434723941,7.73458215692987,19.002918233265223,9.894673170373647,10.02235299094692
clean,temporal,ablation_compact_no_slurry_bag,Cond1,74,17.529707410816123,4.18684934178627,3.3080079963782603,7.65299269845706,4.124488129083096,4.23157456782612
clean,temporal,ablation_compact_no_slurry_bag,Cond2,67,222.18853037973582,14.905989748411066,14.379260013581591,20.808789428907005,14.765336653498728,15.008036330777019
clean,temporal,ablation_compact_no_slurry_bag,Cond3,25,12.931537541635457,3.596044707958378,3.029505016336017,6.29657965404666,3.578154864386717,3.609907703281833
clean,temporal,ablation_compact_no_slurry_rf,all,166,93.34102302193526,9.661315801790938,7.618513923557763,17.469051235287694,9.604925530772586,9.714916190448681
clean,temporal,ablation_compact_no_slurry_rf,Cond1,74,20.539564306845982,4.532059609807221,3.5956685004573825,7.717929732436102,4.497369200002868,4.605565304826146
clean,temporal,ablation_compact_no_slurry_rf,Cond2,67,203.77167738861266,14.274861729229206,13.780678159623205,19.68334495870335,14.15503904547002,14.376307142450978
clean,temporal,ablation_compact_no_slurry_rf,Cond3,25,12.879187115904097,3.5887584365493446,3.0115362232795078,6.294896777420767,3.578646627441022,3.5968007884763096
clean,temporal,ablation_compact_no_usage_bag,all,166,57.88495656382672,7.608216385186919,6.300162126754247,13.417932085597155,7.543072048819601,7.667092032861568
clean,temporal,ablation_compact_no_usage_bag,Cond1,74,26.40191125370052,5.138279016723452,4.374828564291607,10.131919806835926,5.05485510137278,5.210011012026458
clean,temporal,ablation_compact_no_usage_bag,Cond2,67,109.380110838239,10.458494673624832,9.642492054007281,16.764306121107452,10.309228878025678,10.59474628548212
clean,temporal,ablation_compact_no_usage_bag,Cond3,25,13.06775722637528,3.614935300441113,3.0417052666055313,6.296032414131888,3.5910820367009544,3.635739089824087
clean,temporal,ablation_compact_no_usage_rf,all,166,57.47991278237114,7.581550816447195,6.290388504985677,13.369902735203318,7.589677920450773,7.5963055684724985
clean,temporal,ablation_compact_no_usage_rf,Cond1,74,26.124298482913844,5.111193449959984,4.359415675703877,9.977291524015197,5.041662487864376,5.178703664333811
clean,temporal,ablation_compact_no_usage_rf,Cond2,67,108.69984256537894,10.425921665031776,9.634100056924414,16.264007826637954,10.407958932596275,10.488618836316096
clean,temporal,ablation_compact_no_usage_rf,Cond3,25,13.023119290303788,3.608755920023379,3.044921120463994,6.29601696899898,3.576105710237255,3.638409581176638
clean,temporal,ablation_compact_stage12_bag,all,166,100.69334322484464,10.034607278057505,7.792978091049688,18.9829198143146,9.96363745221631,10.136414548430437
clean,temporal,ablation_compact_stage12_bag,Cond1,74,17.984454881048762,4.240808281571894,3.3405523829581205,7.5041817384816465,4.210325806753689,4.265901376779539
clean,temporal,ablation_compact_stage12_bag,Cond2,67,224.73305481968828,14.991099186506915,14.478167736773356,20.423505459090585,14.880732973796658,15.152435921126171
clean,temporal,ablation_compact_stage12_bag,Cond3,25,13.085225648299415,3.617350639390577,3.0558499364613088,6.297029594187153,3.5904550038570044,3.641335434770253
clean,temporal,ablation_compact_stage12_rf,all,166,96.10545823231881,9.80333913686142,7.729925242190587,17.919190289103973,9.749713155186285,9.886242200180329
clean,temporal,ablation_compact_stage12_rf,Cond1,74,21.39368082657523,4.625330347831951,3.6642051456581064,7.985657934920595,4.53515604747394,4.774639478258012
clean,temporal,ablation_compact_stage12_rf,Cond2,67,209.6403889990621,14.478963671446314,13.973858057795383,19.850371225807205,14.334420574563369,14.614726087859566
clean,temporal,ablation_compact_stage12_rf,Cond3,25,12.978704898447598,3.6025969658633197,3.0307167821058827,6.296192923794341,3.5888683182602468,3.616265086404258
clean,temporal,compact12_bag,all,166,17.168896187759845,4.143536676289935,3.236108075027601,7.570799843046498,4.148995296208549,4.166522176586376
clean,temporal,compact12_bag,Cond1,74,9.66889546029449,3.1094847580096756,2.5279465329561406,6.085421513408817,3.0688130045213775,3.1693253473625855
clean,temporal,compact12_bag,Cond2,67,27.240850922897575,5.219276858234058,4.1258209967917985,9.620258620235711,5.212106788324678,5.277347821612487
clean,temporal,compact12_bag,Cond3,25,12.376059650888187,3.5179624288625067,2.947835609231072,6.241844947184046,3.430002579864742,3.571354851816401
clean,temporal,compact12_rf,all,166,16.757086677644836,4.09354206985159,3.1668883418469918,7.803306666591361,4.0482685770205205,4.144583539765589
clean,temporal,compact12_rf,Cond1,74,8.838755779945837,2.973004503855626,2.3879367411828967,5.944511407436542,2.9552193964343036,3.0280124687031926
clean,temporal,compact12_rf,Cond2,67,27.102318121422382,5.205988678572244,4.115984793896198,9.287003954325357,5.147271387436388,5.306210094163125
clean,temporal,compact12_rf,Cond3,25,12.470125865510033,3.531306538026688,2.9290065883208456,5.999886175427741,3.4588821234355436,3.619170555911961
clean,temporal,compact33_bag,all,166,15.21733701478191,3.9009405295110446,2.958909230172472,8.756940211318113,3.859575936778186,3.985206577980639
clean,temporal,compact33_bag,Cond1,74,7.786756605922212,2.790476053637123,2.1961858231662448,5.682388528111161,2.7724109858264883,2.832143347382285
clean,temporal,compact33_bag,Cond2,67,23.297829094012606,4.826782478423137,3.764973400898138,9.419262346053962,4.765728770734095,4.9609141023554955
clean,temporal,compact33_bag,Cond3,25,15.556136252668338,3.9441268048413884,3.0563185373661166,8.184332800139128,3.9104542368660553,3.9694795595456682
clean,temporal,compact33_rf,all,166,15.245707620270963,3.9045752163674554,2.9954944358552984,8.793598371915863,3.7938249574951612,4.062783105321528
clean,temporal,compact33_rf,Cond1,74,8.461189842648054,2.908812445423055,2.29846390860477,5.633956777574209,2.861165134294735,2.958605094725791
clean,temporal,compact33_rf,Cond2,67,21.773797781102196,4.666240218966679,3.6480451767895707,9.49952251184518,4.441780218402397,4.979495608127031
clean,temporal,compact33_rf,Cond3,25,17.83259861100705,4.222866160678912,3.309868810813008,8.626549637254191,4.173178052877394,4.296983344483042
clean,temporal,condition_mean,all,166,55.61958814218653,7.45785412449094,6.165907725456881,13.54345996932516,7.45785412449094,7.45785412449094
clean,temporal,condition_mean,Cond1,74,23.241774800961227,4.820972391640636,4.071235454142682,9.343771229508214,4.820972391640636,4.820972391640636
clean,temporal,condition_mean,Cond2,67,107.53509020835783,10.369912738705077,9.695026462778142,16.364569969325153,10.369912738705077,10.369912738705077
clean,temporal,condition_mean,Cond3,25,12.324370094874235,3.5106082229257987,2.9080994325259395,6.243057612456772,3.5106082229257987,3.5106082229257987
clean,temporal,full125_bag,all,166,13.63935818798036,3.693150171328044,2.7783710207269983,8.36480912874968,3.565468013960019,3.8982375960079914
clean,temporal,full125_bag,Cond1,74,6.553522263821327,2.5599848171075794,1.9909899438900187,5.074605904076242,2.5279057151012565,2.6449252075297793
clean,temporal,full125_bag,Cond2,67,17.451249459365904,4.177469264921754,3.1970083533781364,8.60377226624643,4.017786093720823,4.541090546166347
clean,temporal,full125_bag,Cond3,25,24.397563916177845,4.939389022559151,3.9870709566594074,10.50805760924067,4.715285935916141,5.126557591341261
clean,temporal,full125_rf,all,166,13.335263550599675,3.651748013020569,2.778763977290053,8.049084562444374,3.5399762935481345,3.797156881701903
clean,temporal,full125_rf,Cond1,74,6.724728854777542,2.5932082166261816,2.024288064707126,4.847918155870529,2.5840821451399805,2.625621210936433
clean,temporal,full125_rf,Cond2,67,16.152226081343574,4.018983214862134,3.125570827798986,8.267627789842432,3.867670718650969,4.279497026597512
clean,temporal,full125_rf,Cond3,25,25.35298666783954,5.035174939149536,4.082570319171571,10.54921011665287,4.832553917568035,5.157060347307591
clean,temporal,history_none,all,166,18.071114633171742,4.251013365442614,3.2715909967580337,8.455910928393507,4.250929882366041,4.278805438915814
clean,temporal,history_none,Cond1,74,8.317437007409556,2.883996707246656,2.3415302928141113,5.6831587574307045,2.8466535021689743,2.945412485761675
clean,temporal,history_none,Cond2,67,27.102318121422382,5.205988678572244,4.115984793896198,9.287003954325357,5.147271387436388,5.306210094163125
clean,temporal,history_none,Cond3,25,22.738375056916084,4.768477226213426,3.761595304101768,10.263126891783628,4.703445310270962,4.890621679143483
clean,temporal,history_raw,all,166,15.514509371274071,3.9388461979714404,2.983816581699281,8.793598371915863,3.7926297830769573,4.115160591034358
clean,temporal,history_raw,Cond1,74,7.068086942290319,2.6585873960226167,2.063937451157506,5.1095832376096615,2.6240073623001234,2.7504357246797815
clean,temporal,history_raw,Cond2,67,21.773797781102196,4.666240218966679,3.6480451767895707,9.49952251184518,4.441780218402397,4.979495608127031
clean,temporal,history_raw,Cond3,25,23.74102682272657,4.872476456867346,3.9265261732609646,10.117881746003802,4.7174548104777765,5.046560792102984
clean,temporal,history_reset,all,166,12.425926910705837,3.5250428239534672,2.544847798407045,7.6509606946446205,3.497144477356863,3.586479565849585
clean,temporal,history_reset,Cond1,74,6.399601683439353,2.529743402687188,1.9678020061038193,5.2227122891087605,2.5224717849795315,2.5597659754763287
clean,temporal,history_reset,Cond2,67,15.084530754852992,3.883880888345186,2.7128743095347687,8.453317827836232,3.882493372785301,3.919394980057872
clean,temporal,history_reset,Cond3,25,23.138791281100236,4.8102797508149395,3.8025922938022916,10.20970973843294,4.665029290658001,5.091614905864229
clean,temporal,history_reset_summary,all,166,12.133694188455085,3.483345258290525,2.4888097840895678,7.590643779141818,3.47364829611096,3.529610727460839
clean,temporal,history_reset_summary,Cond1,74,6.171559993334547,2.4842624646632143,1.9003019169727515,5.1734547400083475,2.469832052303145,2.5278407494111668
clean,temporal,history_reset_summary,Cond2,67,14.759426961907359,3.8417999638069857,2.660711303455531,7.980986185605825,3.8169670594437397,3.9171169064909086
clean,temporal,history_reset_summary,Cond3,25,22.74464757315978,4.769134887289285,3.770096998854565,10.148350702808022,4.6180705931914146,4.976166650674991
clean,temporal,history_standardized,all,166,11.082904814986156,3.3290997003673763,2.48520164588731,7.252809422753231,3.240323372043222,3.3915487006581686
clean,temporal,history_standardized,Cond1,74,6.321830931564662,2.514325144360741,1.9492039598584538,4.892615510522847,2.4944647149854937,2.5554457960916266
clean,temporal,history_standardized,Cond2,67,12.311406022167434,3.5087613230551082,2.6235217847644132,7.451109556915415,3.492893071368169,3.540043057607575
clean,temporal,history_standardized,Cond3,25,21.883300274667963,4.677958985996773,3.701056824342088,10.066267775690278,4.313119593994266,4.903040732164806
clean,temporal,persistent,all,166,39.05717843832831,6.2495742605659395,4.742568975903616,11.620237500000002,6.2495742605659395,6.2495742605659395
clean,temporal,persistent,Cond1,74,7.532847812432439,2.744603398021732,2.109441891891892,5.917095000000008,2.744603398021732,2.744603398021732
clean,temporal,persistent,Cond2,67,82.69053322533581,9.09343352234654,8.302999253731343,14.162084999999989,9.09343352234654,9.09343352234654
clean,temporal,persistent,Cond3,25,15.431806261800016,3.928333776781196,2.9946720000000004,8.43590999999999,3.928333776781196,3.928333776781196
clean,temporal,phase_active,all,166,91.2889947934301,9.554527450032792,7.147045967146962,17.876715885134256,9.485720748767669,9.626616524921115
clean,temporal,phase_active,Cond1,74,8.4097027215383,2.89994874463986,2.2682695574133964,5.624711089450159,2.8603304086586103,2.958302699505983
clean,temporal,phase_active,Cond2,67,210.67932721675413,14.514796836909365,14.002681430324325,20.03994938403834,14.406390476037883,14.640303587710266
clean,temporal,phase_active,Cond3,25,16.64560843172142,4.0799029929302755,3.2151210986429906,8.310930942513249,4.031050206413938,4.126261527342746
clean,temporal,phase_gap,all,166,17.665177219475584,4.202996219303032,3.17268377655557,8.28205396917103,4.1976538969371,4.228271121548834
clean,temporal,phase_gap,Cond1,74,7.068086942290319,2.6585873960226167,2.063937451157506,5.1095832376096615,2.6240073623001234,2.7504357246797815
clean,temporal,phase_gap,Cond2,67,27.102318121422382,5.205988678572244,4.115984793896198,9.287003954325357,5.147271387436388,5.306210094163125
clean,temporal,phase_gap,Cond3,25,23.74102682272657,4.872476456867346,3.9265261732609646,10.117881746003802,4.7174548104777765,5.046560792102984
clean,temporal,phase_longest,all,166,91.26341817432322,9.55318890079764,7.14993662786846,17.85460923328989,9.527014505260446,9.585386500566667
clean,temporal,phase_longest,Cond1,74,8.383048742778946,2.895349502698931,2.2609777086839555,5.663589359034753,2.8458092551433625,2.9412547915882277
clean,temporal,phase_longest,Cond2,67,210.57942237094412,14.511354946073924,14.011683455862975,19.92445505732754,14.469946937471505,14.57465684582761
clean,temporal,phase_longest,Cond3,25,16.822420444750218,4.1015144086971365,3.231773529629277,8.367350222358919,4.022898567928266,4.186601765275856
clean,temporal,phase_raw,all,166,17.665177219475584,4.202996219303032,3.17268377655557,8.28205396917103,4.1976538969371,4.228271121548834
clean,temporal,phase_raw,Cond1,74,7.068086942290319,2.6585873960226167,2.063937451157506,5.1095832376096615,2.6240073623001234,2.7504357246797815
clean,temporal,phase_raw,Cond2,67,27.102318121422382,5.205988678572244,4.115984793896198,9.287003954325357,5.147271387436388,5.306210094163125
clean,temporal,phase_raw,Cond3,25,23.74102682272657,4.872476456867346,3.9265261732609646,10.117881746003802,4.7174548104777765,5.046560792102984
clean,temporal,phase_trimmed,all,166,89.62972467463376,9.467297643711946,7.082674461632468,17.750977157247593,9.332699264958533,9.548121659077932
clean,temporal,phase_trimmed,Cond1,74,8.95534665438545,2.992548521642623,2.3283958026536204,5.872101125272075,2.985529116773092,3.015417815782988
clean,temporal,phase_trimmed,Cond2,67,205.9861648094406,14.352218114613525,13.779101858166493,19.415578363832385,14.128184629865434,14.48068903003877
clean,temporal,phase_trimmed,Cond3,25,16.5906240532865,4.073158977168274,3.2089138694986694,8.330386835670952,4.002728255107086,4.124628749537805
clean,temporal,primary73_bag,all,166,13.514135263086887,3.6761576765812,2.7562289806928484,8.23122741861983,3.5595337216807397,3.8656965072577156
clean,temporal,primary73_bag,Cond1,74,6.696921938911377,2.5878411734322833,2.0075895664659,4.9941568677709105,2.5480321696915507,2.6838097318821417
clean,temporal,primary73_bag,Cond2,67,17.227590442161446,4.150613260972581,3.1464063961942115,8.720366402161202,3.9896590356716946,4.498977594289737
clean,temporal,primary73_bag,Cond3,25,23.74102682272657,4.872476456867346,3.9265261732609646,10.117881746003802,4.7174548104777765,5.046560792102984
clean,temporal,primary73_rf,all,166,12.792280412641333,3.5766297561589084,2.6750522963503514,7.763150808420406,3.4264152901741443,3.8267450828615353
clean,temporal,primary73_rf,Cond1,74,7.068086942290319,2.6585873960226167,2.063937451157506,5.1095832376096615,2.6240073623001234,2.7504357246797815
clean,temporal,primary73_rf,Cond2,67,15.002198835068755,3.873267204191928,2.8818455601176938,8.506436699480574,3.6700089429094573,4.328127228203717
clean,temporal,primary73_rf,Cond3,25,23.81331171277483,4.87988849388742,3.929746291224701,9.975698516790663,4.5577351862034625,5.136626764933039
clean,test,S1_features,all,424,11.500579387830795,3.3912504165618316,2.5181217262324216,6.8355452072873195,3.387358927289857,3.4214935177305925
clean,test,S1_features,Cond1,165,14.382054008156242,3.7923678629790443,2.73980838360061,7.642205526772803,3.778378852022579,3.8291319698771953
clean,test,S1_features,Cond2,186,9.305970415900571,3.0505688675885634,2.3048948462692107,6.421651609398289,3.0394763117617387,3.0721060218450758
clean,test,S1_features,Cond3,73,10.579400708725627,3.2525990697787557,2.5603395509914093,5.525758355588718,3.189546981671447,3.292064715950996
clean,test,S2_phase,all,424,11.425349498980308,3.3801404555107335,2.5079643120069726,6.8355452072873195,3.3741487996852184,3.4070044920548286
clean,test,S2_phase,Cond1,165,14.382054008156242,3.7923678629790443,2.73980838360061,7.642205526772803,3.778378852022579,3.8291319698771953
clean,test,S2_phase,Cond2,186,9.305970415900571,3.0505688675885634,2.3048948462692107,6.421651609398289,3.0394763117617387,3.0721060218450758
clean,test,S2_phase,Cond3,73,10.142449025539243,3.184721184898176,2.5013430628874302,5.351147502787779,3.1534199784109966,3.212304118640859
clean,test,S3_history,all,424,12.3114121771194,3.5087622001383054,2.606830753280696,7.034973180191249,3.49807545698925,3.5290557031703385
clean,test,S3_history,Cond1,165,14.382054008156242,3.7923678629790443,2.73980838360061,7.642205526772803,3.778378852022579,3.8291319698771953
clean,test,S3_history,Cond2,186,11.3851886069405,3.374194512315569,2.5532775513742636,6.997286545767281,3.3531012892513394,3.4133450318343
clean,test,S3_history,Cond3,73,9.991161244683747,3.1608798212971885,2.4427155005657752,5.571087664058058,3.140907554475599,3.1870321521135634
clean,test,S4_final,all,424,12.3114121771194,3.5087622001383054,2.606830753280696,7.034973180191249,3.49807545698925,3.5290557031703385
clean,test,S4_final,Cond1,165,14.382054008156242,3.7923678629790443,2.73980838360061,7.642205526772803,3.778378852022579,3.8291319698771953
clean,test,S4_final,Cond2,186,11.3851886069405,3.374194512315569,2.5532775513742636,6.997286545767281,3.3531012892513394,3.4133450318343
clean,test,S4_final,Cond3,73,9.991161244683747,3.1608798212971885,2.4427155005657752,5.571087664058058,3.140907554475599,3.1870321521135634
clean,test,ablation_compact12_bag,all,424,15.787414539698975,3.973337959411328,2.847718254018467,8.21458075827515,3.949403701402501,4.010560318162063
clean,test,ablation_compact12_bag,Cond1,165,11.828431924204015,3.4392487441596913,2.377092968299029,6.751396988547791,3.440862808725045,3.455437967408054
clean,test,ablation_compact12_bag,Cond2,186,20.18409585464669,4.492671349503176,3.2631271512020374,9.393758148498502,4.443743251888903,4.563053132703102
clean,test,ablation_compact12_bag,Cond3,73,13.53329682704682,3.678762947927852,2.8530212302864566,6.794507040007216,3.6754969621408278,3.6868482470322093
clean,test,ablation_compact12_rf,all,424,18.957105986576202,4.353975882636031,3.0933338212988777,9.245382795993173,4.311600351436025,4.388910281637149
clean,test,ablation_compact12_rf,Cond1,165,12.998471406409292,3.6053392914411386,2.4944848955943373,6.981860974015522,3.575302725766996,3.649568027628195
clean,test,ablation_compact12_rf,Cond2,186,26.284256351421146,5.126817370593685,3.7109047311786334,10.268050989706492,5.037786723123187,5.209426871950996
clean,test,ablation_compact12_rf,Cond3,73,13.756074998444438,3.708918305711847,2.873359622718255,6.738359161760254,3.70635674176183,3.717855060612282
clean,test,ablation_compact_no_pressure_bag,all,424,14.851328605420756,3.853742156063474,2.7527687185174305,7.983556742473223,3.839267852106529,3.8772470834484114
clean,test,ablation_compact_no_pressure_bag,Cond1,165,12.283820095079053,3.5048281120589997,2.3811500282327223,7.299819773302449,3.49199522713426,3.5234515871059235
clean,test,ablation_compact_no_pressure_bag,Cond2,186,17.676663307848496,4.204362413951549,3.0470903777884346,8.691304439328956,4.164801332706491,4.242180269741536
clean,test,ablation_compact_no_pressure_bag,Cond3,73,13.45580325685667,3.6682152686090643,2.842813311292362,6.792834788163089,3.660807508466263,3.682118562976126
clean,test,ablation_compact_no_pressure_rf,all,424,18.550681523192093,4.307050211361843,3.0677913837244546,9.023786017391684,4.3009903028885725,4.348956207213037
clean,test,ablation_compact_no_pressure_rf,Cond1,165,13.971095544829124,3.7377928707767,2.575081540762656,7.131353828959439,3.732717265798518,3.767491656488615
clean,test,ablation_compact_no_pressure_rf,Cond2,186,24.509609501291084,4.950718079358901,3.5809885573108935,10.796234845828959,4.9385581007505275,5.012330490137917
clean,test,ablation_compact_no_pressure_rf,Cond3,73,13.718778543787666,3.703886950729958,2.8738523399110147,6.793129869433824,3.7012632781502974,3.7091486669614544
clean,test,ablation_compact_no_slurry_bag,all,424,15.12290305911171,3.8888176942499775,2.829998400865572,7.860100768571958,3.869274733965967,3.939985028749337
clean,test,ablation_compact_no_slurry_bag,Cond1,165,11.661105018285424,3.41483601630963,2.3897150808290606,6.308395722740674,3.4117761658855597,3.4268472998244985
clean,test,ablation_compact_no_slurry_bag,Cond2,186,18.836996753699367,4.340160913341736,3.2126371793939645,9.29093018547249,4.301367840621074,4.436764822735123
clean,test,ablation_compact_no_slurry_bag,Cond3,73,13.484207847372442,3.6720849455551057,2.8502166885332882,6.710669762934773,3.6694344894782787,3.675689550633129
clean,test,ablation_compact_no_slurry_rf,all,424,19.197634241478845,4.381510497702687,3.1433282559475266,8.925383074173137,4.3647227141884715,4.41630424230879
clean,test,ablation_compact_no_slurry_rf,Cond1,165,12.895690458737706,3.591057011346061,2.5493064132761756,6.968403143335487,3.5353953149586403,3.669684981405035
clean,test,ablation_compact_no_slurry_rf,Cond2,186,26.939295533756713,5.190307845759894,3.7753303737728285,10.97388203912383,5.193865411572139,5.209764800277464
clean,test,ablation_compact_no_slurry_rf,Cond3,73,13.716424978309055,3.703569221482036,2.875673600129262,6.794416699351277,3.696763664689031,3.7116392933870688
clean,test,ablation_compact_no_usage_bag,all,424,46.842298150550754,6.844143346727241,5.25624733156559,14.241802573352473,6.832527678859411,6.8955951541096505
clean,test,ablation_compact_no_usage_bag,Cond1,165,34.39825596966871,5.865002640209867,4.496520400716244,11.644322538848504,5.867190138683746,5.893676635123799
clean,test,ablation_compact_no_usage_bag,Cond2,186,70.39773080180314,8.390335559547255,6.821249848206855,15.740583249275536,8.362635698531431,8.48649562576374
clean,test,ablation_compact_no_usage_bag,Cond3,73,14.951291119216412,3.866689943506773,2.98589768081034,6.936244744512631,3.8554261405624057,3.8888175161037144
clean,test,ablation_compact_no_usage_rf,all,424,46.25059078792144,6.800778689820853,5.237780205318539,14.202277906589202,6.768460246391683,6.848582422762562
clean,test,ablation_compact_no_usage_rf,Cond1,165,34.65575573244186,5.886913939615718,4.531378792534509,10.97542093685381,5.879015512301089,5.932511743592524
clean,test,ablation_compact_no_usage_rf,Cond2,186,68.78173201787806,8.293475267816143,6.745565870107393,15.600088173697195,8.237854404492808,8.38332206319344
clean,test,ablation_compact_no_usage_rf,Cond3,73,15.049981409595368,3.8794305522325527,2.992685677354672,7.1212544053692275,3.872958452077072,3.8907341763067933
clean,test,ablation_compact_stage12_bag,all,424,15.772718767790316,3.971488230851291,2.8451993505194006,8.19372300971697,3.9498293792730523,4.007562287371369
clean,test,ablation_compact_stage12_bag,Cond1,165,11.82155932681554,3.4382494567462003,2.375178570339213,6.756243718688273,3.437006622180538,3.4505845573915432
clean,test,ablation_compact_stage12_bag,Cond2,186,20.151561463349893,4.489049060029295,3.2587583516161818,9.363914946159415,4.437294241289299,4.56007059681849
clean,test,ablation_compact_stage12_bag,Cond3,73,13.546370362129466,3.6805394118429797,2.8538494125156992,6.794475654522228,3.677999738024432,3.6878155075306407
clean,test,ablation_compact_stage12_rf,all,424,18.891420678871416,4.346426196183644,3.08009515731849,9.12166461085143,4.308166185220395,4.400348089262168
clean,test,ablation_compact_stage12_rf,Cond1,165,12.880765442439667,3.588978328499584,2.484423528254228,7.000539969444446,3.5723200945130165,3.6491868095030484
clean,test,ablation_compact_stage12_rf,Cond2,186,26.23875160612648,5.122377534517197,3.6905667211147115,10.186829518516095,5.057243024345137,5.186872304792981
clean,test,ablation_compact_stage12_rf,Cond3,73,13.756551658896003,3.7089825638436213,2.8710281426541906,6.793370023198958,3.70660459150592,3.717098367381207
clean,test,compact12_bag,all,424,14.863462300097893,3.855316108971856,2.8268955720103577,7.3638433939491,3.8611000499023107,3.8652955560325055
clean,test,compact12_bag,Cond1,165,14.42878061108658,3.798523477759033,2.719288861492784,7.135186124257743,3.790276664545798,3.829974225216188
clean,test,compact12_bag,Cond2,186,16.65575450664653,4.081146224609764,2.9853112920489426,8.350973242681778,4.088378073549103,4.091619548237006
clean,test,compact12_bag,Cond3,73,11.279299673643365,3.3584668635619086,2.66648164472574,6.583465609408959,3.3217441446044007,3.406537111481402
clean,test,compact12_rf,all,424,14.61001308036833,3.822304681781442,2.8281955956736304,7.645631183232874,3.8199752299285863,3.8447627109405627
clean,test,compact12_rf,Cond1,165,14.382054008156242,3.7923678629790443,2.73980838360061,7.642205526772803,3.778378852022579,3.8291319698771953
clean,test,compact12_rf,Cond2,186,16.23958764593798,4.0298371736259995,2.985110872104674,8.401204099344593,4.015112602904105,4.0547868172300285
clean,test,compact12_rf,Cond3,73,10.973196336793526,3.3125815215317385,2.6281633843842354,6.129578614534261,3.3050806256716245,3.3250054113082768
clean,test,compact33_bag,all,424,9.743195514200025,3.1214092192790144,2.298294682978859,6.1994467835484945,3.1183581033554786,3.1367131027076254
clean,test,compact33_bag,Cond1,165,8.475118759719091,2.9112057226721526,2.112267513693937,5.739576437744237,2.8941755494976316,2.9589711805526595
clean,test,compact33_bag,Cond2,186,10.474635804116001,3.236454202381984,2.3611026638956654,6.620540975302212,3.2245033008358694,3.268845308085222
clean,test,compact33_bag,Cond3,73,10.745726617829941,3.278067512701644,2.5587357580677104,5.726390330469365,3.251242045194567,3.3149025496083713
clean,test,compact33_rf,all,424,9.659410151594006,3.107959161828547,2.299225092979267,6.2243393670896054,3.093456723424709,3.134609704479561
clean,test,compact33_rf,Cond1,165,8.442483931925986,2.9055952801321085,2.1061277554774245,5.904294883248959,2.888330623933413,2.9337359014715236
clean,test,compact33_rf,Cond2,186,10.357882837919457,3.2183664859551744,2.3764787438404564,6.5423452776760165,3.220024825897323,3.2413924865859784
clean,test,compact33_rf,Cond3,73,10.630326680206194,3.2604181756649244,2.5388399097960166,5.537374874237902,3.21042858581251,3.3230224520806275
clean,test,condition_mean,all,424,51.56662570524714,7.180990579665673,5.549528306985074,14.80050032786337,7.180990579665673,7.180990579665673
clean,test,condition_mean,Cond1,165,41.96015939715453,6.477666199886694,5.021636829573935,13.552725375939847,6.477666199886694,6.477666199886694
clean,test,condition_mean,Cond2,186,74.28471250575217,8.61885795832326,7.02837505838116,17.08079811349693,8.61885795832326,8.61885795832326
clean,test,condition_mean,Cond3,73,15.395431129101164,3.923701202831475,2.9746871838777658,7.88341491758241,3.923701202831475,3.923701202831475
clean,test,full125_bag,all,424,9.284385107833913,3.047028898424482,2.2826180169709676,6.097443265015753,3.0389989515236473,3.0797285196650868
clean,test,full125_bag,Cond1,165,8.331282207177297,2.8863960586131103,2.114771276758763,5.792366422895956,2.850808361193744,2.943827475494595
clean,test,full125_bag,Cond2,186,9.576531099057215,3.0945970818601274,2.315132824885058,6.349927780932305,3.088726994149602,3.1214953081756716
clean,test,full125_bag,Cond3,73,10.694286809762774,3.2702120435474478,2.5791516863270365,5.557704742684417,3.257172489012856,3.3009849411196606
clean,test,full125_rf,all,424,9.215642621978853,3.0357276923299383,2.2744903072634464,6.068559571572375,3.022582022795569,3.067809287003796
clean,test,full125_rf,Cond1,165,8.264037202482545,2.8747238480387196,2.111333655261415,5.585769849349306,2.8702719699579635,2.906441581117046
clean,test,full125_rf,Cond2,186,9.524570331034646,3.086190261638878,2.3070379028988968,6.312120295717161,3.0853684281493488,3.1175344387710124
clean,test,full125_rf,Cond3,73,10.579400708725627,3.2525990697787557,2.5603395509914093,5.525758355588718,3.189546981671447,3.292064715950996
clean,test,history_none,all,424,12.289535841746972,3.5056434276387796,2.6133057864830547,7.089965464709089,3.4884813476554486,3.52834695801841
clean,test,history_none,Cond1,165,14.382054008156242,3.7923678629790443,2.73980838360061,7.642205526772803,3.778378852022579,3.8291319698771953
clean,test,history_none,Cond2,186,11.3851886069405,3.374194512315569,2.5532775513742636,6.997286545767281,3.3531012892513394,3.4133450318343
clean,test,history_none,Cond3,73,9.864098694027446,3.140716270857246,2.4803239125904315,5.762363200253361,3.1253560161512266,3.1620577665223872
clean,test,history_raw,all,424,9.113960200447307,3.0189336197484216,2.2613668977609214,6.05824816886582,3.024619697357457,3.0296288474824897
clean,test,history_raw,Cond1,165,8.442483931925986,2.9055952801321085,2.1061277554774245,5.904294883248959,2.888330623933413,2.9337359014715236
clean,test,history_raw,Cond2,186,9.305970415900571,3.0505688675885634,2.3048948462692107,6.421651609398289,3.0394763117617387,3.0721060218450758
clean,test,history_raw,Cond3,73,10.142449025539243,3.184721184898176,2.5013430628874302,5.351147502787779,3.1534199784109966,3.212304118640859
clean,test,history_reset,all,424,10.47657420405928,3.2367536520500413,2.35054425836344,6.9869358900314,3.2365848214438517,3.2563125290066104
clean,test,history_reset,Cond1,165,9.856914155224011,3.139572288580725,2.217723093578727,5.821972847453167,3.126325667993971,3.1626454319597164
clean,test,history_reset,Cond2,186,10.323578412555598,3.2130325881564907,2.3769349338230796,6.951658805165547,3.196159331758036,3.2685066174999364
clean,test,history_reset,Cond3,73,12.267000577723739,3.5024278119218586,2.5835144851303564,7.056366489962339,3.4939271200656465,3.5220654223219063
clean,test,history_reset_summary,all,424,10.384616719987221,3.222517140371362,2.3440540132875176,6.83928272905676,3.224298997448394,3.2398928472652706
clean,test,history_reset_summary,Cond1,165,9.73987424706335,3.1208771598804317,2.217028084408893,6.109940088724263,3.1079936567418947,3.1640718225101314
clean,test,history_reset_summary,Cond2,186,10.250156510980416,3.2015865615317067,2.3687298755387824,7.024788592041315,3.1860148659176626,3.2416604944253744
clean,test,history_reset_summary,Cond3,73,12.18450859543523,3.490631546788522,2.568294669263377,7.0928201549574,3.472219473516353,3.5118859477495157
clean,test,history_standardized,all,424,8.917061994784218,2.986145005652642,2.238081603707018,5.981273895999778,2.9819418677271936,3.0133512163887985
clean,test,history_standardized,Cond1,165,7.91622730320846,2.8135790913369507,2.0654130247645037,5.674189162180179,2.783556833047748,2.8611435876734617
clean,test,history_standardized,Cond2,186,9.383344139232253,3.0632244676536935,2.3109420394856497,6.271157003183376,3.0393947526930427,3.0937840548655298
clean,test,history_standardized,Cond3,73,9.991161244683747,3.1608798212971885,2.4427155005657752,5.571087664058058,3.140907554475599,3.1870321521135634
clean,test,persistent,all,424,15.901329451680425,3.9876471072150337,3.0126251179245287,8.170859999999998,3.987647107215034,3.987647107215034
clean,test,persistent,Cond1,165,12.671734312090909,3.5597379555370234,2.663989090909091,7.247729999999989,3.5597379555370234,3.5597379555370234
clean,test,persistent,Cond2,186,18.062124779153226,4.249955856141711,3.214857258064516,8.670750000000002,4.249955856141711,4.249955856141711
clean,test,persistent,Cond3,73,17.695511193082208,4.206603284490018,3.285361643835619,8.151090000000014,4.206603284490018,4.206603284490018
clean,test,phase_active,all,424,12.03431629209227,3.469051209205807,2.524117733311687,6.5778869980263135,3.473628617154785,3.4814060754676976
clean,test,phase_active,Cond1,165,12.998471406409292,3.6053392914411386,2.4944848955943373,6.981860974015522,3.575302725766996,3.649568027628195
clean,test,phase_active,Cond2,186,11.839037047822732,3.440790177825834,2.548356332271658,6.911146155475976,3.422432931112902,3.482784976359332
clean,test,phase_active,Cond3,73,10.352622395815908,3.2175491287338422,2.529337443130975,5.31880877748552,3.1626492923551734,3.2671821113160924
clean,test,phase_gap,all,424,11.500579387830795,3.3912504165618316,2.5181217262324216,6.8355452072873195,3.387358927289857,3.4214935177305925
clean,test,phase_gap,Cond1,165,14.382054008156242,3.7923678629790443,2.73980838360061,7.642205526772803,3.778378852022579,3.8291319698771953
clean,test,phase_gap,Cond2,186,9.305970415900571,3.0505688675885634,2.3048948462692107,6.421651609398289,3.0394763117617387,3.0721060218450758
clean,test,phase_gap,Cond3,73,10.579400708725627,3.2525990697787557,2.5603395509914093,5.525758355588718,3.189546981671447,3.292064715950996
clean,test,phase_longest,all,424,11.99154976439607,3.4628817138903356,2.5263479833833173,6.489016517122608,3.4615353357247383,3.4795575871763167
clean,test,phase_longest,Cond1,165,12.922741599645363,3.594821497605321,2.4943853055204825,6.994496173089514,3.559856984188756,3.625232329873445
clean,test,phase_longest,Cond2,186,11.891214824183246,3.44836407941262,2.564515730929379,7.016341013883505,3.438646324050204,3.4885157263853688
clean,test,phase_longest,Cond3,73,10.142449025539243,3.184721184898176,2.5013430628874302,5.351147502787779,3.1534199784109966,3.212304118640859
clean,test,phase_raw,all,424,11.500579387830795,3.3912504165618316,2.5181217262324216,6.8355452072873195,3.387358927289857,3.4214935177305925
clean,test,phase_raw,Cond1,165,14.382054008156242,3.7923678629790443,2.73980838360061,7.642205526772803,3.778378852022579,3.8291319698771953
clean,test,phase_raw,Cond2,186,9.305970415900571,3.0505688675885634,2.3048948462692107,6.421651609398289,3.0394763117617387,3.0721060218450758
clean,test,phase_raw,Cond3,73,10.579400708725627,3.2525990697787557,2.5603395509914093,5.525758355588718,3.189546981671447,3.292064715950996
clean,test,phase_trimmed,all,424,12.520391022347544,3.5384164568840033,2.5721245578939778,6.690513260547266,3.5432979280998995,3.5580725411083636
clean,test,phase_trimmed,Cond1,165,13.891248000167892,3.7270964570517746,2.590700944388661,6.852155316528922,3.737444514838651,3.7398434794693647
clean,test,phase_trimmed,Cond2,186,12.251843566013166,3.500263356665205,2.5909148280355727,7.00582396308787,3.4969231944594292,3.536690450818887
clean,test,phase_trimmed,Cond3,73,10.106122879030249,3.179012878084996,2.4822602562780967,5.173113573039748,3.176253397731084,3.1912908678066447
clean,test,primary73_bag,all,424,9.183561729990975,3.0304391975406757,2.2730539832992975,6.022846981422434,3.0239589343054303,3.0501628409010517
clean,test,primary73_bag,Cond1,165,8.281453569551488,2.8777514780730264,2.1107154984974263,5.54432581469361,2.866333115642449,2.9101824670371266
clean,test,primary73_bag,Cond2,186,9.452702478052222,3.074524756454601,2.3149445568396287,6.493034484559093,3.0428214975717958,3.1169379566868045
clean,test,primary73_bag,Cond3,73,10.536817446883084,3.24604643326048,2.5332485492418613,5.546747243617078,3.227177118149913,3.282658097995981
clean,test,primary73_rf,all,424,9.086290910106534,3.014347509844632,2.2717859214611185,6.043693078521601,3.0223106661172823,3.0239820526024586
clean,test,primary73_rf,Cond1,165,8.213725298501297,2.865959751723896,2.1219289815060542,5.227824086648864,2.858284547729352,2.896525721546932
clean,test,primary73_rf,Cond2,186,9.305970415900571,3.0505688675885634,2.3048948462692107,6.421651609398289,3.0394763117617387,3.0721060218450758
clean,test,primary73_rf,Cond3,73,10.498796907876025,3.240184702740883,2.5261439362320828,5.459238980857737,3.2317944767456646,3.2574081449535384
clean,validation,S1_features,all,424,11.565286439682753,3.4007773287415852,2.522085534977525,7.202617060072262,3.3939650368754792,3.4280096273149536
clean,validation,S1_features,Cond1,185,15.63024890488359,3.953510959246678,2.873352916645376,8.264359236431785,3.954780241161541,3.965107583872486
clean,validation,S1_features,Cond2,172,8.643769381644775,2.9400288062610502,2.2732895293810658,5.905816597160255,2.929242245249077,2.991798422001953
clean,validation,S1_features,Cond3,67,7.841150289240627,2.800205401259098,2.1908683313064565,6.205688662593543,2.7490364926862765,2.8346833787399626
clean,validation,S2_phase,all,424,11.539281927802543,3.396951858328661,2.5199715259717217,7.202617060072262,3.3975386453542886,3.421454625377874
clean,validation,S2_phase,Cond1,185,15.63024890488359,3.953510959246678,2.873352916645376,8.264359236431785,3.954780241161541,3.965107583872486
clean,validation,S2_phase,Cond2,172,8.643769381644775,2.9400288062610502,2.2732895293810658,5.905816597160255,2.929242245249077,2.991798422001953
clean,validation,S2_phase,Cond3,67,7.67658442301363,2.7706649784868667,2.177490125060778,5.971322983231713,2.758764568665372,2.7841152346138593
clean,validation,S3_history,all,424,11.788124974660397,3.43338389561383,2.5555470714197055,7.154674889924747,3.433195041902508,3.4454289702317107
clean,validation,S3_history,Cond1,185,15.63024890488359,3.953510959246678,2.873352916645376,8.264359236431785,3.954780241161541,3.965107583872486
clean,validation,S3_history,Cond2,172,9.22960468934317,3.0380264464522306,2.3686962214488148,5.822186150125987,3.029763089512372,3.0685648744134117
clean,validation,S3_history,Cond3,67,7.747416944559976,2.783418212299398,2.1577002778114114,5.880702502953388,2.7701463442139964,2.8064849223909825
clean,validation,S4_final,all,424,11.788124974660397,3.43338389561383,2.5555470714197055,7.154674889924747,3.433195041902508,3.4454289702317107
clean,validation,S4_final,Cond1,185,15.63024890488359,3.953510959246678,2.873352916645376,8.264359236431785,3.954780241161541,3.965107583872486
clean,validation,S4_final,Cond2,172,9.22960468934317,3.0380264464522306,2.3686962214488148,5.822186150125987,3.029763089512372,3.0685648744134117
clean,validation,S4_final,Cond3,67,7.747416944559976,2.783418212299398,2.1577002778114114,5.880702502953388,2.7701463442139964,2.8064849223909825
clean,validation,ablation_compact12_bag,all,424,14.790463702909765,3.8458371914200637,2.7394866414978134,8.776743668759519,3.821631497763351,3.9112838247518007
clean,validation,ablation_compact12_bag,Cond1,185,12.089403198690198,3.4769819094568493,2.4453600583293995,7.692121096530918,3.4414449205806155,3.539855531788197
clean,validation,ablation_compact12_bag,Cond2,172,18.020311528735732,4.2450337488335395,3.0512089762770365,9.347401683259974,4.215132565245891,4.332422988248895
clean,validation,ablation_compact12_bag,Cond3,67,13.957066199007588,3.7359157109077805,2.7513847952908006,8.190974183997099,3.724325291499004,3.7453138326717834
clean,validation,ablation_compact12_rf,all,424,16.837037204785958,4.103295895348757,2.9893638349505065,9.684068488803973,4.094603746290571,4.139634412303526
clean,validation,ablation_compact12_rf,Cond1,185,13.09591136097544,3.6188273461130254,2.6030174358501394,8.131045585947069,3.6000170896090693,3.644425141383109
clean,validation,ablation_compact12_rf,Cond2,172,21.91079212086983,4.680896508241752,3.48542637426161,10.210382268134403,4.668532428228606,4.741639669246504
clean,validation,ablation_compact12_rf,Cond3,67,14.14184967551013,3.7605650739629715,2.782667224085704,8.191259355112397,3.7489627143665345,3.7747772720549277
clean,validation,ablation_compact_no_pressure_bag,all,424,14.584823532685201,3.819008187040871,2.7220896302490982,8.408648105265701,3.805193420738131,3.860116407157013
clean,validation,ablation_compact_no_pressure_bag,Cond1,185,12.480811063072931,3.53281913817746,2.522783115442959,7.67958963629382,3.5123949080991665,3.56693570447234
clean,validation,ablation_compact_no_pressure_bag,Cond2,172,17.08654754329414,4.1335877326233375,2.9266232069222746,9.392339569383825,4.116875714560872,4.192826690651896
clean,validation,ablation_compact_no_pressure_bag,Cond3,67,13.97207393646926,3.7379237467435393,2.7473423175826697,8.19164308473475,3.7334336532573,3.7462936443009025
clean,validation,ablation_compact_no_pressure_rf,all,424,17.199434746676026,4.147220122766095,2.99754573447584,9.404485286636818,4.119393019200341,4.195741265101881
clean,validation,ablation_compact_no_pressure_rf,Cond1,185,13.467579215901019,3.6698200522506577,2.689128068657491,8.151409214177455,3.6520966902784426,3.737542412686184
clean,validation,ablation_compact_no_pressure_rf,Cond2,172,22.391793501754872,4.731996777445529,3.4128103725348113,10.035078044605187,4.687544484274321,4.781651995235553
clean,validation,ablation_compact_no_pressure_rf,Cond3,67,14.174174557419548,3.7648604964088044,2.7830942483601886,8.191525052226456,3.7616969020735276,3.769944160368931
clean,validation,ablation_compact_no_slurry_bag,all,424,14.651461236655162,3.827722722018297,2.722347445909996,9.18284166888997,3.7985175173398638,3.886707627188613
clean,validation,ablation_compact_no_slurry_bag,Cond1,185,11.966251799550522,3.4592270523269386,2.4341142770653654,7.798463731289382,3.433825495071173,3.501592578790686
clean,validation,ablation_compact_no_slurry_bag,Cond2,172,17.81363621536445,4.220620359066242,3.0180099962302513,9.409736239743765,4.181452627844815,4.311979119473517
clean,validation,ablation_compact_no_slurry_bag,Cond3,67,13.948023169884433,3.734705231994144,2.7592008426439185,8.190533219860123,3.7238194783472034,3.7432871774947762
clean,validation,ablation_compact_no_slurry_rf,all,424,17.081918845577587,4.133027806049409,3.017268519377244,9.36964672549773,4.126115597230975,4.159593781759889
clean,validation,ablation_compact_no_slurry_rf,Cond1,185,13.110026983953729,3.620777124313747,2.6093119035145436,7.821433151821751,3.6234008817162153,3.639428989025843
clean,validation,ablation_compact_no_slurry_rf,Cond2,172,22.493143414618224,4.742693687622913,3.5466984552969,10.327308509231427,4.714502753434189,4.79354469276092
clean,validation,ablation_compact_no_slurry_rf,Cond3,67,14.157581062374957,3.762656118006927,2.784582324696928,8.192312544901615,3.7559040797649312,3.7754944664339716
clean,validation,ablation_compact_no_usage_bag,all,424,54.448269312277375,7.378907054047867,5.790260828450045,13.870325011093104,7.355062178685895,7.431361136261638
clean,validation,ablation_compact_no_usage_bag,Cond1,185,37.83382768551546,6.150920881097029,4.949886509713596,11.984285879551317,6.133182674691617,6.207427918706866
clean,validation,ablation_compact_no_usage_bag,Cond2,172,86.9270736814992,9.323468972517643,7.71365614281438,17.71628293598422,9.289223265364857,9.377961842305782
clean,validation,ablation_compact_no_usage_bag,Cond3,67,16.94554318458781,4.1164964696435495,3.173025826891497,8.850512997300648,4.077860308301789,4.161414103994439
clean,validation,ablation_compact_no_usage_rf,all,424,53.90838917887971,7.342233255548322,5.758678178027908,13.902269282069373,7.32332057963095,7.376504287807556
clean,validation,ablation_compact_no_usage_rf,Cond1,185,37.67449795146379,6.13795551885673,4.919753083899972,12.35453765473274,6.121086921198809,6.162871404307863
clean,validation,ablation_compact_no_usage_rf,Cond2,172,85.786752505534,9.262113824907033,7.670474320337856,17.63245031340523,9.239788378138226,9.303826635654406
clean,validation,ablation_compact_no_usage_rf,Cond3,67,16.89632029660215,4.110513386014228,3.1672185651377185,8.83632607341926,4.0882896824531665,4.153809713281257
clean,validation,ablation_compact_stage12_bag,all,424,14.791709800817065,3.845999194073897,2.740021886106951,8.791282968499841,3.825117035881069,3.9065099499265603
clean,validation,ablation_compact_stage12_bag,Cond1,185,12.114405632248442,3.4805754742927846,2.4457129639644255,7.690996112317049,3.4533419091033806,3.530743976947726
clean,validation,ablation_compact_stage12_bag,Cond2,172,17.99217332430285,4.241718204254362,3.0517117598050403,9.351758300021078,4.210238798910546,4.329100976922057
clean,validation,ablation_compact_stage12_bag,Cond3,67,13.968150773140051,3.737398931495011,2.7525068461113658,8.190986738191095,3.725332732186795,3.7473922045595973
clean,validation,ablation_compact_stage12_rf,all,424,16.771126430388243,4.095256576868932,2.9742071607678713,9.368314815631356,4.0658747021820325,4.1293601056102816
clean,validation,ablation_compact_stage12_rf,Cond1,185,13.12823261633776,3.623290302520316,2.595405002003185,8.159504708454632,3.5767549482826113,3.6625636420002583
clean,validation,ablation_compact_stage12_rf,Cond2,172,21.698425847675207,4.658156915312666,3.4546299765878317,10.001191050594924,4.626775327787633,4.698272312008456
clean,validation,ablation_compact_stage12_rf,Cond3,67,14.180676517343198,3.7657239034936163,2.7868291764459867,8.191428990720402,3.746867402743831,3.786339914569032
clean,validation,compact12_bag,all,424,13.659830465553073,3.695920787240045,2.789433799525272,7.505474129713854,3.6734958192577616,3.731094348192321
clean,validation,compact12_bag,Cond1,185,15.271684127391195,3.9079002197332513,2.8546827619960995,8.46706267247286,3.890412580073003,3.9424863742581193
clean,validation,compact12_bag,Cond2,172,14.146983451520656,3.761247592424707,2.96006788157893,7.036499164831004,3.711001735536092,3.813278497125597
clean,validation,compact12_bag,Cond3,67,7.9585880621728196,2.8210969607889798,2.171223050714343,5.967118709492136,2.8009433997280477,2.872832459780474
clean,validation,compact12_rf,all,424,13.858570757603843,3.7227101361244666,2.796696756396665,7.608505838758486,3.7164234380371317,3.7494854592370874
clean,validation,compact12_rf,Cond1,185,15.63024890488359,3.953510959246678,2.873352916645376,8.264359236431785,3.954780241161541,3.965107583872486
clean,validation,compact12_rf,Cond2,172,14.113640502452146,3.756812545556691,2.9339700522986054,7.14706320515301,3.7154509477091464,3.8267849549161217
clean,validation,compact12_rf,Cond3,67,8.311817722370092,2.8830223242927016,2.2326311363795712,6.151125965648543,2.8322200578196046,2.925015775548942
clean,validation,compact33_bag,all,424,9.812637061452813,3.1325128988485926,2.388057215345469,6.839651833247316,3.130419030186532,3.146980065371751
clean,validation,compact33_bag,Cond1,185,8.984042883138837,2.997339300636289,2.286465417121891,6.182781749616708,2.9896012367881974,3.012818107717563
clean,validation,compact33_bag,Cond2,172,11.629060942227166,3.4101408977089447,2.607586287688508,7.79983837813194,3.394176653004393,3.439906698440535
clean,validation,compact33_bag,Cond3,67,7.437488038988584,2.7271758357298093,2.1050047112911283,5.855392248801233,2.719967801607863,2.759869258376727
clean,validation,compact33_rf,all,424,9.753270271811472,3.12302261788343,2.3858168898521983,6.839391862807091,3.1222333082990787,3.1473135617924757
clean,validation,compact33_rf,Cond1,185,9.02804730348949,3.004670914341451,2.2944494109955174,6.328414613843051,2.9956829835493974,3.0281771572390577
clean,validation,compact33_rf,Cond2,172,11.41758097497091,3.378991117918322,2.5931883850286654,7.662526552755278,3.3712508327142183,3.405674601749433
clean,validation,compact33_rf,Cond3,67,7.483192782201655,2.735542502357011,2.105743552809418,5.687750503311284,2.7262958009256373,2.755133519965867
clean,validation,condition_mean,all,424,59.55483651463807,7.717178014963635,6.105404771007672,15.361334784918572,7.717178014963635,7.717178014963635
clean,validation,condition_mean,Cond1,185,46.5575263122367,6.82330757860414,5.546282823613087,12.972044774436084,6.82330757860414,6.82330757860414
clean,validation,condition_mean,Cond2,172,90.27984927946294,9.501570884830725,7.847894627621629,17.422659386503064,9.501570884830725,9.501570884830725
clean,validation,condition_mean,Cond3,67,16.56677967724064,4.070230912029517,3.1759914117598815,8.930505082417584,4.070230912029517,4.070230912029517
clean,validation,full125_bag,all,424,9.426176327349442,3.0702078638667842,2.333440020788504,6.437778173804855,3.0598248123242517,3.094219038390264
clean,validation,full125_bag,Cond1,185,10.213309182889128,3.195826838689657,2.3900765582387176,6.53327696203584,3.1654322115977416,3.2459762244430035
clean,validation,full125_bag,Cond2,172,9.183535652430487,3.0304348949334794,2.3261884521997716,6.388020075136751,3.022215039866946,3.0547274868745236
clean,validation,full125_bag,Cond3,67,7.875648234979569,2.8063585364275125,2.195671518832871,6.0512796422974,2.77820212150062,2.8369088398393503
clean,validation,full125_rf,all,424,9.255637117321541,3.042307860378621,2.309492846935636,6.5035280813918845,3.033905435278852,3.0614554315367637
clean,validation,full125_rf,Cond1,185,9.968179642633734,3.157242411129328,2.3524766179809693,6.430511766786869,3.1324564456900568,3.2040819388605706
clean,validation,full125_rf,Cond2,172,9.040231595802153,3.0066977892369153,2.3094686893994054,6.3723217012383,2.9798362664046083,3.037921484980646
clean,validation,full125_rf,Cond3,67,7.841150289240627,2.800205401259098,2.1908683313064565,6.205688662593543,2.7490364926862765,2.8346833787399626
clean,validation,history_none,all,424,11.859938978372233,3.4438262119875085,2.5717960397038793,7.202617060072262,3.4478240276408085,3.45512131820017
clean,validation,history_none,Cond1,185,15.63024890488359,3.953510959246678,2.873352916645376,8.264359236431785,3.954780241161541,3.965107583872486
clean,validation,history_none,Cond2,172,9.22960468934317,3.0380264464522306,2.3686962214488148,5.822186150125987,3.029763089512372,3.0685648744134117
clean,validation,history_none,Cond3,67,8.201881684467727,2.863892750168506,2.2605295696396146,5.880268527214766,2.8615658287934496,2.882835071539024
clean,validation,history_raw,all,424,8.658604342288609,2.9425506524592926,2.2673839114782695,6.322359644508036,2.9324039869296246,2.9697189181371106
clean,validation,history_raw,Cond1,185,9.02804730348949,3.004670914341451,2.2944494109955174,6.328414613843051,2.9956829835493974,3.0281771572390577
clean,validation,history_raw,Cond2,172,8.643769381644775,2.9400288062610502,2.2732895293810658,5.905816597160255,2.929242245249077,2.991798422001953
clean,validation,history_raw,Cond3,67,7.67658442301363,2.7706649784868667,2.177490125060778,5.971322983231713,2.758764568665372,2.7841152346138593
clean,validation,history_reset,all,424,9.913428670191783,3.148559777134902,2.3839996624250173,6.543209828756513,3.144018960562695,3.167623697970568
clean,validation,history_reset,Cond1,185,11.40056929567837,3.376472907588386,2.483823745694651,7.025430221693517,3.3688368844958823,3.3934197968541144
clean,validation,history_reset,Cond2,172,9.031483127136568,3.0052426070346745,2.324716775281252,6.174330454563103,3.0045850823346933,3.033230973338564
clean,validation,history_reset,Cond3,67,8.071243859601894,2.840993463491582,2.2605549039749477,6.11828844942943,2.835980792362026,2.8603437698839964
clean,validation,history_reset_summary,all,424,9.807181136219091,3.1316419233716823,2.359813672410565,6.363348862734059,3.111985724826178,3.157243659506596
clean,validation,history_reset_summary,Cond1,185,11.322956211998816,3.364960060981232,2.4705853286515786,6.721990378381525,3.35701694648001,3.4024476062768607
clean,validation,history_reset_summary,Cond2,172,8.899776551118828,2.983249327682624,2.2941881329932086,6.028591120037066,2.9556620774662306,3.0326743422626974
clean,validation,history_reset_summary,Cond3,67,7.951288593204108,2.819802935171908,2.2224231705478443,6.041499619040416,2.782564262865008,2.849765257174676
clean,validation,history_standardized,all,424,8.805916330287245,2.9674764245545817,2.2772002626101377,6.367513445587034,2.971846005511647,2.983255524104499
clean,validation,history_standardized,Cond1,185,9.122138696619583,3.020287849960593,2.3043604933182817,6.407360808174092,3.025648223728778,3.028945956137104
clean,validation,history_standardized,Cond2,172,8.878115871404946,2.9796167323004723,2.2945366364503004,6.052424594650991,2.972462121578853,3.01127189420709
clean,validation,history_standardized,Cond3,67,7.747416944559976,2.783418212299398,2.1577002778114114,5.880702502953388,2.7701463442139964,2.8064849223909825
clean,validation,persistent,all,424,15.861657018873812,3.9826695844463185,3.12616308962264,7.863292499999992,3.9826695844463194,3.9826695844463194
clean,validation,persistent,Cond1,185,14.111014305527021,3.756463004679671,2.9344645945945933,7.859939999999991,3.756463004679671,3.756463004679671
clean,validation,persistent,Cond2,172,19.219444176453475,4.383998651511366,3.499360465116277,8.913082499999996,4.383998651511367,4.383998651511367
clean,validation,persistent,Cond3,67,12.075530315373134,3.474986376285975,2.697420895522387,7.149825000000015,3.474986376285975,3.474986376285975
clean,validation,phase_active,all,424,11.910855613948652,3.451210746093123,2.5696003480099248,7.405667701531367,3.430692176774508,3.4840879643158322
clean,validation,phase_active,Cond1,185,13.09591136097544,3.6188273461130254,2.6030174358501394,8.131045585947069,3.6000170896090693,3.644425141383109
clean,validation,phase_active,Cond2,172,12.272930940514476,3.50327431705176,2.690247644338197,7.565745099431335,3.4715137501444575,3.5596245034418734
clean,validation,phase_active,Cond3,67,7.7091799517206185,2.7765410048692996,2.167607867130786,6.011572497574467,2.759898474938408,2.801855433035149
clean,validation,phase_gap,all,424,11.565286439682753,3.4007773287415852,2.522085534977525,7.202617060072262,3.3939650368754792,3.4280096273149536
clean,validation,phase_gap,Cond1,185,15.63024890488359,3.953510959246678,2.873352916645376,8.264359236431785,3.954780241161541,3.965107583872486
clean,validation,phase_gap,Cond2,172,8.643769381644775,2.9400288062610502,2.2732895293810658,5.905816597160255,2.929242245249077,2.991798422001953
clean,validation,phase_gap,Cond3,67,7.841150289240627,2.800205401259098,2.1908683313064565,6.205688662593543,2.7490364926862765,2.8346833787399626
clean,validation,phase_longest,all,424,11.842621747717763,3.4413110507069486,2.559380620108353,7.376944277640532,3.4439787730347176,3.457786638386328
clean,validation,phase_longest,Cond1,185,12.929503482151633,3.5957618778433638,2.5806010868339895,8.080574052835345,3.5816664373208837,3.6264576398137116
clean,validation,phase_longest,Cond2,172,12.296408840071894,3.5066235669190235,2.6853159504801245,7.556472415351388,3.50702035865603,3.5334266288483818
clean,validation,phase_longest,Cond3,67,7.67658442301363,2.7706649784868667,2.177490125060778,5.971322983231713,2.758764568665372,2.7841152346138593
clean,validation,phase_raw,all,424,11.565286439682753,3.4007773287415852,2.522085534977525,7.202617060072262,3.3939650368754792,3.4280096273149536
clean,validation,phase_raw,Cond1,185,15.63024890488359,3.953510959246678,2.873352916645376,8.264359236431785,3.954780241161541,3.965107583872486
clean,validation,phase_raw,Cond2,172,8.643769381644775,2.9400288062610502,2.2732895293810658,5.905816597160255,2.929242245249077,2.991798422001953
clean,validation,phase_raw,Cond3,67,7.841150289240627,2.800205401259098,2.1908683313064565,6.205688662593543,2.7490364926862765,2.8346833787399626
clean,validation,phase_trimmed,all,424,12.381374471636772,3.5187177311680986,2.6138050851384316,7.676443514759515,3.5193800232626526,3.5439571360605635
clean,validation,phase_trimmed,Cond1,185,14.019055503888337,3.7442029196997773,2.666397992543559,8.026166579696923,3.7398374570760677,3.772828605750718
clean,validation,phase_trimmed,Cond2,172,12.47045575142352,3.5313532464798136,2.729846458656302,7.494001603863487,3.523996615409149,3.5564721449812526
clean,validation,phase_trimmed,Cond3,67,7.630733112086616,2.762378162396781,2.1706886058097394,6.01870035466134,2.7590041007665653,2.7762571567256287
clean,validation,primary73_bag,all,424,9.130718423961651,3.021707865423402,2.2901652925301783,6.5789136062970135,3.0114112466990153,3.040863596581521
clean,validation,primary73_bag,Cond1,185,9.999524131858546,3.162202417913589,2.3565423239508383,6.881034517331806,3.1338054225843868,3.193687288466555
clean,validation,primary73_bag,Cond2,172,8.818333857411096,2.969567958038862,2.2822653945024456,5.885079062540193,2.963520814811616,2.9916810539377554
clean,validation,primary73_bag,Cond3,67,7.533719759570161,2.744762240991041,2.1271657648876094,5.795205091500445,2.7197294166411776,2.7906083156587465
clean,validation,primary73_rf,all,424,8.94742090568625,2.9912239811967023,2.2719055287656538,6.457142820449262,2.9932484200373284,3.0130540594023274
clean,validation,primary73_rf,Cond1,185,9.75190912330022,3.12280468862531,2.3289328954014885,6.777074002875362,3.1220066814287675,3.142553183381913
clean,validation,primary73_rf,Cond2,172,8.643769381644775,2.9400288062610502,2.2732895293810658,5.905816597160255,2.929242245249077,2.991798422001953
clean,validation,primary73_rf,Cond3,67,7.505596157575055,2.739634310920904,2.1108889476689345,6.003962132508183,2.7208719824476786,2.763868174619846
full1981,group_oof,S4_final,all,1981,36446.614135729134,190.9099634270803,19.07052554161801,34.94700785833797,190.13016526502827,191.6030726736673
full1981,group_oof,S4_final,Cond1,798,18.859482692433673,4.342750590631895,3.3600567293981163,8.862162284156689,4.317065810193389,4.397022411844716
full1981,group_oof,S4_final,Cond2,815,21.217747187139363,4.60627259149297,3.616085309355764,9.11712347598901,4.588542088285124,4.63289053729977
full1981,group_oof,S4_final,Cond3,368,196109.7833471014,442.8428427186121,87.36488125206695,287.12640185984986,441.03139399531545,444.451544179021
full1981,group_oof,full125_bag,all,1981,36506.14777804754,191.0658205384928,18.008562672781995,18.306905630719285,190.09419650725408,191.90830044653055
full1981,group_oof,full125_bag,Cond1,798,22.811088194579558,4.776095496802755,3.6763139382191588,10.273109173253468,4.722010085198147,4.889350036364491
full1981,group_oof,full125_bag,Cond2,815,29.006843481723333,5.385800170979548,4.377770386964887,10.614459913482161,5.3810744091161675,5.413464797808005
full1981,group_oof,full125_bag,Cond3,368,196404.442724172,443.17540852823953,79.27549257257031,291.14603631579325,440.92094039733513,445.1278044404225
full1981,group_oof,full125_rf,all,1981,36181.86162624511,190.2153033439873,17.951056477525494,22.316686837604607,189.42733213472604,190.77777739816466
full1981,group_oof,full125_rf,Cond1,798,23.313433120032855,4.828398608237814,3.7289864937330166,10.18582636955579,4.801060949691431,4.906963032035409
full1981,group_oof,full125_rf,Cond2,815,28.313203817474474,5.321015299496373,4.3290335891399705,10.465362747837649,5.321078894255578,5.345666747007695
full1981,group_oof,full125_rf,Cond3,368,194659.207882746,441.20200348904353,78.95964479573365,230.59329539771073,439.37377008757807,442.5055371990286
full1981,temporal,S4_final,all,166,78.89437112120339,8.882250341056785,5.07078031209183,23.475534832188877,7.036070509156326,13.311198417379599
full1981,temporal,S4_final,Cond1,74,6.321830931564662,2.514325144360741,1.9492039598584538,4.892615510522847,2.4944647149854937,2.5554457960916266
full1981,temporal,S4_final,Cond2,67,27.102318121422382,5.205988678572244,4.115984793896198,9.287003954325357,5.147271387436388,5.306210094163125
full1981,temporal,S4_final,Cond3,25,432.5117921219473,20.796917851497785,16.869498303466926,33.72987864081508,15.458485909328267,32.93233692629869
full1981,temporal,full125_bag,all,166,76.28901954146286,8.73435856496989,4.833911855861254,25.599154479308815,7.09227388906037,12.317331476340138
full1981,temporal,full125_bag,Cond1,74,6.553522263821327,2.5599848171075794,1.9909899438900187,5.074605904076242,2.5279057151012565,2.6449252075297793
full1981,temporal,full125_bag,Cond2,67,17.451249459365904,4.177469264921754,3.1970083533781364,8.60377226624643,4.017786093720823,4.541090546166347
full1981,temporal,full125_bag,Cond3,25,440.39131530330167,20.9855025029972,17.635862101950867,33.6507388913302,16.45829951597125,30.51927088471988
full1981,temporal,full125_rf,all,166,59.68353525683131,7.725511973767908,4.488860733631564,22.250771098529334,6.151051575367657,10.25592964505941
full1981,temporal,full125_rf,Cond1,74,6.724728854777542,2.5932082166261816,2.024288064707126,4.847918155870529,2.5840821451399805,2.625621210936433
full1981,temporal,full125_rf,Cond2,67,16.152226081343574,4.018983214862134,3.125570827798986,8.267627789842432,3.867670718650969,4.279497026597512
full1981,temporal,full125_rf,Cond3,25,333.10551079721756,18.251178339965275,15.437612781279208,30.201153755516128,13.770159220695492,25.0785704920852
full1981,test,S4_final,all,424,1461.8381513506295,38.233992092778244,5.645891660161501,9.516084939379715,35.54387659479531,41.17209309716663
full1981,test,S4_final,Cond1,165,14.382054008156242,3.7923678629790443,2.73980838360061,7.642205526772803,3.778378852022579,3.8291319698771953
full1981,test,S4_final,Cond2,186,11.3851886069405,3.374194512315569,2.5532775513742636,6.997286545767281,3.3531012892513394,3.4133450318343
full1981,test,S4_final,Cond3,73,8429.160166855208,91.81045782946084,20.09424734327072,37.02709162379901,85.30532282340701,98.91130670701025
full1981,test,full125_bag,all,424,2980.0806379869673,54.59011483764224,8.435912100048805,7.475339402256114,51.70355131464056,57.47434379862164
full1981,test,full125_bag,Cond1,165,8.331282207177297,2.8863960586131103,2.114771276758763,5.792366422895956,2.850808361193744,2.943827475494595
full1981,test,full125_bag,Cond2,186,9.576531099057215,3.0945970818601274,2.315132824885058,6.349927780932305,3.088726994149602,3.1214953081756716
full1981,test,full125_bag,Cond3,73,17265.730056957054,131.39912502355963,38.318832388039404,446.335626389001,124.4340432685071,138.3587672734061
full1981,test,full125_rf,all,424,2322.9998698074487,48.197508958528644,8.134600949026156,11.300590719825774,47.328588626233945,49.79322731788446
full1981,test,full125_rf,Cond1,165,8.264037202482545,2.8747238480387196,2.111333655261415,5.585769849349306,2.8702719699579635,2.906441581117046
full1981,test,full125_rf,Cond2,186,9.524570331034646,3.086190261638878,2.3070379028988968,6.312120295717161,3.0853684281493488,3.1175344387710124
full1981,test,full125_rf,Cond3,73,13449.545322991453,115.9721747790885,36.597146566161136,311.27821967858347,113.87490055122967,119.8238018369555
full1981,validation,S4_final,all,424,3626.579863332705,60.221091515620216,7.0756380980082865,9.532884363126282,58.25844618839158,63.90007435769896
full1981,validation,S4_final,Cond1,185,15.63024890488359,3.953510959246678,2.873352916645376,8.264359236431785,3.954780241161541,3.965107583872486
full1981,validation,S4_final,Cond2,172,9.22960468934317,3.0380264464522306,2.3686962214488148,5.822186150125987,3.029763089512372,3.0685648744134117
full1981,validation,S4_final,Cond3,67,22883.444388046217,151.2727483324284,30.762455431148094,70.34201711729078,146.32672823505533,160.54020711355986
full1981,validation,full125_bag,all,424,4283.72288244645,65.4501557098717,7.899628245369927,8.138627194109878,64.13640931101006,68.12124793553207
full1981,validation,full125_bag,Cond1,185,10.213309182889128,3.195826838689657,2.3900765582387176,6.53327696203584,3.1654322115977416,3.2459762244430035
full1981,validation,full125_bag,Cond2,172,9.183535652430487,3.0304348949334794,2.3261884521997716,6.388020075136751,3.022215039866946,3.0547274868745236
full1981,validation,full125_bag,Cond3,67,27057.15629591407,164.4905963753371,37.42050446245261,122.80322203215052,161.1810858539454,171.21399878667387
full1981,validation,full125_rf,all,424,4067.8300053021608,63.77954221615393,8.001602130809257,8.734792291625594,62.5408866307282,66.35265604704902
full1981,validation,full125_rf,Cond1,185,9.968179642633734,3.157242411129328,2.3524766179809693,6.430511766786869,3.1324564456900568,3.2040819388605706
full1981,validation,full125_rf,Cond2,172,9.040231595802153,3.0066977892369153,2.3094686893994054,6.3723217012383,2.9798362664046083,3.037921484980646
full1981,validation,full125_rf,Cond3,67,25691.953569847028,160.2870973280352,38.21257484417833,115.8298330328063,157.16618462266408,166.76499184731725
full_fit_clean_eval,group_oof,S4_final,all,1977,3232.482247284401,56.854922806071954,10.903550208476311,33.26055077349942,54.612919903504626,58.84963375992613
full_fit_clean_eval,group_oof,S4_final,Cond1,798,18.859482692433673,4.342750590631895,3.3600567293981163,8.862162284156689,4.317065810193389,4.397022411844716
full_fit_clean_eval,group_oof,S4_final,Cond2,815,21.217747187139363,4.60627259149297,3.616085309355764,9.11712347598901,4.588542088285124,4.63289053729977
full_fit_clean_eval,group_oof,S4_final,Cond3,364,17467.788658613135,132.16576205134646,43.75792298069511,254.0007379687005,126.92064704367796,136.82659176923863
full_fit_clean_eval,group_oof,full125_bag,all,1977,3255.8457517890542,57.06001885549158,9.83508045192147,16.4884277645508,53.70385517866007,59.83058755794804
full_fit_clean_eval,group_oof,full125_bag,Cond1,798,22.811088194579558,4.776095496802755,3.6763139382191588,10.273109173253468,4.722010085198147,4.889350036364491
full_fit_clean_eval,group_oof,full125_bag,Cond2,815,29.006843481723333,5.385800170979548,4.377770386964887,10.614459913482161,5.3810744091161675,5.413464797808005
full_fit_clean_eval,group_oof,full125_bag,Cond3,364,17568.580289752976,132.5465212284086,35.55596886091614,154.2840927317285,124.69959898361085,139.01424361550724
full_fit_clean_eval,group_oof,full125_rf,all,1977,2995.1990581086434,54.7284117996187,9.785449703410613,21.662619697485777,51.271895943040455,57.2890543833402
full_fit_clean_eval,group_oof,full125_rf,Cond1,798,23.313433120032855,4.828398608237814,3.7289864937330166,10.18582636955579,4.801060949691431,4.906963032035409
full_fit_clean_eval,group_oof,full125_rf,Cond2,815,28.313203817474474,5.321015299496373,4.3290335891399705,10.465362747837649,5.321078894255578,5.345666747007695
full_fit_clean_eval,group_oof,full125_rf,Cond3,364,16153.37680532901,127.09593543984406,35.28005622663395,129.8049493666588,119.01197338100842,133.07742104311978
full_fit_clean_eval,temporal,S4_final,all,166,78.89437112120339,8.882250341056785,5.07078031209183,23.475534832188877,7.036070509156326,13.311198417379599
full_fit_clean_eval,temporal,S4_final,Cond1,74,6.321830931564662,2.514325144360741,1.9492039598584538,4.892615510522847,2.4944647149854937,2.5554457960916266
full_fit_clean_eval,temporal,S4_final,Cond2,67,27.102318121422382,5.205988678572244,4.115984793896198,9.287003954325357,5.147271387436388,5.306210094163125
full_fit_clean_eval,temporal,S4_final,Cond3,25,432.5117921219473,20.796917851497785,16.869498303466926,33.72987864081508,15.458485909328267,32.93233692629869
full_fit_clean_eval,temporal,full125_bag,all,166,76.28901954146286,8.73435856496989,4.833911855861254,25.599154479308815,7.09227388906037,12.317331476340138
full_fit_clean_eval,temporal,full125_bag,Cond1,74,6.553522263821327,2.5599848171075794,1.9909899438900187,5.074605904076242,2.5279057151012565,2.6449252075297793
full_fit_clean_eval,temporal,full125_bag,Cond2,67,17.451249459365904,4.177469264921754,3.1970083533781364,8.60377226624643,4.017786093720823,4.541090546166347
full_fit_clean_eval,temporal,full125_bag,Cond3,25,440.39131530330167,20.9855025029972,17.635862101950867,33.6507388913302,16.45829951597125,30.51927088471988
full_fit_clean_eval,temporal,full125_rf,all,166,59.68353525683131,7.725511973767908,4.488860733631564,22.250771098529334,6.151051575367657,10.25592964505941
full_fit_clean_eval,temporal,full125_rf,Cond1,74,6.724728854777542,2.5932082166261816,2.024288064707126,4.847918155870529,2.5840821451399805,2.625621210936433
full_fit_clean_eval,temporal,full125_rf,Cond2,67,16.152226081343574,4.018983214862134,3.125570827798986,8.267627789842432,3.867670718650969,4.279497026597512
full_fit_clean_eval,temporal,full125_rf,Cond3,25,333.10551079721756,18.251178339965275,15.437612781279208,30.201153755516128,13.770159220695492,25.0785704920852
full_fit_clean_eval,test,S4_final,all,424,1461.8381513506295,38.233992092778244,5.645891660161501,9.516084939379715,35.54387659479531,41.17209309716663
full_fit_clean_eval,test,S4_final,Cond1,165,14.382054008156242,3.7923678629790443,2.73980838360061,7.642205526772803,3.778378852022579,3.8291319698771953
full_fit_clean_eval,test,S4_final,Cond2,186,11.3851886069405,3.374194512315569,2.5532775513742636,6.997286545767281,3.3531012892513394,3.4133450318343
full_fit_clean_eval,test,S4_final,Cond3,73,8429.160166855208,91.81045782946084,20.09424734327072,37.02709162379901,85.30532282340701,98.91130670701025
full_fit_clean_eval,test,full125_bag,all,424,2980.0806379869673,54.59011483764224,8.435912100048805,7.475339402256114,51.70355131464056,57.47434379862164
full_fit_clean_eval,test,full125_bag,Cond1,165,8.331282207177297,2.8863960586131103,2.114771276758763,5.792366422895956,2.850808361193744,2.943827475494595
full_fit_clean_eval,test,full125_bag,Cond2,186,9.576531099057215,3.0945970818601274,2.315132824885058,6.349927780932305,3.088726994149602,3.1214953081756716
full_fit_clean_eval,test,full125_bag,Cond3,73,17265.730056957054,131.39912502355963,38.318832388039404,446.335626389001,124.4340432685071,138.3587672734061
full_fit_clean_eval,test,full125_rf,all,424,2322.9998698074487,48.197508958528644,8.134600949026156,11.300590719825774,47.328588626233945,49.79322731788446
full_fit_clean_eval,test,full125_rf,Cond1,165,8.264037202482545,2.8747238480387196,2.111333655261415,5.585769849349306,2.8702719699579635,2.906441581117046
full_fit_clean_eval,test,full125_rf,Cond2,186,9.524570331034646,3.086190261638878,2.3070379028988968,6.312120295717161,3.0853684281493488,3.1175344387710124
full_fit_clean_eval,test,full125_rf,Cond3,73,13449.545322991453,115.9721747790885,36.597146566161136,311.27821967858347,113.87490055122967,119.8238018369555
full_fit_clean_eval,validation,S4_final,all,424,3626.579863332705,60.221091515620216,7.0756380980082865,9.532884363126282,58.25844618839158,63.90007435769896
full_fit_clean_eval,validation,S4_final,Cond1,185,15.63024890488359,3.953510959246678,2.873352916645376,8.264359236431785,3.954780241161541,3.965107583872486
full_fit_clean_eval,validation,S4_final,Cond2,172,9.22960468934317,3.0380264464522306,2.3686962214488148,5.822186150125987,3.029763089512372,3.0685648744134117
full_fit_clean_eval,validation,S4_final,Cond3,67,22883.444388046217,151.2727483324284,30.762455431148094,70.34201711729078,146.32672823505533,160.54020711355986
full_fit_clean_eval,validation,full125_bag,all,424,4283.72288244645,65.4501557098717,7.899628245369927,8.138627194109878,64.13640931101006,68.12124793553207
full_fit_clean_eval,validation,full125_bag,Cond1,185,10.213309182889128,3.195826838689657,2.3900765582387176,6.53327696203584,3.1654322115977416,3.2459762244430035
full_fit_clean_eval,validation,full125_bag,Cond2,172,9.183535652430487,3.0304348949334794,2.3261884521997716,6.388020075136751,3.022215039866946,3.0547274868745236
full_fit_clean_eval,validation,full125_bag,Cond3,67,27057.15629591407,164.4905963753371,37.42050446245261,122.80322203215052,161.1810858539454,171.21399878667387
full_fit_clean_eval,validation,full125_rf,all,424,4067.8300053021608,63.77954221615393,8.001602130809257,8.734792291625594,62.5408866307282,66.35265604704902
full_fit_clean_eval,validation,full125_rf,Cond1,185,9.968179642633734,3.157242411129328,2.3524766179809693,6.430511766786869,3.1324564456900568,3.2040819388605706
full_fit_clean_eval,validation,full125_rf,Cond2,172,9.040231595802153,3.0066977892369153,2.3094686893994054,6.3723217012383,2.9798362664046083,3.037921484980646
full_fit_clean_eval,validation,full125_rf,Cond3,67,25691.953569847028,160.2870973280352,38.21257484417833,115.8298330328063,157.16618462266408,166.76499184731725
