sample_id,WAFER_ID,STAGE,condition,group_id,start,end,truth,partition,policy,model,prediction,squared_error,label_rows,label_min,label_max,raw_label_mean,cohort,raw_rows,source_files,chambers,raw_start,raw_end,duplicate_chamber_times,qc_primary_missing,qc_primary_episodes,qc_primary_fallback,qc_primary_ambiguous,qc_primary_span,qc_primary_max_gap,qc_primary_phase_duration,qc_secondary_missing,qc_secondary_episodes,qc_secondary_fallback,qc_secondary_ambiguous,qc_secondary_span,qc_secondary_max_gap,qc_secondary_phase_duration,multi_primary_observed_time,multi_primary_active_time,multi_primary_inactive_time,multi_primary_active_fraction,multi_primary_active_point_fraction,multi_primary_episode_count,multi_primary_episode_min,multi_primary_episode_median,multi_primary_episode_max,multi_primary_episode_std,multi_primary_pressure_mean,multi_primary_pressure_std,multi_primary_pressure_integral,multi_primary_rotation_sum_mean,multi_primary_rotation_sum_std,multi_primary_rotation_sum_integral,multi_primary_slurry_mean,multi_primary_slurry_std,multi_primary_slurry_integral,multi_primary_pressure_rotation_proxy_mean,multi_primary_pressure_rotation_proxy_std,multi_primary_pressure_rotation_proxy_integral,multi_secondary_observed_time,multi_secondary_active_time,multi_secondary_inactive_time,multi_secondary_active_fraction,multi_secondary_active_point_fraction,multi_secondary_episode_count,multi_secondary_episode_min,multi_secondary_episode_median,multi_secondary_episode_max,multi_secondary_episode_std,multi_secondary_pressure_mean,multi_secondary_pressure_std,multi_secondary_pressure_integral,multi_secondary_rotation_sum_mean,multi_secondary_rotation_sum_std,multi_secondary_rotation_sum_integral,multi_secondary_slurry_mean,multi_secondary_slurry_std,multi_secondary_slurry_integral,multi_secondary_pressure_rotation_proxy_mean,multi_secondary_pressure_rotation_proxy_std,multi_secondary_pressure_rotation_proxy_integral,label_mean_matches
af70193164d6a636d198,3623681126,A,Cond1,CMP-training-134.csv,486509519.667,486509866.0,60.5481,outer_2,completed,selected,77.54889595357143,289.0270630549708,1,60.5481,60.5481,60.5481,training,333,CMP-training-161.csv,4;5;6,486509519.667,486509866.0,0,False,3,False,False,173.66600000858307,3.0,54.0,False,0,True,True,157.0,3.3330000042915344,157.0,173.66600000858307,104.66600000858307,69.0,0.6026856149356246,0.6306818181818182,3,21.66600000858307,29.0,54.0,13.841463921128243,59.56644144144144,6.694388866178595,6230.95375046134,110.48223560147476,92.04439140621338,11450.771464504129,403.33551733551644,116.17748246538879,42021.41250059206,6369.023528380539,5252.312898134815,656776.4741739626,157.0,0.0,157.0,0.0,0.0,0,,,,,,,0.0,,,0.0,,,0.0,,,0.0,True
2f086f100648531e55af,3623681118,A,Cond1,CMP-training-134.csv,486509302.0,486509661.0,61.98,outer_2,completed,selected,77.13826946964286,229.77313331430705,1,61.98,61.98,61.98,training,341,CMP-training-161.csv,4;5;6,486509302.0,486509661.0,0,False,3,False,True,182.66699999570847,3.0,39.0,False,3,False,False,160.0,4.0,54.0,182.66699999570847,92.0,90.66699999570847,0.503648715981329,0.5355191256830601,3,21.333000004291534,31.666999995708466,39.0,7.247124592507229,61.2468112244898,0.03140579656184982,5634.84375,121.82527539768775,94.37570205551795,11111.36301933475,441.2368686868666,8.811299156160056,40580.95990803976,7461.743241506571,5780.572606855017,680568.2959807651,160.0,104.66600000858307,55.33399999141693,0.6541625000536442,0.7025316455696202,3,21.66600000858307,29.0,54.0,13.841463921128243,59.56644144144144,6.694388866178595,6230.95375046134,110.48223560147476,92.04439140621338,11450.771464504129,403.33551733551644,116.17748246538879,42021.41250059206,6369.023528380539,5252.312898134815,656776.4741739626,True
cf79490e0df97330ab40,-4113511808,A,Cond1,CMP-training-000.csv,481677313.667,481677676.0,53.64735,outer_1,completed,selected,68.02371157109536,206.6797720228674,1,53.64735,53.64735,53.64735,training,346,CMP-training-001.csv,4.0;5.0;6.0,481677313.667,481677676.0,1,False,3,False,False,190.33300000429153,3.3330000042915344,69.33300000429153,False,1,False,True,155.66699999570847,5.333999991416931,19.333000004291534,190.33300000429153,124.66600000858307,65.66699999570847,0.6549888879268029,0.6684210526315789,3,22.333000004291534,33.0,69.33300000429153,20.118735817972407,68.3882874015748,10.012174644515657,8530.698750391603,99.24883624545303,88.36721595943472,12480.6451860308,371.0252326413714,146.30155744826746,46231.26515710809,6206.241461579525,5031.654446007445,781105.2596142904,155.66699999570847,19.333000004291534,136.33399999141693,0.12419459490338042,0.12903225806451613,1,19.333000004291534,19.333000004291534,19.333000004291534,0.0,109.640625,0.28427195935406646,2120.1196879707277,236.61842105230303,74.47105839697032,4642.587829504228,434.89131313131094,23.099575753679982,8384.320278721705,25937.73643088503,8162.910490750338,509070.38626585033,True
6d20a174237811f45a41,2975014168,B,Cond2,CMP-training-117.csv,485384798.0,485385166.0,68.7249,outer_0,completed,selected,82.75904500357132,196.9572259812656,1,68.7249,68.7249,68.7249,training,350,CMP-training-122.csv,4;5;6,485384798.0,485385166.0,1,False,3,False,False,193.0,3.0,71.0,False,3,False,False,158.0,5.333000004291534,71.0,193.0,121.66699999570847,71.33300000429153,0.630398963708334,0.6528497409326425,3,19.0,30.666999995708466,71.0,22.27821501488753,62.53968253968254,7.245494131988464,7666.684843515977,94.34178955131227,88.17064922907053,11484.878499794997,387.1918510501823,141.4545447549805,47499.46282837982,5780.114834076259,5162.42724662381,704650.5386941188,158.0,124.66699999570847,33.333000004291534,0.7890316455424586,0.8205128205128205,3,22.666999995708466,31.0,71.0,21.096386679783098,63.1005859375,8.679579328108433,7885.695624761283,100.08199778142969,89.97756328554256,12462.07919264272,379.40006313131096,152.3083220264945,47417.15285810764,5939.364261692341,5057.420334486565,739314.944162738,True
12b597cb0c726a3151e4,-4037511872,B,Cond2,CMP-training-101.csv,485078422.0,485078785.0,95.58105,outer_4,completed,selected,81.88766939860655,187.50867229461863,1,95.58105,95.58105,95.58105,training,346,CMP-training-111.csv,4;5;6,485078422.0,485078785.0,0,False,3,False,False,189.0,2.3330000042915344,66.0,False,0,True,True,157.0,3.0,157.0,189.0,122.66699999570847,66.33300000429153,0.6490317460090395,0.6684210526315789,3,25.0,31.666999995708466,66.0,17.963555012665257,61.92667322834646,8.071519532558918,7609.08421847038,97.9518885107975,89.54506402098555,12197.0911118563,376.2606219677064,147.2566428747722,46187.61120841104,5848.786257392445,5119.15345403441,726967.7014919382,157.0,0.0,157.0,0.0,0.0,0,,,,,,,0.0,,,0.0,,,0.0,,,0.0,True
e537a6d52d6d38a79649,3623681192,B,Cond2,CMP-training-134.csv,486541369.667,486541732.333,74.91045,outer_2,completed,selected,88.50839909816787,184.90421967636448,1,74.91045,74.91045,74.91045,training,338,CMP-training-162.csv,4;5;6,486541369.667,486541732.333,1,False,0,True,True,181.0,3.0,181.0,False,0,True,True,156.0,3.0,156.0,181.0,0.0,181.0,0.0,0.0,0,,,,,,,0.0,,,0.0,,,0.0,,,0.0,156.0,0.0,156.0,0.0,0.0,0,,,,,,,0.0,,,0.0,,,0.0,,,0.0,True
6da3b6ce1f4433c12b3c,2979014378,B,Cond2,CMP-training-117.csv,485338645.333,485339007.333,71.3613,outer_0,completed,selected,84.8869815166666,182.94406049029635,1,71.3613,71.3613,71.3613,training,344,CMP-training-120.csv,4;5;6,485338645.333,485339007.333,0,False,3,False,False,189.0,2.6669999957084656,70.0,False,0,True,True,156.0,4.0,156.0,189.0,124.0,65.0,0.656084656084656,0.6684210526315789,3,22.0,32.0,70.0,20.677416559027765,61.808562992125985,9.53623086270976,7690.150312576443,98.62992607861786,88.96038843557525,12323.425758861707,383.0306569633346,154.98751340531732,47634.35908638545,5693.788724045796,4865.775483154289,711575.4290585596,156.0,0.0,156.0,0.0,0.0,0,,,,,,,0.0,,,0.0,,,0.0,,,0.0,True
04afdd1c439211c8389d,-4230160416,B,Cond2,CMP-training-014.csv,482164854.333,482165236.667,81.83385,outer_0,completed,selected,68.35843752142868,181.5867414676355,1,81.83385,81.83385,81.83385,training,365,CMP-training-016.csv,4.0;5.0;6.0,482164854.333,482165236.667,0,False,3,False,False,199.0,2.6669999957084656,67.0,False,3,False,False,167.33399999141693,6.666999995708466,69.0,199.0,121.0,78.0,0.6080402010050251,0.625,3,22.0,32.0,67.0,19.293061504650375,64.085,7.063791474838426,7783.690937589854,99.1998286412776,90.1104740267229,12120.212561944354,403.75806868686686,114.04399074644238,49215.63157501034,6177.111054155884,5487.921557886038,754524.5212388118,167.33399999141693,126.66600000858307,40.66799998283386,0.7569651117829022,0.7636363636363637,3,25.333000004291534,32.333000004291534,69.0,19.149342249540954,63.53174603174603,7.2795679644462545,8084.695625565946,87.26843756673938,90.97438770648849,12431.925876150583,377.50997274330587,147.66276401167784,48599.19763044502,5270.081506756059,5187.6443072997345,761727.406023064,True
2be9803bbdbf02137071,-4230160594,B,Cond2,CMP-training-000.csv,481859080.667,481859449.0,70.0533,outer_1,completed,selected,83.28039919407703,174.95615308995352,1,70.0533,70.0533,70.0533,training,256,CMP-training-008.csv,4.0;5.0;6.0,481859080.667,481859449.0,0,False,1,False,False,98.0,2.0,69.66699999570847,False,2,False,False,158.0,4.0,70.0,98.0,69.66699999570847,28.333000004291534,0.7108877550582496,0.7171717171717171,1,69.66699999570847,69.66699999570847,69.66699999570847,0.0,65.69982394366197,2.0262260383384625,4585.386562217027,34.25483131344928,2.3842563262218124,2394.621744064891,435.98702518138936,7.5215969677833785,30382.890392841622,2253.5958483450504,188.06552552210735,157720.40758648847,158.0,107.66699999570847,50.333000004291534,0.6814367088335979,0.7070063694267515,2,31.0,50.5,70.0,19.5,107.16216216216216,18.475997902094704,11635.261874981225,75.16617596783334,68.4766641257483,8025.309453329974,402.52240422240305,114.61945320051197,43933.95531317115,7698.909918174731,7489.785150256872,844415.1966157428,True
8fc3418560bdf3745a14,2979014148,B,Cond2,CMP-training-117.csv,485338449.333,485338813.333,69.9189,outer_0,completed,selected,83.07220924285708,173.0095440382298,1,69.9189,69.9189,69.9189,training,347,CMP-training-120.csv,4;5;6,485338449.333,485338813.333,0,False,3,False,False,190.0,2.6669999957084656,70.0,False,3,False,False,157.66600000858307,4.0,70.0,190.0,125.66600000858307,64.33399999141693,0.6614000000451741,0.675392670157068,3,22.66600000858307,33.0,70.0,20.320485315207474,62.291666666666664,7.771095060746101,7870.848750472069,97.05784539762271,88.75676657766252,12349.032938631142,387.7056886696413,147.63369939063512,48756.80189689838,5796.6120630000205,5080.1879656317,740573.5089433503,157.66600000858307,124.0,33.66600000858307,0.7864726700319007,0.8141025641025641,3,22.0,32.0,70.0,20.677416559027765,61.808562992125985,9.53623086270976,7690.150312576443,98.62992607861786,88.96038843557525,12323.425758861707,383.0306569633346,154.98751340531732,47634.35908638545,5693.788724045796,4865.775483154289,711575.4290585596,True
48ba4a0b0277ae5bd07d,1484254328,A,Cond1,CMP-training-117.csv,485547936.0,485548295.0,65.76795,outer_0,completed,selected,78.88460352067098,172.0465995813304,1,65.76795,65.76795,65.76795,training,344,CMP-training-128.csv,4;5;6,485547936.0,485548295.0,0,False,3,False,False,186.66699999570847,3.3330000042915344,66.0,False,3,False,False,156.33300000429153,3.3330000042915344,70.0,186.66699999570847,119.0,67.66699999570847,0.637498861623832,0.648936170212766,3,22.0,31.0,66.0,18.979521127315678,67.5640368852459,11.819660374022854,8063.589218808338,97.67399221454943,88.8905246317457,11724.21126098039,363.631039907266,149.5655712848703,43345.94937901875,5912.518270495669,4893.124919353661,713089.5702365962,156.33300000429153,117.33300000429153,39.0,0.7505325171337504,0.7692307692307693,3,18.0,29.333000004291534,70.0,22.32647102966995,68.4375,9.856390693352207,8074.507187809795,94.30750203991167,86.59797253809691,11001.485681162801,372.8581649831624,146.29553584366502,43962.80966264122,5910.887775393812,4883.9359306393935,695572.273656628,True
9923c8a3f770430b15e3,2977014418,B,Cond2,CMP-training-117.csv,485473618.0,485473994.0,68.89545,outer_0,completed,selected,81.56477277142855,160.5117394866381,1,68.89545,68.89545,68.89545,training,357,CMP-training-125.csv,4;5;6,485473618.0,485473994.0,0,False,2,False,False,196.0,5.666999995708466,68.0,False,3,False,False,162.0,4.0,71.0,196.0,130.66699999570847,65.33300000429153,0.6666683673250432,0.6446700507614214,2,62.666999995708466,65.33349999785423,68.0,2.666500002145767,62.65748031496063,8.54385560804882,8290.684531154111,104.70667604727748,97.08956596018302,12564.554904280434,348.83516265012054,151.83443462155972,48838.31217089447,6146.010059965105,5389.233176078668,773672.0264709548,162.0,128.0,34.0,0.7901234567901234,0.83125,3,22.0,35.0,71.0,20.725722075613085,62.60573308270677,6.495969056520085,8027.5,93.10460974950803,87.94362161411142,12368.687496919976,375.3925913268,136.4841199552972,48042.7835474685,5505.397297841463,4900.3373795904545,735736.4379176189,True
0ec31299915eed9b29d8,2975014180,B,Cond2,CMP-training-117.csv,485351205.333,485351571.333,71.2785,outer_0,completed,selected,83.90101646964281,159.3279220264042,1,71.2785,71.2785,71.2785,training,351,CMP-training-121.csv,4;5;6,485351205.333,485351571.333,0,False,3,False,False,193.0,2.6669999957084656,66.0,False,3,False,False,158.0,3.0,69.0,193.0,119.33399999141693,73.66600000858307,0.6183108807845437,0.634020618556701,3,23.0,30.33399999141693,66.0,18.78193905646341,63.983739837398375,6.242830427404187,7640.023749694228,101.3330298234892,90.09040885172551,12270.806384785965,389.39856697051454,133.41704878448286,46664.48154978329,6242.532897841954,5339.854845873543,754915.2428184311,158.0,123.66600000858307,34.33399999141693,0.7826962025859688,0.8152866242038217,3,23.0,31.66600000858307,69.0,19.958086947700846,64.130859375,5.577180841292006,7936.274531604722,99.70738984079219,89.28941656183173,12258.68524032178,389.8910787563111,139.0882615837535,48176.739020364585,6109.563454444173,5193.41624957023,751741.1650926071,True
860d7a81829c6e86b6de,2979014172,B,Cond2,CMP-training-117.csv,485336692.333,485337057.333,73.06665,outer_0,completed,selected,85.63747322499992,158.02559655419756,1,73.06665,73.06665,73.06665,training,347,CMP-training-120.csv,4;5;6,485336692.333,485337057.333,0,False,3,False,False,190.0,2.6669999957084656,70.0,False,3,False,False,158.0,4.0,70.0,190.0,125.0,65.0,0.6578947368421053,0.6701570680628273,3,22.0,33.0,70.0,20.531818125912658,62.33154296875,8.156667399048496,7807.65625,96.28552440322133,88.53443966389281,12123.48093719947,386.8493252840884,153.85816211640892,48459.845807946964,5556.540324137759,4744.017348361075,704588.2123744416,158.0,125.0,33.0,0.7911392405063291,0.8205128205128205,3,24.0,31.0,70.0,20.237478982214054,62.5390625,7.554529955699594,7838.90437502414,96.59845471227251,89.55787385260719,12223.055446829942,386.83539299242227,151.5953802750563,48399.42025788259,5844.134461714006,5160.441099752278,738087.4547732853,True
7961971dc74deb9a0ca0,-4226160416,A,Cond1,CMP-training-000.csv,481734523.333,481734877.333,57.9618,outer_1,completed,selected,70.4650540970295,156.33136301488491,1,57.9618,57.9618,57.9618,training,343,CMP-training-003.csv,4.0;5.0;6.0,481734523.333,481734877.333,0,False,0,True,True,178.0,5.666000008583069,178.0,False,3,False,False,161.0,11.333999991416931,68.66699999570847,178.0,0.3330000042915344,177.66699999570847,0.0018707865409636766,0.01092896174863388,0,,,,,62.5,9.375,20.8125002682209,80.0,0.0,26.640000343322754,505.731313131311,4.200000000000017,168.40852944308992,5000.0,750.0,1665.0000214576721,161.0,120.66699999570847,40.333000004291534,0.7494844720230339,0.8375,3,21.0,31.0,68.66699999570847,20.523552262563484,68.65904850746269,9.022107020690692,8290.097186919302,108.49309907003186,88.4888111401845,11915.559489714622,380.58815392733095,142.75296825980413,45352.327842405924,6945.797029419962,5177.726707266538,752566.2146464391,True
000b67a33cdcbc155900,-4111511820,A,Cond1,CMP-training-000.csv,481680826.0,481681191.0,54.59835,outer_1,completed,selected,67.07183617817637,155.58785743715683,1,54.59835,54.59835,54.59835,training,347,CMP-training-001.csv,4.0;5.0;6.0,481680826.0,481681191.0,0,False,3,False,False,190.33300000429153,2.3330000042915344,71.33300000429153,False,3,False,False,158.0,4.0,70.0,190.33300000429153,123.33200001716614,67.0009999871254,0.6479801191300789,0.6649214659685864,3,20.66600000858307,31.333000004291534,71.33300000429153,21.80960486032999,68.24311023622047,10.441762438708833,8433.773751035333,98.24003218990435,89.98125642381021,12036.516647374587,378.33818102282436,145.20534385703377,46763.45879107494,6056.651945550005,5017.580166925667,745692.5571892441,158.0,124.66699999570847,33.333000004291534,0.7890316455424586,0.8333333333333334,3,22.666999995708466,32.0,70.0,20.4708947274644,68.33413461538461,9.964358695020595,8622.320312131196,96.97048300530707,89.26642168797787,12240.655682802066,381.98951825951553,141.82472529915475,47987.677595748166,6267.622656467261,5355.5749686768595,791526.0393318151,True
b634cb3fbaadf7ab51ed,4213773734,A,Cond1,CMP-training-020.csv,482408797.333,482409145.667,85.83975,outer_0,completed,selected,73.45019968928585,153.5009569017169,1,85.83975,85.83975,85.83975,training,312,CMP-training-025.csv,4.0;5.0;6.0,482408797.333,482409145.667,0,False,2,False,False,172.33399999141693,7.333000004291534,65.33300000429153,False,2,False,False,159.0,6.0,71.0,172.33399999141693,101.33300000429153,71.0009999871254,0.5880035280869614,0.5885714285714285,2,36.0,50.66650000214577,65.33300000429153,14.666500002145767,70.43082524271844,8.861772724676978,7188.574219001457,172.78692469472472,109.94084052463542,17863.071286799266,425.94441992742736,48.147705543627275,43377.82287493706,12432.611754081545,7993.862770187427,1286580.279408369,159.0,112.0,47.0,0.7044025157232704,0.8102189781021898,2,32.333000004291534,51.66650000214577,71.0,19.333499997854233,70.07038288288288,6.514488773977861,7831.191250085831,91.87714336116433,86.17691384014444,10796.022543475714,404.58131313131065,113.42245872415302,44579.29608374764,6279.733735605096,5837.901203678379,730441.433063755,True
cf940371bd9d2b4b7dc2,-1714100690,A,Cond1,CMP-training-080.csv,484181350.333,484181714.667,85.1211,outer_1,completed,selected,72.7435411547719,153.20396296708424,1,85.1211,85.1211,85.1211,training,345,CMP-training-080.csv,4.0;5.0;6.0,484181350.333,484181714.667,1,False,3,False,False,186.33399999141693,5.666999995708466,67.0,False,3,False,False,160.33399999141693,3.0,71.0,186.33399999141693,117.33399999141693,69.0,0.6296972103685944,0.6182795698924731,3,19.0,31.33399999141693,67.0,20.352971697847742,68.05978260869566,10.71608144720708,8039.364686962217,94.33673034954607,87.31509489435295,11256.163348948969,374.6921826965301,155.90816866358526,44584.52588798786,5795.6228962618,4804.24297417776,704886.7191862979,160.33399999141693,117.0,43.33399999141693,0.7297266955621596,0.7658227848101266,3,13.666000008583069,31.33399999141693,71.0,23.973914840671974,68.14049586776859,10.667365951584499,8058.863749876618,84.68654217700845,80.88613236723849,9993.326061863168,383.08604224058695,146.71415021603949,45566.85535728564,5321.935922906928,4588.232958998887,637568.9626712538,True
913bbd47449825014002,1296253604,B,Cond2,CMP-training-134.csv,486436098.667,486436448.333,76.1958,outer_2,completed,selected,88.4436069611222,150.00877535691328,1,76.1958,76.1958,76.1958,training,353,CMP-training-158.csv,4;5;6,486436098.667,486436448.333,0,False,2,False,True,175.0,2.6669999957084656,33.0,False,3,False,False,158.33300000429153,3.0,70.0,175.0,57.33399999141693,117.66600000858307,0.32762285709381106,0.3402061855670103,2,24.33399999141693,28.666999995708466,33.0,4.333000004291534,65.9375,0.0,3780.460624434054,154.5394736840961,89.4093147582129,9921.156314729262,432.08282828282614,9.979801455853485,24658.817703348697,10189.94654604509,5895.426691869663,654176.2445024606,158.33300000429153,119.0,39.333000004291534,0.751580529622849,0.7735849056603774,3,19.0,30.0,70.0,21.913973218524802,61.829268292682926,9.395783443516029,7407.548125050962,93.1956593126876,86.4489411606109,11086.241555367253,375.0246735649163,148.33668777719586,44882.183462223446,5402.679639838617,4710.701793634748,647227.8767132547,True
d26597c18720f05a65ba,2975014378,B,Cond2,CMP-training-117.csv,485360026.333,485360391.333,71.2356,outer_0,completed,selected,83.48172062857127,149.9674704495186,1,71.2356,71.2356,71.2356,training,348,CMP-training-121.csv,4;5;6,485360026.333,485360391.333,0,False,3,False,False,191.0,2.6669999957084656,70.0,False,3,False,False,158.0,4.0,69.0,191.0,124.66799998283386,66.33200001716614,0.6527120417949417,0.6614583333333334,3,21.33399999141693,33.33399999141693,70.0,20.70097988412041,61.75442913385827,9.859452093776111,7767.269062120467,97.16590849942557,88.24225300379615,12330.45618073074,385.3765449773306,149.80001881534486,48104.59698000706,5696.333096702652,4921.75668724968,724474.2009223104,158.0,125.0,33.0,0.7911392405063291,0.8141025641025641,3,22.0,34.0,69.0,19.93879523831757,63.43996062992126,4.162162603481521,7931.822500005364,97.77973476989985,89.51841834207904,12381.86374552621,406.7126342161759,127.18780771120421,50998.05482963593,6004.553460416936,5292.931754829703,760919.9307770344,True
2f0f5d33c670f12fd459,1480254062,B,Cond2,CMP-training-117.csv,485527498.0,485527861.333,78.44145,outer_0,completed,selected,90.68480164642851,149.89965953810366,1,78.44145,78.44145,78.44145,training,343,CMP-training-127.csv,4;5;6,485527498.0,485527861.333,0,False,3,False,False,181.66699999570847,3.3330000042915344,72.0,False,3,False,False,166.66600000858307,6.0,69.0,181.66699999570847,115.33300000429153,66.33399999141693,0.6348593856177295,0.644808743169399,3,12.0,31.333000004291534,72.0,25.00570996529679,62.21133474576271,9.082673774283867,7253.252656618133,84.89028172513281,79.74695761822339,9627.010554107626,385.01525851737546,132.36702795979764,44774.67154949899,4979.456235214688,4424.168540609684,576496.7105132593,166.66600000858307,114.66699999570847,51.9990000128746,0.6880047519578275,0.7375,3,14.0,31.666999995708466,69.0,22.927120714145012,63.61758474576271,7.77995411360294,7327.3617185186595,87.19099433639336,82.95188764537309,10231.558252508778,376.7432246190687,141.18466583987868,43879.69547618403,5168.755688828511,4541.841267586031,614085.8077381228,True
ab5a7c5f754cbdcdd1db,2987014148,B,Cond2,CMP-training-117.csv,485384010.333,485384381.0,73.0602,outer_0,completed,selected,85.26076271249988,148.85373050164262,1,73.0602,73.0602,73.0602,training,355,CMP-training-122.csv,4;5;6,485384010.333,485384381.0,1,False,3,False,False,192.66699999570847,7.666000008583069,68.0,False,3,False,False,160.0,5.666999995708466,72.66600000858307,192.66699999570847,123.33300000429153,69.33399999141693,0.6401355707362376,0.6428571428571429,3,22.333000004291534,33.0,68.0,19.505725021463377,62.239583333333336,7.758618759454772,7721.127343988046,96.956660060921,87.56128405889369,12126.315192408267,376.7333854417162,139.61325881837573,46386.84429527402,5726.643416312344,4951.658984839661,721625.823953287,160.0,121.9990000128746,38.0009999871254,0.7624937500804663,0.7721518987341772,3,18.333000004291534,31.0,72.66600000858307,23.210589860552076,62.384733606557376,7.493401385520886,7628.540625683963,94.4975620522254,86.51649774951855,11301.876847913742,375.35654081801437,147.0123517259057,46056.2798746593,5518.26560054169,4733.899556295185,662601.2694160504,True
ec01351df04d9063c6e9,1286253744,B,Cond2,CMP-training-134.csv,486253621.333,486253984.333,77.5551,outer_2,completed,selected,89.69481619780876,147.37270936334053,1,77.5551,77.5551,77.5551,training,346,CMP-training-152.csv,4;5;6,486253621.333,486253984.333,1,False,3,False,False,190.66699999570847,2.0,65.0,False,3,False,False,156.0,5.333000004291534,70.0,190.66699999570847,120.0,70.66699999570847,0.6293695290884157,0.640625,3,23.666999995708466,31.333000004291534,65.0,17.952565072674133,62.947154471544714,8.798417987215915,7611.173125319183,100.21489486614104,89.63952389099772,12132.21600097718,368.96423996057985,146.987497263156,44405.21511067454,6111.346017612341,5197.708452141366,741626.319198586,156.0,117.0,39.0,0.75,0.7712418300653595,3,20.666999995708466,26.333000004291534,70.0,22.042018797807003,61.11758474576271,11.244805679057656,7347.067500203848,104.56255316050503,95.56115419040165,11438.12097013613,341.85541859270467,164.19196778500503,43087.44215160182,5826.684185886555,5069.363399154539,667603.6347085848,True
66f3447ff62942ce8431,2939014292,A,Cond1,CMP-training-087.csv,484500741.333,484501102.667,86.77335,outer_3,completed,selected,74.65650777117298,146.81786559828552,1,86.77335,86.77335,86.77335,training,343,CMP-training-091.csv,4.0;5.0;6.0,484500741.333,484501102.667,0,False,3,False,False,183.0,6.333000004291534,67.0,False,2,False,False,160.33399999141693,5.666999995708466,70.33399999141693,183.0,115.66600000858307,67.33399999141693,0.6320546448556452,0.6467391304347826,3,18.0,30.66600000858307,67.0,20.767461492530707,68.20115546218487,10.59731055737072,7939.706875421107,95.94074961679156,86.85455857129804,11150.940168123287,369.2010143451288,147.53541690730123,42931.222934649086,5976.866054710729,4914.529925083091,704437.3398364533,160.33399999141693,112.0,48.33399999141693,0.6985417940424091,0.6792452830188679,2,32.0,51.166999995708466,70.33399999141693,19.166999995708466,68.2175925925926,10.782990940628943,7708.186874873936,84.16587333960544,76.2682051612717,9006.041877300937,376.46876169098203,141.01913184405362,43079.42529162157,5179.625902051252,4137.127573036975,563552.4847369283,True
0a2c26346b639a082c05,-4222160578,B,Cond2,CMP-training-014.csv,482191507.0,482191873.0,85.6827,outer_0,completed,selected,73.7613622321429,142.11829417533602,1,85.6827,85.6827,85.6827,training,348,CMP-training-017.csv,4.0;5.0;6.0,482191507.0,482191873.0,1,False,3,False,False,191.33300000429153,2.6669999957084656,70.0,False,1,False,True,158.0,4.0,13.0,191.33300000429153,121.66699999570847,69.66600000858307,0.6358913516904011,0.6544502617801047,3,21.666999995708466,30.0,70.0,21.096386679783098,63.4425,7.707442020540926,7745.376718593761,98.0662913095928,88.55891156937636,11978.143336399007,378.5672242424259,149.26958634522154,46189.17563522525,5833.950436042443,4955.854544226572,718371.1820802279,158.0,18.0,140.0,0.11392405063291139,0.1282051282051282,1,13.0,13.0,13.0,0.0,66.484375,8.29972879357362,1205.787656167522,34.837209302299996,0.09302325580000002,627.0930232553499,409.8468686868675,211.57201456603482,7555.917326456705,2316.0392441843587,288.845548801689,42006.65515697567,True
c2689d966936e2f28cb0,1300253514,B,Cond2,CMP-training-134.csv,486610620.333,486610989.333,72.7095,outer_2,completed,selected,84.45746350894707,138.01464660755187,1,72.7095,72.7095,72.7095,training,350,CMP-training-164.csv;CMP-training-165.csv,4;5;6,486610620.333,486610989.333,0,False,3,False,False,194.0,2.6669999957084656,67.0,False,0,True,True,156.0,3.0,156.0,194.0,122.0,72.0,0.6288659793814433,0.6410256410256411,3,23.0,32.0,67.0,18.979521127315678,63.835,6.375291169821186,7804.6875,99.19730722146083,87.03495870346345,12147.42329255851,374.9386909090885,133.18607445980635,45779.89822429858,6081.294989285238,5078.19536636879,744670.5430498167,156.0,0.0,156.0,0.0,0.0,0,,,,,,,0.0,,,0.0,,,0.0,,,0.0,True
331848a62a8fa856e1d5,-873170272,A,Cond1,CMP-training-000.csv,481662779.667,481663145.333,55.08765,outer_1,completed,selected,66.79585963094155,137.08217276207253,1,55.08765,55.08765,55.08765,training,349,CMP-training-001.csv,4.0;5.0;6.0,481662779.667,481663145.333,1,False,3,False,False,194.0,2.6669999957084656,70.0,False,0,True,True,156.0,3.0,156.0,194.0,125.0,69.0,0.6443298969072165,0.6597938144329897,3,23.0,32.0,70.0,20.368821489936252,66.8408203125,6.293092940731223,8352.181562576443,96.92625458988931,87.8803837396176,12246.410650793883,388.2254537563113,133.9605741098881,48680.24213876463,6124.372675131384,5169.5182744302365,772660.686914,156.0,0.0,156.0,0.0,0.0,0,,,,,,,0.0,,,0.0,,,0.0,,,0.0,True
98e5d7614f46da5c0ec1,2981014418,B,Cond2,CMP-training-117.csv,485359246.0,485359603.333,72.79215,outer_0,completed,selected,84.47162974285705,136.41024706380796,1,72.79215,72.79215,72.79215,training,356,CMP-training-121.csv,4;5;6,485359246.0,485359603.333,1,False,3,False,False,180.33300000429153,2.6669999957084656,76.0,False,3,False,False,160.0,3.666000008583069,71.33399999141693,180.33300000429153,118.33399999141693,61.9990000128746,0.6561971463270774,0.6142131979695431,3,10.0,32.33399999141693,76.0,27.409501824420484,63.58729338842975,8.239331786240795,7556.7690618522465,75.5812941925743,73.16678116909141,9050.370678830823,392.16542699724357,140.5774943122261,46788.77656310134,4479.777774016889,4003.4983256402315,543126.7028510162,160.0,125.33399999141693,34.66600000858307,0.7833374999463558,0.810126582278481,3,22.0,32.0,71.33399999141693,21.29425355577288,62.15576171875,7.781661777248332,7792.852186989039,94.5196316553533,88.11808244550629,11907.397077598707,382.0986742424225,151.3115831864966,48037.22171247139,5464.766062774526,4767.187051205411,689197.8421921235,True
d5741be687d9101e650f,2981014410,B,Cond2,CMP-training-117.csv,485359628.667,485359997.333,69.0447,outer_0,completed,selected,80.72239204999991,136.36849161463098,1,69.0447,69.0447,69.0447,training,351,CMP-training-121.csv,4;5;6,485359628.667,485359997.333,0,False,3,False,False,192.66600000858307,2.6669999957084656,70.33399999141693,False,3,False,False,158.0,5.333000004291534,71.0,192.66600000858307,123.33399999141693,69.33200001716614,0.640144083470475,0.6494845360824743,3,22.0,31.0,70.33399999141693,20.987665982389327,63.23164682539682,5.161420071937361,7807.87187423557,98.3611645391611,88.28530242979825,12179.283576408623,396.3417187750503,138.4416109745112,49149.66676853716,5993.15190835055,5171.307627050239,743749.8210008396,158.0,126.33300000429153,31.666999995708466,0.7995759493942503,0.8407643312101911,3,24.333000004291534,31.0,71.0,20.608136951597626,62.24431818181818,8.026410354042934,7871.213906714693,95.95823597040497,88.17664844302335,12369.660068436417,387.115361952861,149.80030178692078,48700.07519984548,5735.209364912035,5048.526281129256,736309.1192031413,True
86a9bb5edc4b27ce024f,1288253494,B,Cond2,CMP-training-134.csv,486258875.333,486259220.0,81.3786,outer_2,completed,selected,93.0120293382429,135.33667816789043,1,81.3786,81.3786,81.3786,training,326,CMP-training-152.csv,4;5;6,486258875.333,486259220.0,0,False,2,False,False,169.0,5.333000004291534,70.66600000858307,False,0,True,True,157.66699999570847,4.333000004291534,157.66699999570847,169.0,101.66600000858307,67.33399999141693,0.6015739645478289,0.6411764705882353,2,31.0,50.833000004291534,70.66600000858307,19.833000004291534,65.92316513761467,0.14897225982530488,6703.341719312593,63.33166765855412,54.393257665699,6603.674053104445,433.53732740246295,28.29974456780543,44398.88993620889,4175.62180316572,3586.7945714915554,435424.1312413274,157.66699999570847,0.0,157.66699999570847,0.0,0.0,0,,,,,,,0.0,,,0.0,,,0.0,,,0.0,True
6cf7a396c0d2acda6133,2709292854,A,Cond1,CMP-training-087.csv,484523048.667,484523403.333,84.9639,outer_3,completed,selected,73.35204913358817,134.83508054378913,1,84.9639,84.9639,84.9639,training,347,CMP-training-092.csv,4.0;5.0;6.0,484523048.667,484523403.333,1,False,3,False,False,178.66600000858307,3.0,61.0,False,3,False,False,160.0,4.666000008583069,71.0,178.66600000858307,105.66600000858307,73.0,0.5914163859016651,0.5860215053763441,3,13.666000008583069,31.0,61.0,19.553275118932262,68.17947247706422,10.807496061037183,7261.787812951952,176.3618013990071,87.98280839018477,18852.519308921896,373.8449726624013,145.84194658809042,40018.816249605195,11836.889206768074,6176.653081733149,1275622.5759246938,160.0,113.33399999141693,46.66600000858307,0.7083374999463559,0.725,3,11.0,31.33399999141693,71.0,24.91510722507276,68.46174568965517,10.722969259655457,7790.716561991721,80.48632507488715,75.38116046746033,9096.232095423991,384.56531696272816,138.31499366835018,43949.62983552735,4963.744565904071,4109.7616447404425,567181.0340048048,True
f769cdc6d0970adf0739,2941014078,A,Cond1,CMP-training-087.csv,484508075.0,484508734.333,86.8872,outer_3,completed,selected,75.29953616195219,134.27395322360107,1,86.8872,86.8872,86.8872,training,334,CMP-training-091.csv,4.0;5.0;6.0,484508075.0,484508734.333,0,False,1,False,False,181.0,1.6669999957084656,68.0,False,1,False,False,154.33300000429153,4.0,39.0,181.0,68.0,113.0,0.3756906077348066,0.3791208791208791,1,68.0,68.0,68.0,0.0,72.18297101449275,0.03734697124653678,4908.385468749329,34.627569935949275,1.0469009705532724,2358.837325579023,432.5458058849341,11.754114609359043,29425.33489285705,2499.5207701372506,75.5807070033566,170265.9380085264,154.33300000429153,39.0,115.33300000429153,0.252700329799301,0.2631578947368421,1,39.0,39.0,39.0,0.0,108.984375,4.391014217623874,4268.43281256035,204.45899632781934,113.65436624717093,8000.814479224169,427.611313131311,16.17954263877691,16625.801411946893,22263.642422712506,12468.860500825062,875415.5353523716,True
fc1f7f598876ee3796fd,2709292850,A,Cond1,CMP-training-087.csv,484523233.333,484523588.333,84.72675,outer_3,completed,selected,73.16830359791832,133.59768322979474,1,84.72675,84.72675,84.72675,training,338,CMP-training-092.csv,4.0;5.0;6.0,484523233.333,484523588.333,0,False,3,False,False,179.0,4.666000008583069,71.0,False,2,False,False,159.0,3.6669999957084656,70.0,179.0,113.33399999141693,65.66600000858307,0.6331508379408767,0.6444444444444445,3,11.0,31.33399999141693,71.0,24.91510722507276,68.46174568965517,10.722969259655457,7790.716561991721,80.48632507488715,75.38116046746033,9096.232095423991,384.56531696272816,138.31499366835018,43949.62983552735,4963.744565904071,4109.7616447404425,567181.0340048048,159.0,108.66600000858307,50.33399999141693,0.6834339623181325,0.7088607594936709,2,31.0,50.5,70.0,19.5,68.01060267857143,12.171391851522012,7433.361562807113,78.03754480674732,72.12389462915904,8393.491130109505,386.35795003607194,135.73310806046686,42578.6925282227,4697.774516686105,3773.2202414700178,513205.41836221307,True
1874d1b13981c7f9feb1,1292253510,B,Cond2,CMP-training-134.csv,486435626.333,486435979.667,78.38415,outer_2,completed,selected,89.92315943629305,133.1487387708599,1,78.38415,78.38415,78.38415,training,336,CMP-training-158.csv,4;5;6,486435626.333,486435979.667,0,False,3,False,False,180.0,3.0,71.0,False,3,False,False,156.0,3.0,69.66600000858307,180.0,115.0,65.0,0.6388888888888888,0.6519337016574586,3,13.333999991416931,30.66600000858307,71.0,24.158268280681806,65.04237288135593,10.699043725323456,7539.665937777609,86.44721282902115,79.78689299099476,9887.555139832355,383.00833761341977,136.83876097428677,44302.806624739715,5189.580305229557,4404.873554735995,600439.7149911051,156.0,120.33200001716614,35.66799998283386,0.7713589744690137,0.8258064516129032,3,20.333000004291534,30.333000004291534,69.66600000858307,21.293790901890798,61.4306640625,10.404244581935766,7465.821407074109,98.38696259170955,91.5976667912981,11699.982202041658,368.85292771464447,149.2974555833113,44678.442930468234,5552.1971759726575,4899.381108574167,673129.9140020723,True
1db3dbf17108dc540eec,-1718100544,B,Cond2,CMP-training-101.csv,485093257.333,485093615.0,99.8547,outer_4,completed,selected,88.42311275847271,130.68118686064935,1,99.8547,99.8547,99.8547,training,340,CMP-training-112.csv,4;5;6,485093257.333,485093615.0,0,False,3,False,False,182.0,1.6669999957084656,67.33300000429153,False,3,False,False,158.0,3.6669999957084656,70.33300000429153,182.0,114.66600000858307,67.33399999141693,0.6300329670801268,0.639344262295082,3,15.333000004291534,32.0,67.33300000429153,21.68002095673498,62.08600427350427,8.07593554594695,7157.4656254425645,89.55889275954851,83.05814673080955,10280.972182736628,378.6706768540082,143.29477787166883,43671.01133654787,5258.515011202245,4587.425196358647,608257.2971775981,158.0,116.33300000429153,41.666999995708466,0.7362848101537439,0.7579617834394905,3,13.0,33.0,70.33300000429153,23.759970489161727,63.400735294117645,8.314706820559794,7406.854375265539,85.22651533064754,80.34043868616283,9934.669914686368,379.6055428231879,143.09168041652617,44602.13418555788,5068.8470545758,4494.315044778317,596265.1025157803,True
e1f548b73b6f2d9bfbb3,1842206722,A,Cond3,CMP-training-117.csv,485342938.333,485343205.333,162.56205,outer_0,completed,selected,151.18714554047628,129.3884514632926,1,162.56205,162.56205,162.56205,training,252,CMP-training-120.csv,1;2;3,485342938.333,485343205.333,0,False,0,True,True,124.0,2.333999991416931,124.0,False,0,True,True,128.0,3.0,128.0,124.0,0.0,124.0,0.0,0.0,0,,,,,,,0.0,,,0.0,,,0.0,,,0.0,128.0,0.0,128.0,0.0,0.0,0,,,,,,,0.0,,,0.0,,,0.0,,,0.0,True
f7abc27eef963eb31eb1,1288253494,A,Cond1,CMP-training-134.csv,486222307.0,486222667.0,66.22995,outer_2,completed,selected,77.59168759327709,129.08908113848574,1,66.22995,66.22995,66.22995,training,341,CMP-training-151.csv,4;5;6,486222307.0,486222667.0,0,False,3,False,False,182.0,2.6669999957084656,72.0,False,3,False,False,160.0,4.0,71.0,182.0,117.33300000429153,64.66699999570847,0.644686813210393,0.6557377049180327,3,12.333000004291534,33.0,72.0,24.73925305912423,67.4609375,12.239842362064026,7964.838437568396,81.89851081187066,77.21549356834798,9687.958152896883,368.4942760942755,138.57478836660556,43540.887424813875,5051.166567853051,4289.8510307981605,600688.7487975726,160.0,118.0,42.0,0.7375,0.759493670886076,3,13.0,34.0,71.0,23.976840677805924,68.40104166666667,10.55084287501543,8052.1875,83.010250917947,77.59768240291353,10011.055740507845,372.58608164983195,136.90451575759388,44038.18383838393,5188.947910289078,4382.755087932683,619465.8905443153,True
f1a75cb50c4e50cdb7eb,4187773534,B,Cond2,CMP-training-080.csv,484316719.333,484317092.0,83.37885,outer_1,completed,selected,72.03589722763151,128.66257759618205,1,83.37885,83.37885,83.37885,training,356,CMP-training-085.csv,4.0;5.0;6.0,484316719.333,484317092.0,0,False,3,False,False,195.66699999570847,2.6669999957084656,69.0,False,3,False,False,158.66699999570847,5.666999995708466,70.33300000429153,195.66699999570847,125.0,70.66699999570847,0.6388404789910491,0.649746192893401,3,24.0,32.0,69.0,19.601587237318874,64.36767578125,4.253234501983941,8048.435937520117,98.19607271256152,89.37777768228675,12409.22317291312,389.3716343118676,136.4936880890061,48778.857300562566,6101.164187701427,5286.002835469147,770867.2600421767,158.66699999570847,127.0,31.666999995708466,0.8004184865374339,0.779874213836478,3,24.0,32.666999995708466,70.33300000429153,20.112437652606545,62.19758064516129,8.697181405996941,8098.540156269446,106.70487523184434,100.38032151070162,12339.969576380518,346.19690452916063,164.1563475546764,48698.31358949622,6199.591900435419,5576.016066614726,754336.2396303744,True
bcedb06af0f79240b29b,2981014388,B,Cond2,CMP-training-117.csv,485359040.333,485359422.0,72.2454,outer_0,completed,selected,83.53538109642844,127.46367315771138,1,72.2454,72.2454,72.2454,training,339,CMP-training-121.csv,4;5;6,485359040.333,485359422.0,1,False,3,False,False,195.0,7.333000004291534,71.0,False,3,False,False,163.66699999570847,5.0,76.0,195.0,125.0,70.0,0.6410256410256411,0.7111111111111111,3,22.0,32.0,71.0,21.139746660943903,62.1435546875,8.515332418192596,7823.276093816385,97.40537981937047,88.26709126926829,12113.374390360703,379.02931660353386,152.62141806599644,47623.72875917988,5685.941123257029,4834.189290676543,715372.7505067423,163.66699999570847,118.33399999141693,45.333000004291534,0.7230168573659919,0.7658227848101266,3,10.0,32.33399999141693,76.0,27.409501824420484,63.58729338842975,8.239331786240795,7556.7690618522465,75.5812941925743,73.16678116909141,9050.370678830823,392.16542699724357,140.5774943122261,46788.77656310134,4479.777774016889,4003.4983256402315,543126.7028510162,True
3f03001701f4dae6e3fe,3031014564,B,Cond2,CMP-training-101.csv,484946353.667,484946712.667,92.82675,outer_4,completed,selected,81.55817168749999,126.9808571849456,1,92.82675,92.82675,92.82675,training,341,CMP-training-107.csv,4;5;6,484946353.667,484946712.667,0,False,3,False,True,182.0,2.666000008583069,40.0,False,3,False,False,160.0,4.0,71.0,182.0,94.0,88.0,0.5164835164835165,0.5355191256830601,3,23.0,31.0,40.0,6.944222218666553,64.44196428571429,2.4182463352624355,6068.59375,118.26895935841799,94.5066828282759,11354.62689397349,448.1296691403814,11.757242242792113,42126.88787878769,7648.410559328229,6115.887558399824,734398.9024946078,160.0,118.0,42.0,0.7375,0.7658227848101266,3,14.0,33.0,71.0,23.697163449568293,62.77117768595041,9.978584874756802,7462.65625,85.32291592902793,79.86703855121971,10098.13828943896,383.08847566574633,147.1053549146523,45658.88035825435,5024.503172826051,4393.307485652821,600509.6777661269,True
31a27cc61f0ac68b284a,1475739246,B,Cond2,CMP-training-087.csv,484491645.0,484492006.0,96.5514,outer_3,completed,selected,85.34144983284854,125.66298275001908,1,96.5514,96.5514,96.5514,training,344,CMP-training-091.csv,4.0;5.0;6.0,484491645.0,484492006.0,0,False,3,False,False,185.0,1.6669999957084656,65.66699999570847,False,2,False,False,159.0,3.0,71.33300000429153,185.0,117.0009999871254,67.9990000128746,0.6324378377682454,0.6505376344086021,3,20.666999995708466,30.666999995708466,65.66699999570847,19.293061504650375,62.77376033057851,8.832218708014139,7381.100311744958,100.71879077850826,89.25328675249162,11808.473609427072,364.69536271808806,150.72274237286885,42843.52198857546,5892.499566920107,4897.5139745954875,695828.8522351827,159.0,113.0,46.0,0.710691823899371,0.7341772151898734,2,32.0,51.66650000214577,71.33300000429153,19.666500002145767,96.7834051724138,10.077573013600844,10989.788437541574,82.60641328657756,75.96032485510834,9170.811602703667,449.78964646464783,225.87011741999893,51353.063298408015,7510.66506984765,6218.15981029726,836563.0686944757,True
8b03a1148ae94ea9ef3f,-2131929452,B,Cond2,CMP-training-020.csv,482731085.0,482731462.0,80.4066,outer_0,completed,selected,69.2239147160716,125.05245015938864,1,80.4066,80.4066,80.4066,training,371,CMP-training-036.csv,4.0;5.0;6.0,482731085.0,482731462.0,0,False,3,False,False,199.0,6.0,69.33300000429153,False,3,False,False,161.0,6.333999991416931,71.33300000429153,199.0,123.0,76.0,0.6180904522613065,0.6966824644549763,3,23.0,30.666999995708466,69.33300000429153,20.277489804640293,64.1390306122449,5.970314335901508,7901.474999785423,89.98946702297177,85.83735304932101,12308.567718709499,395.7864907579176,119.52841538280802,48172.89139296403,5604.578826630637,5135.30127148909,763657.7283687452,161.0,126.66699999570847,34.333000004291534,0.7867515527683756,0.81875,3,23.666999995708466,31.666999995708466,71.33300000429153,20.841835900949995,64.04341603053435,6.055877950278912,8125.647030966356,95.46927410831029,85.38060070947104,12281.010898731916,387.97312822885385,136.68784820432035,49122.39858071375,5948.7379936782145,5137.2274987808805,759954.8256023701,True
a04d2c5b2d7acb49578d,2979014184,B,Cond2,CMP-training-117.csv,485358842.333,485359211.0,71.38245,outer_0,completed,selected,82.55729256428565,124.87710633657007,1,71.38245,71.38245,71.38245,training,350,CMP-training-121.csv,4;5;6,485358842.333,485359211.0,0,False,3,False,False,192.0,2.6669999957084656,69.33399999141693,False,3,False,False,159.66699999570847,5.333000004291534,71.0,192.0,123.33399999141693,68.66600000858307,0.6423645832886299,0.6580310880829016,3,24.0,30.0,69.33399999141693,20.106204433641807,62.33759842519685,7.303744842245479,7707.074374444783,97.28698233398774,88.66179941948621,12159.376474883256,381.3695895967544,148.26043424169865,47035.47031702515,5864.787632875798,5074.083148141601,732209.3425091719,159.66699999570847,125.0,34.666999995708466,0.7828793677050345,0.8152866242038217,3,22.0,32.0,71.0,21.139746660943903,62.1435546875,8.515332418192596,7823.276093816385,97.40537981937047,88.26709126926829,12113.374390360703,379.02931660353386,152.62141806599644,47623.72875917988,5685.941123257029,4834.189290676543,715372.7505067423,True
1c11fe15670a990acc0a,-2139929736,B,Cond2,CMP-training-062.csv,483599115.667,483599502.667,78.23085,outer_0,completed,selected,67.06954069285727,124.57482544971093,1,78.23085,78.23085,78.23085,training,370,CMP-training-064.csv,4.0;5.0;6.0,483599115.667,483599502.667,0,False,3,False,False,210.0,6.333000004291534,65.66699999570847,False,3,False,False,159.0,6.333000004291534,75.33300000429153,210.0,120.66699999570847,89.33300000429153,0.5746047618843261,0.5971563981042654,3,24.0,31.0,65.66699999570847,18.21763424494953,64.68005952380952,4.3717150872394,7803.199062217027,99.31529404897395,89.52060767720273,12057.800302356298,395.21764470097503,113.30336658505823,47761.52362652068,6264.558106743079,5483.838633532593,759291.326680088,159.0,125.33300000429153,33.666999995708466,0.7882578616622109,0.8679245283018868,3,19.0,31.0,75.33300000429153,24.227674210529543,63.58469202898551,7.530996488023191,7983.050937782973,104.74974721935565,88.60713347192585,11487.782329199908,382.0385997657717,141.10009128075873,47493.80994016736,6359.1210968651485,5128.098796148443,688802.6415751369,True
84e5ae2794a62c91621a,1852206942,A,Cond3,CMP-training-117.csv,485339409.333,485339701.667,162.6417,outer_0,completed,selected,151.52298268695887,123.62587468732028,1,162.6417,162.6417,162.6417,training,277,CMP-training-120.csv,1;2;3,485339409.333,485339701.667,0,False,3,False,True,149.0,3.6669999957084656,36.0,False,0,True,True,128.33399999141693,3.0,128.33399999141693,149.0,92.33399999141693,56.66600000858307,0.6196912751101807,0.6333333333333333,3,23.33399999141693,33.0,36.0,5.404310135678273,62.25,7.459264373917846,5755.232187192887,120.86932294008076,93.21228623504967,11389.072293294006,365.35400318979015,162.75657004265335,33578.902416367666,7203.174100524255,5332.361786308625,679923.0042828758,128.33399999141693,0.0,128.33399999141693,0.0,0.0,0,,,,,,,0.0,,,0.0,,,0.0,,,0.0,True
6420ef7bdddd242ad55b,-4113511752,A,Cond1,CMP-training-000.csv,481680230.0,481680604.0,56.95725,outer_1,completed,selected,68.05640157293772,123.19116563904574,1,56.95725,56.95725,56.95725,training,353,CMP-training-001.csv,4.0;5.0;6.0,481680230.0,481680604.0,0,False,3,False,False,193.33300000429153,5.666000008583069,68.0,False,3,False,False,161.0,4.0,72.0,193.33300000429153,124.33300000429153,69.0,0.6431028329438411,0.654639175257732,3,24.333000004291534,32.0,68.0,19.03677662245545,67.95767716535433,10.789657103519364,8488.585625104606,97.23426401557263,89.16189515954198,12118.475036461276,375.08100691958714,146.1000048227562,46648.76179240538,6282.6506540950695,5264.772835555709,784930.9727937758,161.0,123.66699999570847,37.333000004291534,0.7681180123957048,0.8050314465408805,3,19.0,32.666999995708466,72.0,22.466943070061088,68.51318359375,10.248807965721987,8516.94781223312,92.66162886314046,86.1607833916829,11537.65439017757,382.02705965908945,143.62469122755402,47367.043496517916,5806.150139905642,4902.4244631432575,732314.7384738072,True
bad95bb6ca7fbad2c728,2985014426,B,Cond2,CMP-training-117.csv,485336298.333,485336665.0,74.6724,outer_0,completed,selected,85.73777479642848,122.44251938543476,1,74.6724,74.6724,74.6724,training,347,CMP-training-120.csv,4;5;6,485336298.333,485336665.0,0,False,3,False,False,189.0,2.333999991416931,72.0,False,3,False,False,159.66699999570847,4.0,71.0,189.0,125.0,64.0,0.6613756613756614,0.6736842105263158,3,22.0,31.0,72.0,21.761331658599286,61.51123046875,10.363405470637405,7726.979218749329,97.56851476430391,87.98497295992253,12203.850379750123,380.95266729797686,151.20821022110903,47702.74576918968,5530.059889155634,4670.9311075186515,695128.8391288712,159.66699999570847,127.0,32.666999995708466,0.7954054375883152,0.8280254777070064,3,23.0,33.0,71.0,20.677416559027765,62.49038461538461,7.241741240766951,7954.479062501341,94.66723943122996,88.25467018788962,12143.786774833434,387.296783216782,149.52919778748978,49228.97562315154,5599.311115650413,5002.078643161477,722111.6814160913,True
0d912928e6272614a0c1,-4230160436,B,Cond2,CMP-training-014.csv,482141791.0,482142175.667,54.3072,outer_0,completed,selected,65.3416430190475,121.75893274060597,1,54.3072,54.3072,54.3072,training,359,CMP-training-015.csv,4.0;5.0;6.0,482141791.0,482142175.667,1,False,3,False,False,207.66699999570847,5.666999995708466,71.0,False,2,False,False,160.0,3.0,42.0,207.66699999570847,126.0,81.66699999570847,0.6067405991448032,0.695,3,24.0,31.0,71.0,20.704266871026046,64.74370503597122,5.925863241553972,8176.418124847114,91.79763655408576,88.13225896276393,12346.500267581769,421.47287987791424,78.41123438309698,53383.418566002554,5851.894749495724,5546.247154309087,789738.6362152231,160.0,59.0,101.0,0.36875,0.3924050632911392,2,17.0,29.5,42.0,12.5,103.82560483870968,25.358051250895468,6140.78125,67.64075887392113,59.14432750980041,4008.5653488438943,313.8191267513827,188.0078954017937,18616.93045251779,5676.030335708176,3171.319891181017,338063.8942534309,True
5cfa9f94fcf3ede8b23c,-4113511748,B,Cond2,CMP-training-000.csv,481733066.333,481733423.333,71.89545,outer_1,completed,selected,82.8891498095755,120.86143550306045,1,71.89545,71.89545,71.89545,training,357,CMP-training-003.csv,4.0;5.0;6.0,481733066.333,481733423.333,0,False,1,False,True,180.0,5.666000008583069,20.0,False,3,False,False,159.0,3.333999991416931,72.66600000858307,180.0,20.0,160.0,0.1111111111111111,0.135678391959799,1,20.0,20.0,20.0,0.0,64.64120370370371,6.428416204143131,1312.748906398192,254.16666666637036,29.90964386155497,5100.3232889758865,446.98316498316285,27.575436874016457,8738.916262325814,16418.66624023435,2521.8587084555666,334726.49017879594,159.0,126.0,33.0,0.7924528301886793,0.8291139240506329,3,21.0,32.33399999141693,72.66600000858307,22.172318422546198,62.967557251908396,9.428787657257613,7953.111406425014,95.62073121725822,87.59870406937794,12081.204664269773,375.37830210501807,144.63548595228593,47434.91789260879,5574.929500844794,4790.54910748718,705993.7036200578,True
26b49a8ac1e84a4a272c,2981014396,B,Cond2,CMP-training-117.csv,485344373.333,485344743.333,66.7824,outer_0,completed,selected,77.77071413750011,120.74304758438483,1,66.7824,66.7824,66.7824,training,353,CMP-training-120.csv,4;5;6,485344373.333,485344743.333,0,False,3,False,False,194.0,2.6669999957084656,69.0,False,3,False,False,159.0,3.333999991416931,71.0,194.0,122.0,72.0,0.6288659793814433,0.6461538461538462,3,22.0,31.0,69.0,20.368821489936252,62.65625,7.171820155321645,7630.194687675685,99.77237182092678,88.84021690903337,12250.741876667653,389.4603254769899,131.09705623499985,47588.04201765465,5991.246534754146,5162.138686251152,728213.4374622282,159.0,124.0,35.0,0.779874213836478,0.810126582278481,3,23.0,30.0,71.0,21.171259344267224,62.86865234375,9.034881270957964,7836.621562410146,96.15122016514414,88.38576310902462,12042.89260253766,376.0871725063121,147.06254165339166,46694.3207663136,5607.345263546955,4842.091981939248,709562.3694336535,True
66165c7a4497dbbb0080,1484254358,A,Cond1,CMP-training-117.csv,485528043.333,485528389.667,68.13345,outer_0,completed,selected,79.06613103214286,119.52351455057642,1,68.13345,68.13345,68.13345,training,345,CMP-training-127.csv,4;5;6,485528043.333,485528389.667,0,False,0,True,True,168.33399999141693,7.0,168.33399999141693,False,3,False,False,159.66699999570847,4.0,71.33300000429153,168.33399999141693,0.0,168.33399999141693,0.0,0.0,0,,,,,,,0.0,,,0.0,,,0.0,,,0.0,159.66699999570847,115.66699999570847,44.0,0.7244264625678278,0.7531645569620253,3,11.666999995708466,32.666999995708466,71.33300000429153,24.711875493571416,68.41123949579831,10.69187584198268,7976.92515627481,84.39638768596132,78.29618504063136,9709.569815555016,378.34545878957437,136.57135358165078,44415.22175007398,5338.967020401981,4476.53387037995,623554.5657615708,True
4563939b3772415e988d,1484254346,A,Cond1,CMP-training-117.csv,485548128.667,485548486.0,66.14115,outer_0,completed,selected,77.05896916428574,119.1987753040451,1,66.14115,66.14115,66.14115,training,340,CMP-training-128.csv,4;5;6,485548128.667,485548486.0,0,False,3,False,False,183.33300000429153,3.3330000042915344,70.0,False,0,True,True,157.0,3.3330000042915344,157.0,183.33300000429153,117.33300000429153,66.0,0.6399993454617824,0.6521739130434783,3,18.0,29.333000004291534,70.0,22.32647102966995,68.4375,9.856390693352207,8074.507187809795,94.30750203991167,86.59797253809691,11001.485681162801,372.8581649831624,146.29553584366502,43962.80966264122,5910.887775393812,4883.9359306393935,695572.273656628,157.0,0.0,157.0,0.0,0.0,0,,,,,,,0.0,,,0.0,,,0.0,,,0.0,True
c8f119355338c09cb9b7,3023014506,A,Cond1,CMP-training-101.csv,484969977.667,484970325.0,83.7282,outer_4,completed,selected,72.8216709503738,118.9523759103402,1,83.7282,83.7282,83.7282,training,337,CMP-training-107.csv,4;5;6,484969977.667,484970325.0,2,False,2,False,False,171.0,6.0,73.66699999570847,False,3,False,False,158.33300000429153,4.0,70.33399999141693,171.0,113.0,58.0,0.6608187134502924,0.7472527472527473,2,32.0,52.83349999785423,73.66699999570847,20.833499997854233,68.98897058823529,9.507733411305688,7743.143749758601,66.47000323992286,65.68422483787856,8327.51818945572,385.87449123588556,130.56109852467588,43107.585865368,4124.083399517439,3385.524190514775,510997.29407357424,158.33300000429153,118.0,40.333000004291534,0.7452647268529092,0.7973856209150327,3,15.666000008583069,32.0,70.33399999141693,22.91260044697552,68.1326844262295,10.536673543461369,8128.184374906123,86.00459999591432,81.75192019533655,10461.60360556583,379.36123116409806,141.1607071374679,44910.20674382323,5447.564693709448,4696.385104662308,668117.620524994,True
9fb6cda25a201499ef5c,1834206746,A,Cond3,CMP-training-101.csv,485015592.333,485015885.667,161.06895,outer_4,completed,selected,150.17726515714284,118.6287987161244,1,161.06895,161.06895,161.06895,training,274,CMP-training-109.csv,1;2;3,485015592.333,485015885.667,0,False,0,True,True,146.0,2.333999991416931,146.0,False,0,True,True,129.33399999141693,3.666000008583069,129.33399999141693,146.0,0.0,146.0,0.0,0.0,0,,,,,,,0.0,,,0.0,,,0.0,,,0.0,129.33399999141693,0.0,129.33399999141693,0.0,0.0,0,,,,,,,0.0,,,0.0,,,0.0,,,0.0,True
af8fdb6b7cc73316503f,2911013972,B,Cond2,CMP-training-087.csv,484504735.333,484505090.0,95.1084,outer_3,completed,selected,84.22171685234242,118.51986995749152,1,95.1084,95.1084,95.1084,training,339,CMP-training-091.csv,4.0;5.0;6.0,484504735.333,484505090.0,0,False,3,False,False,182.66699999570847,5.333999991416931,69.0,False,0,True,True,156.0,3.0,156.0,182.66699999570847,116.33300000429153,66.33399999141693,0.6368583269393193,0.657608695652174,3,16.0,30.333000004291534,69.0,22.38444841548887,61.72520661157025,12.103879746427976,7397.897031502798,90.4635736467161,84.64736022675172,10588.731216744669,379.80918273645165,143.54023501246908,44443.026988404315,4926.949952010937,4219.767953240558,628908.6066842722,156.0,0.0,156.0,0.0,0.0,0,,,,,,,0.0,,,0.0,,,0.0,,,0.0,True
cde083e87e86fb2b8789,1451738988,A,Cond1,CMP-training-137.csv,485893715.333,485894065.667,71.8506,outer_2,completed,selected,82.71898826489296,118.12186347646293,1,71.8506,71.8506,71.8506,training,333,CMP-training-140.csv,4;5;6,485893715.333,485894065.667,0,False,2,False,False,175.33399999141693,3.6669999957084656,70.0,False,3,False,False,156.33399999141693,3.3330000042915344,69.66699999570847,175.33399999141693,109.0,66.33399999141693,0.6216706400660217,0.6363636363636364,2,32.0,51.0,70.0,19.0,68.17243303571429,10.795168440485874,7467.378281475976,78.06855438009893,73.15092146763881,8438.983552201202,372.88592622654926,136.5499650097445,41267.2799767326,4752.77995019143,3835.8264160668377,519070.6853045689,156.33399999141693,110.66799998283386,45.66600000858307,0.7078946357728311,0.7388535031847133,3,10.666999995708466,30.33399999141693,69.66699999570847,24.528613174025494,68.21928879310344,10.86042887682532,7565.741405421868,80.97789959054246,76.42946433245525,9068.229576308211,371.3647901428045,138.48494759211334,41552.64771990192,4948.602649645644,4100.276996489291,556363.4069934866,True
85b925f1db4f91be1b58,2977014414,B,Cond2,CMP-training-117.csv,485358064.333,485358426.333,72.76575,outer_0,completed,selected,83.6125746988095,117.65360604670377,1,72.76575,72.76575,72.76575,training,346,CMP-training-121.csv,4;5;6,485358064.333,485358426.333,1,False,3,False,False,188.33399999141693,2.6669999957084656,69.0,False,0,True,True,158.0,3.0,158.0,188.33399999141693,123.0,65.33399999141693,0.6530950333216815,0.6702127659574468,3,21.0,33.0,69.0,20.396078054371138,62.80009920634921,9.189838204791066,7749.333437364548,97.86265567011617,88.50933398466802,12100.900575340109,379.41795334295153,152.17237806540246,46819.14619007682,5652.1271686932605,4751.531660502337,704900.6436375597,158.0,0.0,158.0,0.0,0.0,0,,,,,,,0.0,,,0.0,,,0.0,,,0.0,True
9054a139df937cc26fae,1302253578,A,Cond1,CMP-training-145.csv,486062493.333,486062863.333,88.0587,outer_4,completed,selected,77.23875428735872,117.07122522450453,1,88.0587,88.0587,88.0587,training,340,CMP-training-145.csv,4;5;6,486062493.333,486062863.333,1,False,3,False,False,182.0,6.0,63.333000004291534,False,2,False,False,159.0,3.6669999957084656,75.0,182.0,109.33300000429153,72.66699999570847,0.6007307692543491,0.6775956284153005,3,15.0,31.0,63.333000004291534,20.10390171830213,69.20362903225806,8.993178526839593,7562.423750311136,87.47149780859573,81.69863021492095,10078.369320824788,378.00940452916,135.07344891245893,41157.9500270693,5552.417110750066,4646.4869493914375,642767.9213672446,159.0,109.0,50.0,0.6855345911949685,0.7115384615384616,2,34.0,54.5,75.0,20.5,68.83727477477477,8.077016487054888,7510.15625,62.27651151759083,55.96631007095943,6880.598794363727,362.4440758940748,143.53050435131337,39572.18024245418,3989.3629582353265,3082.580066313351,440554.3747758647,True
547f843cc7abfc16a90f,3623681204,B,Cond2,CMP-training-134.csv,486543779.667,486544132.667,73.97295,outer_2,completed,selected,84.77688655698388,116.7250451273328,1,73.97295,73.97295,73.97295,training,334,CMP-training-162.csv,4;5;6,486543779.667,486544132.667,1,False,3,False,False,181.0,3.0,58.0,False,0,True,True,154.33399999141693,5.333000004291534,154.33399999141693,181.0,110.0,71.0,0.6077348066298343,0.6263736263736264,3,22.0,30.0,58.0,15.4344492037203,59.63267543859649,3.9775285420163407,6580.166874863207,105.45325216335247,90.36778838372776,11682.605345361086,420.78292131844546,75.84176426626439,46881.695951494345,6241.685363714875,5358.560415675969,693072.12017548,154.33399999141693,0.0,154.33399999141693,0.0,0.0,0,,,,,,,0.0,,,0.0,,,0.0,,,0.0,True
28b351aaa3c696b0d7d9,-4220160604,B,Cond2,CMP-training-014.csv,482191113.333,482191482.0,82.51935,outer_0,completed,selected,71.71775959999997,116.67435516937297,1,82.51935,82.51935,82.51935,training,352,CMP-training-017.csv,4.0;5.0;6.0,482191113.333,482191482.0,0,False,3,False,False,191.66699999570847,2.6669999957084656,72.0,False,3,False,False,161.0,4.333000004291534,70.33300000429153,191.66699999570847,124.0,67.66699999570847,0.646955396613796,0.6735751295336787,3,20.666999995708466,31.333000004291534,72.0,22.11747758944054,62.56971153846154,9.467037432762606,7817.237343778834,96.054797100011,88.53033381710688,11921.471336622206,373.2609712509685,150.46818377442332,46586.843243408206,5571.391884293735,4813.07506176278,701224.3795257458,161.0,120.33300000429153,40.666999995708466,0.7474099379148542,0.7924528301886793,3,20.0,30.0,70.33300000429153,21.756638268655674,62.924107142857146,8.670223797620336,7618.778750300407,95.94167103795853,88.17797623669249,11650.890784571802,378.427829886163,150.40135562463198,45561.88183550599,5604.867637839031,4792.520285553975,687248.6297634395,True
a535eb6c49e22f76e75e,29494170,B,Cond2,CMP-training-172.csv,487178587.0,487178948.0,94.43955,outer_0,completed,selected,83.65069163928568,116.39946472755517,1,94.43955,94.43955,94.43955,training,344,CMP-training-181.csv,4;5;6,487178587.0,487178948.0,0,False,3,False,False,188.0,6.0,64.66699999570847,False,0,True,True,156.0,3.0,156.0,188.0,118.66799998283386,69.33200001716614,0.6312127658661376,0.7248677248677249,3,19.33399999141693,34.666999995708466,64.66699999570847,18.827231396513284,63.184306569343065,8.823622495053396,7537.4962493777275,86.63442896830784,84.20768668889454,11093.61065790229,374.92709577526944,141.2932535076048,44230.630376064524,5181.984093987364,4694.084535949126,669888.4220045251,156.0,0.0,156.0,0.0,0.0,0,,,,,,,0.0,,,0.0,,,0.0,,,0.0,True
2bbc83feafb6d428b96d,3625681348,A,Cond1,CMP-training-134.csv,486459746.0,486460087.667,68.4021,outer_2,completed,selected,79.17581679107144,116.07297349421461,1,68.4021,68.4021,68.4021,training,327,CMP-training-159.csv,4;5;6,486459746.0,486460087.667,0,False,0,True,True,170.0,2.666000008583069,170.0,False,0,True,True,157.33399999141693,5.666999995708466,157.33399999141693,170.0,0.0,170.0,0.0,0.0,0,,,,,,,0.0,,,0.0,,,0.0,,,0.0,157.33399999141693,0.0,157.33399999141693,0.0,0.0,0,,,,,,,0.0,,,0.0,,,0.0,,,0.0,True
444fa9f7c2b423bf8210,2913014234,A,Cond1,CMP-training-087.csv,484501310.333,484501657.0,83.15835,outer_3,completed,selected,72.42861463059084,115.12722109754982,1,83.15835,83.15835,83.15835,training,332,CMP-training-091.csv,4.0;5.0;6.0,484501310.333,484501657.0,1,False,2,False,False,174.66699999570847,3.0,76.0,False,0,True,True,156.66699999570847,3.0,156.66699999570847,174.66699999570847,112.66699999570847,62.0,0.6450388453369936,0.6571428571428571,2,30.666999995708466,53.33349999785423,76.0,22.666500002145767,68.49184782608695,10.836079534747096,7757.103437241167,72.62580490656515,68.870883302849,8103.862036332442,389.4614097496684,133.45741410660952,44490.16528361216,4406.256169839654,3504.7000976028808,498551.656638175,156.66699999570847,0.0,156.66699999570847,0.0,0.0,0,,,,,,,0.0,,,0.0,,,0.0,,,0.0,True
0678b9ab06824fc69616,-4113511756,A,Cond1,CMP-training-000.csv,481681023.0,481681388.0,55.60095,outer_1,completed,selected,66.29048489230182,114.26615621373813,1,55.60095,55.60095,55.60095,training,349,CMP-training-001.csv,4.0;5.0;6.0,481681023.0,481681388.0,0,False,3,False,False,192.0,2.6669999957084656,70.0,False,0,True,True,157.0,3.0,157.0,192.0,124.66699999570847,67.33300000429153,0.6493072916443149,0.6735751295336787,3,22.666999995708466,32.0,70.0,20.4708947274644,68.33413461538461,9.964358695020595,8622.320312131196,96.97048300530707,89.26642168797787,12240.655682802066,381.98951825951553,141.82472529915475,47987.677595748166,6267.622656467261,5355.5749686768595,791526.0393318151,157.0,0.0,157.0,0.0,0.0,0,,,,,,,0.0,,,0.0,,,0.0,,,0.0,True
316439e3aa54e972e5d7,2707293108,A,Cond1,CMP-training-087.csv,484523601.333,484523953.333,83.36445,outer_3,completed,selected,72.90260389888512,109.45022384341276,1,83.36445,83.36445,83.36445,training,337,CMP-training-092.csv,4.0;5.0;6.0,484523601.333,484523953.333,0,False,3,False,False,179.0,2.3330000042915344,70.0,False,1,False,True,158.0,3.0,30.0,179.0,115.66799998283386,63.33200001716614,0.646189944038178,0.6555555555555556,3,12.333999991416931,33.33399999141693,70.0,23.82986714566248,67.96080508474576,11.055186454827032,7891.714374385774,82.21129908921503,77.59292947523622,9560.093223600661,380.58216058893726,144.56107821110567,44231.90394886721,5094.483340634755,4303.331899608414,594851.6528570147,158.0,30.0,128.0,0.189873417721519,0.19745222929936307,1,30.0,30.0,30.0,0.0,24.375,8.084187198555606,744.4284374825656,34.0510127531742,2.7426306790036414,1027.32558139495,373.748517432387,227.9843767631839,11354.514437429527,834.8368342082491,284.118818192687,25540.986845317144,True
9aa6790f5a3b23f1765a,2975014160,B,Cond2,CMP-training-117.csv,485351404.333,485351768.333,70.5336,outer_0,completed,selected,80.9638681875,108.79049446317434,1,70.5336,70.5336,70.5336,training,327,CMP-training-121.csv,4;5;6,485351404.333,485351768.333,0,False,3,False,False,191.0,3.0,69.0,False,0,True,True,156.66600000858307,5.666999995708466,156.66600000858307,191.0,123.66600000858307,67.33399999141693,0.647465968631325,0.6666666666666666,3,23.0,31.66600000858307,69.0,19.958086947700846,64.130859375,5.577180841292006,7936.274531604722,99.70738984079219,89.28941656183173,12258.68524032178,389.8910787563111,139.0882615837535,48176.739020364585,6109.563454444173,5193.41624957023,751741.1650926071,156.66600000858307,0.0,156.66600000858307,0.0,0.0,0,,,,,,,0.0,,,0.0,,,0.0,,,0.0,True
2ffa551c4372254f2de0,4179773576,B,Cond2,CMP-training-080.csv,484317323.0,484317692.333,82.1292,outer_1,completed,selected,71.7270839778257,108.20401773877524,1,82.1292,82.1292,82.1292,training,354,CMP-training-085.csv,4.0;5.0;6.0,484317323.0,484317692.333,1,False,3,False,False,193.33300000429153,3.0,72.0,False,3,False,False,159.66600000858307,5.666000008583069,68.33300000429153,193.33300000429153,125.66699999570847,67.66600000858307,0.6500028447958649,0.6787564766839378,3,21.666999995708466,32.0,72.0,21.705559396719593,63.44942748091603,7.4314420390050895,8024.124843617901,97.54484849608701,87.92516097409475,12293.434130287718,384.189837304338,143.88368951491623,48321.57376237198,5944.638225045568,5103.457515701754,749789.8407569268,159.66600000858307,122.9990000128746,36.666999995708466,0.7703518595459435,0.81875,3,23.0,31.66600000858307,68.33300000429153,19.648718743139867,63.454198473282446,8.055274902004767,7783.618751019239,96.55974660593128,86.61983024042256,12177.121628502042,383.9738491788098,148.95836932668547,46914.66423103949,5818.814177726902,4992.889180826184,727339.7055384391,True
8649c26e524a08f22d42,2663292728,A,Cond1,CMP-training-101.csv,484993917.667,484994273.667,64.7448,outer_4,completed,selected,75.13227733073167,107.89968529646434,1,64.7448,64.7448,64.7448,training,338,CMP-training-108.csv,4;5;6,484993917.667,484994273.667,1,False,3,False,False,179.66600000858307,2.3330000042915344,72.0,False,3,False,False,160.0,5.666999995708466,70.0,179.66600000858307,117.33300000429153,62.333000004291534,0.6530617924297656,0.6666666666666666,3,12.333000004291534,33.0,72.0,24.73925305912423,68.20052083333333,10.42091026842102,8029.838906312361,80.58180334550875,76.91460946863984,9546.763428696928,380.5481186868662,140.41440864848016,44981.53472496766,5020.395709018247,4267.162288395371,596506.549263361,160.0,124.0,36.0,0.775,0.8152866242038217,3,21.0,33.0,70.0,20.8539897594894,62.587890625,6.671565957695454,7783.385624997318,99.04626778602953,90.03504491038655,12168.75840571319,378.63040167297737,141.66660829890188,47024.02138133886,5934.275289318623,5190.759832155061,729723.6647774532,True
957a75f601886c95b208,2977014406,B,Cond2,CMP-training-117.csv,485359432.667,485359796.333,72.36585,outer_0,completed,selected,82.6218515464285,105.18556772034393,1,72.36585,72.36585,72.36585,training,346,CMP-training-121.csv,4;5;6,485359432.667,485359796.333,0,False,3,False,False,189.66600000858307,3.0,71.33399999141693,False,3,False,False,157.0,4.0,70.33399999141693,189.66600000858307,125.33399999141693,64.33200001716614,0.6608142734372271,0.6701570680628273,3,22.0,32.0,71.33399999141693,21.29425355577288,62.15576171875,7.781661777248332,7792.852186989039,94.5196316553533,88.11808244550629,11907.397077598707,382.0986742424225,151.3115831864966,48037.22171247139,5464.766062774526,4767.187051205411,689197.8421921235,157.0,123.33399999141693,33.66600000858307,0.7855668789262225,0.8129032258064516,3,22.0,31.0,70.33399999141693,20.987665982389327,63.23164682539682,5.161420071937361,7807.87187423557,98.3611645391611,88.28530242979825,12179.283576408623,396.3417187750503,138.4416109745112,49149.66676853716,5993.15190835055,5171.307627050239,743749.8210008396,True
c820c4f1afe47cb51113,3834719044,B,Cond2,CMP-training-000.csv,481965233.333,481965612.333,63.35175,outer_1,completed,selected,73.5956475097455,104.93743619017009,1,63.35175,63.35175,63.35175,training,360,CMP-training-011.csv,4.0;5.0;6.0,481965233.333,481965612.333,0,False,3,False,False,195.33399999141693,5.666000008583069,70.66699999570847,False,3,False,False,166.0,6.0,70.0,195.33399999141693,125.33300000429153,70.0009999871254,0.6416343289432394,0.6581632653061225,3,22.0,32.66600000858307,70.66699999570847,20.886775307694066,64.1327519379845,6.514304882727849,8048.204062823206,96.79786608211356,89.54932785677602,12276.4070154906,394.2361796257136,124.16572633165188,49370.68649117269,6008.287285441498,5329.675484913316,763428.127406047,166.0,125.0,41.0,0.7530120481927711,0.8109756097560976,3,23.66600000858307,31.33399999141693,70.0,20.277785698764355,62.92293233082707,7.6558251846929455,8012.978749871254,103.76423003645381,93.66335807480768,12141.372317365165,358.33899901268165,157.341934637852,47799.29673303064,6116.921643052799,5210.265068268429,745870.2254594499,True
1a97382f78c1b0eeb39d,4223773480,A,Cond1,CMP-training-067.csv,483780333.0,483780701.333,56.7708,outer_1,completed,selected,66.9139627302341,102.88375017201014,1,56.7708,56.7708,56.7708,training,310,CMP-training-067.csv,4.0;5.0;6.0,483780333.0,483780701.333,0,False,2,False,False,194.66699999570847,42.666999995708466,107.66699999570847,False,2,False,False,157.66600000858307,3.6669999957084656,70.33399999141693,194.66699999570847,131.33300000429153,63.33399999141693,0.6746546667241332,0.5947712418300654,2,23.66600000858307,65.66650000214577,107.66699999570847,42.0004999935627,68.01167582417582,8.18140245687703,9134.261250123382,117.93091853054761,95.3561561200174,12681.752683635204,352.9040237540223,155.0229487688594,50190.61489654904,7659.89768626378,5811.929270466351,839101.6312721423,157.66600000858307,106.66600000858307,51.0,0.6765314018417182,0.7006369426751592,2,32.66600000858307,51.5,70.33399999141693,18.83399999141693,67.23863636363636,12.500179492512952,7276.062500402331,71.71831534434281,64.69523427317768,7485.20063962497,368.5986868686846,148.11752700628844,40380.0503274722,4192.664204195037,3029.0896373024434,455040.3819003965,True
005be3f7ea5942661e21,1292253518,B,Cond2,CMP-training-134.csv,486436471.333,486436826.333,79.16385,outer_2,completed,selected,89.29604859110341,102.66144828955808,1,79.16385,79.16385,79.16385,training,339,CMP-training-158.csv,4;5;6,486436471.333,486436826.333,0,False,3,False,False,181.33399999141693,3.0,69.66600000858307,False,3,False,False,158.0,4.0,68.0,181.33399999141693,115.66600000858307,65.66799998283386,0.6378616255862545,0.6538461538461539,3,16.0,30.0,69.66600000858307,22.728912359963587,64.77415966386555,8.731027259373276,7529.096562732011,89.45028439768464,83.56414050362325,10371.700236185832,374.60362872421496,144.28298717450474,43685.34172855361,5364.810177052422,4639.420653429412,630317.6458682633,158.0,119.0,39.0,0.7531645569620253,0.7770700636942676,3,20.0,31.0,68.0,20.531818125912658,63.25051229508197,8.052726697727389,7550.794374831021,98.07356983759179,88.01233701038942,11603.776376679329,370.87817105480866,148.8269928417346,44281.27202952601,5762.137333327457,4782.603375788806,687525.1338882623,True
4d1e0dd96d0ef2d87b7c,-4035511570,B,Cond2,CMP-training-117.csv,485339158.333,485339525.333,75.89895,outer_0,completed,selected,85.98159425892855,101.65971525210492,1,75.89895,75.89895,75.89895,training,350,CMP-training-120.csv,4;5;6,485339158.333,485339525.333,0,False,3,False,False,192.0,2.6669999957084656,65.33300000429153,False,3,False,False,158.0,4.333999991416931,69.0,192.0,118.9990000128746,73.0009999871254,0.6197864584003886,0.6528497409326425,3,23.0,30.66600000858307,65.33300000429153,18.41693464117979,63.16220238095238,5.224321760559113,7521.189375780523,98.15689903042731,90.33476761362463,11875.059043195919,387.9621332371316,139.11960818287102,46461.89783107063,5977.782877731361,5312.214182246379,722422.2382575385,158.0,125.33399999141693,32.66600000858307,0.7932531645026388,0.821656050955414,3,23.33399999141693,33.0,69.0,19.649187466802218,62.7156007751938,7.04799077817389,7894.179687332362,97.90358467824247,88.7372425450956,12514.421130502853,383.8637851382014,143.11165041622237,47985.51106637545,5875.845718521782,5087.586205890794,752913.0321934561,True
4c73534d684a3116a73c,3621681360,B,Cond2,CMP-training-171.csv,486891022.333,486891369.667,79.9269,outer_2,completed,selected,89.95308902281846,100.52446632128533,1,79.9269,79.9269,79.9269,training,331,CMP-training-171.csv,4;5;6,486891022.333,486891369.667,0,False,0,True,True,176.33399999141693,1.6660000085830688,176.33399999141693,False,0,True,True,155.0,3.333999991416931,155.0,176.33399999141693,0.0,176.33399999141693,0.0,0.0,0,,,,,,,0.0,,,0.0,,,0.0,,,0.0,155.0,0.0,155.0,0.0,0.0,0,,,,,,,0.0,,,0.0,,,0.0,,,0.0,True
9f9baddf7e6e1174af7c,1481739022,A,Cond1,CMP-training-087.csv,484524213.0,484524570.0,82.61265,outer_3,completed,selected,72.6456200036952,99.34168694723971,1,82.61265,82.61265,82.61265,training,340,CMP-training-092.csv,4.0;5.0;6.0,484524213.0,484524570.0,0,False,3,False,False,180.33300000429153,2.3330000042915344,69.33300000429153,False,2,False,False,160.0,3.0,71.33300000429153,180.33300000429153,116.0,64.33300000429153,0.6432544237451795,0.6574585635359116,3,13.666999995708466,33.0,69.33300000429153,23.076094738527228,68.29569327731092,10.863891558874288,7962.867187466472,84.40474476198187,79.93717171746631,9848.872143417124,379.2498938969497,142.82582778291427,44451.56655711403,5249.368550584245,4500.023215860304,617959.9125787932,160.0,107.33300000429153,52.666999995708466,0.6708312500268221,0.6918238993710691,2,31.0,51.16650000214577,71.33300000429153,20.166500002145767,68.36363636363636,10.312235471187764,7374.675937648863,74.36983976851909,67.39649401965914,7903.115395562197,382.73530303030145,136.4836850244427,41457.499929877806,4564.898846943195,3416.017690213522,489139.2918082212,True
f9edd232f233bcfa0f8e,1852207012,A,Cond3,CMP-training-117.csv,485339255.333,485339548.333,160.9824,outer_0,completed,selected,151.02851100000004,99.07990622432051,1,160.9824,160.9824,160.9824,training,276,CMP-training-120.csv,1;2;3,485339255.333,485339548.333,0,False,3,False,True,147.0,2.6669999957084656,30.66600000858307,False,3,False,False,129.66600000858307,4.0,33.0,147.0,79.66600000858307,67.33399999141693,0.5419455782896807,0.581081081081081,3,23.0,26.0,30.66600000858307,3.1541702943474133,62.1656976744186,7.024793660082749,4978.908438142389,127.24015114842608,96.41257265615776,10486.039624442634,359.59662320883115,160.60851695040313,28769.280206565447,7679.487089386182,5679.761488929471,632688.1611803356,129.66600000858307,83.0,46.66600000858307,0.640106118755155,0.6484375,3,23.33399999141693,26.66600000858307,33.0,4.009063844335077,61.852409638554214,7.9014936006651855,5148.5221877507865,129.84460485753465,95.15941680079678,11065.13438661573,353.3910186199317,170.83606635496005,29415.17934343005,7692.10980242415,5439.599505054252,658867.0403487874,True
95c0fd755d28dfa821d2,-1714100694,A,Cond1,CMP-training-080.csv,484181741.333,484182087.667,82.302,outer_1,completed,selected,72.36137957244591,98.81593448470575,1,82.302,82.302,82.302,training,330,CMP-training-080.csv,4.0;5.0;6.0,484181741.333,484182087.667,0,False,2,False,False,173.0,2.333999991416931,74.66600000858307,False,0,True,True,157.33399999141693,3.333999991416931,157.33399999141693,173.0,111.33300000429153,61.666999995708466,0.6435433526259626,0.6551724137931034,2,32.33399999141693,53.5,74.66600000858307,21.16600000858307,68.62390350877193,9.70735085026616,7661.277500316501,68.7588578238143,63.60682476809557,7782.766728413031,385.13589402799914,142.88971446887996,43179.27848648556,4232.0935735109815,3193.051087893168,482613.86667999637,157.33399999141693,0.0,157.33399999141693,0.0,0.0,0,,,,,,,0.0,,,0.0,,,0.0,,,0.0,True
7920a0d1b98d1a5a5ca0,-4113511748,A,Cond1,CMP-training-000.csv,481680628.0,481680996.0,56.09865,outer_1,completed,selected,66.03478396479127,98.72675816627877,1,56.09865,56.09865,56.09865,training,351,CMP-training-001.csv,4.0;5.0;6.0,481680628.0,481680996.0,1,False,3,False,False,191.66699999570847,3.0,71.66699999570847,False,3,False,False,159.66699999570847,2.6669999957084656,71.33300000429153,191.66699999570847,125.66699999570847,66.0,0.6556527727700764,0.6701570680628273,3,22.0,32.0,71.66699999570847,21.44834046217728,68.11279296875,10.578901197616647,8586.686874739826,97.31044886006855,89.14606878196113,12280.461766681512,374.2408183396449,149.12861938821953,47193.20007302538,6003.347191869478,5004.061769939237,762538.2001431911,159.66699999570847,123.33200001716614,36.33499997854233,0.7724326255298907,0.7987421383647799,3,20.66600000858307,31.333000004291534,71.33300000429153,21.80960486032999,68.24311023622047,10.441762438708833,8433.773751035333,98.24003218990435,89.98125642381021,12036.516647374587,378.33818102282436,145.20534385703377,46763.45879107494,6056.651945550005,5017.580166925667,745692.5571892441,True
23842f95fd3a7da4fb0b,2703293042,A,Cond1,CMP-training-000.csv,481993428.0,481993810.0,54.82875,outer_1,completed,selected,64.76135095570483,98.65656174526846,1,54.82875,54.82875,54.82875,training,354,CMP-training-012.csv,4.0;5.0;6.0,481993428.0,481993810.0,1,False,3,False,False,197.0,2.0,69.0,False,0,True,True,156.66699999570847,3.0,156.66699999570847,197.0,124.0,73.0,0.6294416243654822,0.6414141414141414,3,23.0,32.0,69.0,19.90533150244482,69.87696850393701,6.503727433898278,8661.150937434286,97.55228462100219,89.0948436232573,12243.050672896055,397.3392746361233,124.93135491361292,49335.52025597195,6470.145217818614,5546.823099003352,810128.6023913234,156.66699999570847,0.0,156.66699999570847,0.0,0.0,0,,,,,,,0.0,,,0.0,,,0.0,,,0.0,True
c587585e8be44e59b889,-2569250030,A,Cond1,CMP-training-117.csv,485527125.667,485527482.667,69.40155,outer_0,completed,selected,79.30149972424242,98.00900454252753,1,69.40155,69.40155,69.40155,training,341,CMP-training-127.csv,4;5;6,485527125.667,485527482.667,1,False,3,False,False,181.33300000429153,3.3330000042915344,67.0,False,2,False,False,159.0,5.666999995708466,67.33300000429153,181.33300000429153,113.0,68.33300000429153,0.6231629102111897,0.6373626373626373,3,14.0,32.0,67.0,22.00504992546534,68.09267241379311,10.897044896221795,7723.761249855161,88.59700122390929,82.01700901266925,10013.653202076592,371.36603535353106,143.05140299347764,42334.67876133432,5546.509121887839,4645.027069634397,631581.3685300888,159.0,109.66600000858307,49.33399999141693,0.6897232704942331,0.740506329113924,2,33.0,50.16650000214577,67.33300000429153,17.166500002145767,66.79754273504274,11.906510850757218,7516.20187561959,85.28928537800367,79.301891363329,8882.220649022169,354.4189199689188,148.3924813113921,41146.64259310351,5047.129638346303,4223.331008322134,556431.146415584,True
89a962e2a08c7d742887,2985014406,B,Cond2,CMP-training-117.csv,485320262.333,485320627.667,75.0927,outer_0,completed,selected,84.9854122666666,97.86575599105595,1,75.0927,75.0927,75.0927,training,348,CMP-training-120.csv,4;5;6,485320262.333,485320627.667,0,False,3,False,False,187.33399999141693,5.333999991416931,68.0,False,2,False,False,160.0,3.0,71.66699999570847,187.33399999141693,118.33300000429153,69.0009999871254,0.6316685706263315,0.6931216931216931,3,19.0,31.333000004291534,68.0,20.810178539976107,61.86068702290076,9.263640669806728,7361.475625447929,91.82073215162976,84.83440747259861,11407.71072878964,380.3442902305484,145.90505106380144,44772.286053744974,5268.853339866213,4579.273725203904,665951.2481752523,160.0,111.66699999570847,48.333000004291534,0.6979187499731779,0.7232704402515723,2,31.0,51.33349999785423,71.66699999570847,20.333499997854233,97.14945652173913,7.92555672699983,10880.080624632537,79.17987334357043,73.01591639642535,8753.879848016582,456.78575757575555,233.46575469946555,51562.9256195512,7203.65063394257,5957.997540632785,798140.6781490461,True
04d59a2514c150f15587,2987014192,A,Cond1,CMP-training-101.csv,485084023.0,485084382.0,83.5218,outer_4,completed,selected,73.64019569702948,97.6461036004854,1,83.5218,83.5218,83.5218,training,342,CMP-training-111.csv,4;5;6,485084023.0,485084382.0,1,False,3,False,False,185.0,2.6669999957084656,68.0,False,3,False,False,158.0,4.0,66.0,185.0,116.33300000429153,68.66699999570847,0.6288270270502245,0.6344086021505376,3,16.0,32.333000004291534,68.0,21.712520140933677,68.89036016949153,9.097826880561522,8053.934687804431,91.69698981384977,84.44361967673814,10737.684872318034,383.77622838554714,145.6984573700255,44963.816985671896,5805.9115793459905,4804.879719695339,688082.5411281843,158.0,113.0,45.0,0.7151898734177216,0.7612903225806451,3,15.0,32.0,66.0,21.202725191719,68.83474576271186,9.395868459546048,7825.260468749329,90.08801319412247,83.51323188061062,10313.683082746953,383.3409176510844,144.15726411551475,43801.55234217056,5708.585727284177,4781.7308025749535,659581.3902622175,True
dd673076ab114319d60b,3625681396,B,Cond2,CMP-training-134.csv,486445194.333,486445558.667,74.0673,outer_2,completed,selected,83.93225808199796,97.31739795957677,1,74.0673,74.0673,74.0673,training,346,CMP-training-159.csv,4;5;6,486445194.333,486445558.667,0,False,3,False,False,189.33399999141693,3.0,70.66600000858307,False,3,False,False,157.0,3.0,72.0,189.33399999141693,123.33200001716614,66.0019999742508,0.651399114912045,0.6684210526315789,3,20.66600000858307,32.0,70.66600000858307,21.40487772154641,57.51968503937008,8.448087556682088,7166.294688265771,97.1464644030083,88.92925185735831,12041.40554897334,370.7725642249242,146.8609655535619,45916.8735799761,5181.846906047671,4452.217726637232,657143.0805358348,157.0,121.33399999141693,35.66600000858307,0.7728280254230377,0.7948717948717948,3,17.0,32.33399999141693,72.0,23.174514527859372,63.341733870967744,8.306193170012508,7723.963436763734,89.36932423886373,84.72751812816755,10899.165783064918,376.3868686868669,143.88378764085243,45992.454721618444,5265.479728274049,4669.981509421325,649769.4294570483,True
921a607f89b09e8805db,3005014324,B,Cond2,CMP-training-117.csv,485474634.0,485475001.0,69.22395,outer_0,completed,selected,79.07129683214292,96.97023963251516,1,69.22395,69.22395,69.22395,training,351,CMP-training-125.csv,4;5;6,485474634.0,485475001.0,0,False,3,False,False,193.0,3.0,70.0,False,0,True,True,158.0,3.0,158.0,193.0,124.0,69.0,0.6424870466321243,0.654639175257732,3,22.0,32.0,70.0,20.677416559027765,64.08218503937007,5.878442306931139,7962.5,96.68734760350762,89.32135302427157,12091.949791911635,387.1836315915037,127.86424457810107,48299.53187277513,5964.765752243716,5275.857304182425,746078.766171383,158.0,0.0,158.0,0.0,0.0,0,,,,,,,0.0,,,0.0,,,0.0,,,0.0,True
41e97eb8601e080f5b62,-2567249846,B,Cond2,CMP-training-117.csv,485337406.333,485337779.333,76.0545,outer_0,completed,selected,85.8307629535714,95.5753173373724,1,76.0545,76.0545,76.0545,training,364,CMP-training-120.csv,4;5;6,485337406.333,485337779.333,0,False,3,False,False,194.33399999141693,2.6669999957084656,67.0,False,2,False,True,160.66600000858307,6.0,27.0,194.33399999141693,122.0,72.33399999141693,0.6277851534234273,0.6461538461538462,3,22.0,33.0,67.0,19.154343864744856,62.457837301587304,6.647730870716836,7641.5625,97.74669231208128,88.02934457631916,12138.547913487104,389.2675565175553,137.08767107191707,47907.51924651251,5876.888047390101,5115.949333636459,730157.4054987343,160.66600000858307,49.33399999141693,111.33200001716614,0.30705936532173217,0.30177514792899407,2,22.33399999141693,24.666999995708466,27.0,2.3330000042915344,71.24387254901961,0.043327621396234535,3514.8390618897974,192.85861713086334,69.18037950131817,9744.951708878827,446.3548425430758,17.81515754978453,21988.731797895663,13740.774961286083,4929.841813178797,694314.1511162568,True
5562499b641799ab7cbf,327446596,A,Cond3,CMP-training-000.csv,481947829.0,481948137.0,138.55335,outer_1,completed,selected,148.26970883035716,94.40762892025967,1,138.55335,138.55335,138.55335,training,291,CMP-training-011.csv,1.0;2.0;3.0,481947829.0,481948137.0,0,False,0,True,True,157.66699999570847,2.0,157.66699999570847,False,0,True,True,133.0,5.666999995708466,133.0,157.66699999570847,0.0,157.66699999570847,0.0,0.0,0,,,,,,,0.0,,,0.0,,,0.0,,,0.0,133.0,0.0,133.0,0.0,0.0,0,,,,,,,0.0,,,0.0,,,0.0,,,0.0,True
992be32d31162a019ccb,-4226160396,A,Cond1,CMP-training-000.csv,481731974.0,481732335.0,61.22265,outer_1,completed,selected,70.92702182723349,94.174832561203,1,61.22265,61.22265,61.22265,training,343,CMP-training-003.csv,4.0;5.0;6.0,481731974.0,481732335.0,0,False,3,False,False,183.0,5.666999995708466,46.0,False,3,False,False,160.0,6.666999995708466,75.0,183.0,98.0,85.0,0.5355191256830601,0.6032608695652174,3,22.0,30.0,46.0,9.977753031397176,71.18524774774775,5.55292238978715,6971.40625,111.3801592288985,91.10687924930662,11233.924109395697,427.2101920101901,62.15085107909852,41830.41682022585,7785.974853748529,6326.625853729346,784392.0093115164,160.0,117.0,43.0,0.73125,0.7547169811320755,3,12.0,30.0,75.0,26.49528259898354,68.68489583333333,10.607974704574824,8090.3125,83.76453488366992,79.28205209868945,9732.856175015684,387.0757575757554,133.9389279360813,45699.43494745048,5236.614822391254,4480.85497921319,617061.1267757287,True
a47109d0499cbbfd1dbc,2917014270,B,Cond2,CMP-training-087.csv,484488420.333,484488783.333,90.76995,outer_3,completed,selected,81.11308718533668,93.25499942122704,1,90.76995,90.76995,90.76995,training,347,CMP-training-091.csv,4.0;5.0;6.0,484488420.333,484488783.333,0,False,3,False,False,189.66699999570847,2.0,66.66699999570847,False,0,True,True,157.33300000429153,3.0,157.33300000429153,189.66699999570847,122.66699999570847,67.0,0.6467493027173099,0.6596858638743456,3,24.333000004291534,31.666999995708466,66.66699999570847,18.472066331949236,63.01587301587302,9.015109177590421,7750.661405781284,98.439266771511,89.52685046063009,12342.458986327676,374.5782708032682,149.41589274670503,45843.74824862321,5910.591659012896,5105.50935081827,742617.7482349032,157.33300000429153,0.0,157.33300000429153,0.0,0.0,0,,,,,,,0.0,,,0.0,,,0.0,,,0.0,True
8394551e0ecd9467bdf2,-2139929748,B,Cond2,CMP-training-062.csv,483599331.333,483599694.667,77.6979,outer_0,completed,selected,68.04219416785713,93.23265511687786,1,77.6979,77.6979,77.6979,training,336,CMP-training-064.csv,4.0;5.0;6.0,483599331.333,483599694.667,0,False,3,False,False,190.33399999141693,6.333000004291534,75.33300000429153,False,0,True,True,156.0,6.0,156.0,190.33399999141693,125.33300000429153,65.0009999871254,0.6584898126973814,0.71875,3,19.0,31.0,75.33300000429153,24.227674210529543,63.58469202898551,7.530996488023191,7983.050937782973,104.74974721935565,88.60713347192585,11487.782329199908,382.0385997657717,141.10009128075873,47493.80994016736,6359.1210968651485,5128.098796148443,688802.6415751369,156.0,0.0,156.0,0.0,0.0,0,,,,,,,0.0,,,0.0,,,0.0,,,0.0,True
9a870213ae04a554cff1,3623681094,B,Cond2,CMP-training-134.csv,486506139.0,486506490.0,75.6351,outer_2,completed,selected,85.28446445140108,93.11023431596294,1,75.6351,75.6351,75.6351,training,334,CMP-training-161.csv,4;5;6,486506139.0,486506490.0,0,False,3,False,False,178.0,3.0,59.0,False,3,False,False,157.0,4.0,70.33300000429153,178.0,113.0,65.0,0.6348314606741573,0.6480446927374302,3,22.666999995708466,31.333000004291534,59.0,15.494261784512867,59.296875,4.555777663126299,6722.910937573761,106.0884280166362,90.16914416669486,12074.583065879642,413.63131313131197,90.50518906422764,46842.33868423971,6201.742636269966,5209.596478511023,708041.855019002,157.0,125.0,32.0,0.7961783439490446,0.8258064516129032,3,22.0,32.666999995708466,70.33300000429153,20.732667017615434,58.60107421875,5.729946141247835,7342.760624997318,96.64239404825824,88.73044152608759,12201.003355039355,379.7326586174222,139.21796140668746,47571.92939168255,5461.579093788151,4807.349079911519,689582.3989841992,True
8754fc601ed76c81ca24,-877170260,A,Cond1,CMP-training-000.csv,481922313.333,481922686.0,57.82185,outer_1,completed,selected,67.46420733767093,92.97505502733642,1,57.82185,57.82185,57.82185,training,356,CMP-training-010.csv,4.0;5.0;6.0,481922313.333,481922686.0,0,False,3,False,False,199.66699999570847,3.0,69.33300000429153,False,3,False,False,155.66699999570847,2.6669999957084656,75.0,199.66699999570847,123.66600000858307,76.0009999871254,0.6193612365150029,0.6368159203980099,3,23.0,31.333000004291534,69.33300000429153,20.166489747072994,68.00048828125,11.135508160740109,8433.116875775158,98.23580458222585,88.0903003874883,12275.688487297144,376.84902146464515,147.016409828129,46595.075071700616,6193.669130280548,5083.190703317196,772899.9082270894,155.66699999570847,121.66699999570847,34.0,0.7815850501330576,0.8064516129032258,3,15.666999995708466,31.0,75.0,25.14735634137505,69.33,8.650117773764702,8473.605781095102,87.01755201950128,83.39234937024764,10515.064908275092,386.16837979797754,141.17419676409807,47329.93164953694,5559.724212051309,4834.139071647596,679825.5816929743,True
ba67c04b92f7bb69cd46,3623681134,A,Cond1,CMP-training-134.csv,486501737.333,486502101.333,65.3415,outer_2,completed,selected,74.96559270705616,92.62316043401164,1,65.3415,65.3415,65.3415,training,347,CMP-training-161.csv,4;5;6,486501737.333,486502101.333,0,False,3,False,False,188.0,3.0,70.66600000858307,False,3,False,False,159.0,4.666999995708466,70.0,188.0,117.9990000128746,70.0009999871254,0.6276542553876309,0.656084656084656,3,19.0,28.333000004291534,70.66600000858307,22.48101256945108,58.95665322580645,7.100286872946386,6970.668438281864,95.83606427914654,88.1503891265426,11306.423123395081,380.7440819485142,151.06419580256392,44975.231967883294,5335.331766736681,4669.409362198253,632415.7407923891,159.0,121.0,38.0,0.7610062893081762,0.7848101265822784,3,19.0,32.0,70.0,21.63844315615664,57.95866935483871,7.051486948797458,7044.6875,92.78961187657255,86.05883728079718,11264.08463922697,378.8543866080126,150.07129688009894,46020.694400071756,5046.8242651699165,4377.065394209555,617435.8791685192,True
a5f11799d424f1d5b54e,2655292676,B,Cond2,CMP-training-172.csv,487112330.667,487112668.667,95.60205,outer_0,completed,selected,85.98727062202384,92.4439824871557,1,95.60205,95.60205,95.60205,training,322,CMP-training-179.csv,4;5;6,487112330.667,487112668.667,0,False,0,True,True,164.0,5.666999995708466,164.0,False,3,False,False,158.0,3.0,68.0,164.0,0.0,164.0,0.0,0.0,0,,,,,,,0.0,,,0.0,,,0.0,,,0.0,158.0,110.66699999570847,47.333000004291534,0.7004240506057497,0.7261146496815286,3,11.666999995708466,31.0,68.0,23.371805851042563,63.23739035087719,8.789183022368825,7028.143593510613,86.04240481859561,78.26096160070747,9461.6910213441,381.59422736133047,140.64111585318759,42773.28545238501,5021.118109012196,4184.318501325342,557529.0986624401,True
54ea818ed17d5c548e38,-4224160654,A,Cond1,CMP-training-000.csv,481732164.0,481732522.0,60.3432,outer_1,completed,selected,69.89403165397886,91.21838528264445,1,60.3432,60.3432,60.3432,training,339,CMP-training-003.csv,4.0;5.0;6.0,481732164.0,481732522.0,0,False,3,False,False,181.0,6.666999995708466,75.0,False,3,False,False,159.0,4.0,72.0,181.0,117.0,64.0,0.6464088397790055,0.6593406593406593,3,12.0,30.0,75.0,26.49528259898354,68.68489583333333,10.607974704574824,8090.3125,83.76453488366992,79.28205209868945,9732.856175015684,387.0757575757554,133.9389279360813,45699.43494745048,5236.614822391254,4480.85497921319,617061.1267757287,159.0,119.66699999570847,39.333000004291534,0.7526226414824432,0.7834394904458599,3,16.666999995708466,31.0,72.0,23.44775700857345,68.8058943089431,9.322773950881567,8273.664374761283,93.82287966078292,86.21663585461835,11070.863416853717,380.18736552516765,144.37123162469564,45823.020089855716,5922.112738946903,4895.658258974384,705714.7716891968,True
57c7b26288f03d4156fa,1314253592,A,Cond1,CMP-training-134.csv,486222116.0,486222477.0,71.70675,outer_2,completed,selected,81.1850504094699,89.83817865215718,1,71.70675,71.70675,71.70675,training,342,CMP-training-151.csv,4;5;6,486222116.0,486222477.0,0,False,3,False,False,184.0,2.0,66.0,False,3,False,False,159.0,4.0,72.0,184.0,114.0,70.0,0.6195652173913043,0.6378378378378379,3,17.0,31.0,66.0,20.607442021431645,68.20709745762711,10.593206104333657,7846.40625,93.08798207573702,84.59421979675501,10714.290722144926,366.61210409176306,145.6323698145895,42241.58601641835,5813.520180923844,4792.321011882727,680323.2200002144,159.0,117.33300000429153,41.666999995708466,0.7379433962534059,0.7643312101910829,3,12.333000004291534,33.0,72.0,24.73925305912423,67.4609375,12.239842362064026,7964.838437568396,81.89851081187066,77.21549356834798,9687.958152896883,368.4942760942755,138.57478836660556,43540.887424813875,5051.166567853051,4289.8510307981605,600688.7487975726,True
dbf2a3c230857ee833a7,1322253620,A,Cond1,CMP-training-137.csv,485901889.667,485902245.667,71.1882,outer_2,completed,selected,80.66249212973918,89.76221135963783,1,71.1882,71.1882,71.1882,training,339,CMP-training-140.csv,4;5;6,485901889.667,485902245.667,1,False,2,False,False,182.33300000429153,6.333000004291534,70.33300000429153,False,3,False,False,158.0,5.666000008583069,70.0,182.33300000429153,121.33300000429153,61.0,0.6654472860175379,0.6758241758241759,2,51.0,60.66650000214577,70.33300000429153,9.666500002145767,67.91412601626017,10.294005645720226,8313.508906671777,97.35001144371705,88.49966878637464,11125.350607261284,357.57539623881064,152.231241943486,44254.95479171067,6024.341576603412,4926.334968402108,706584.1892959212,158.0,117.0,41.0,0.740506329113924,0.7692307692307693,3,16.0,31.0,70.0,22.759613353482084,68.55729166666667,9.975571018447878,8076.76421883516,89.45955732347251,82.99226256733357,10473.192025696324,375.18080387205356,141.12925650321026,44187.02509471628,5632.820269465195,4703.598699580684,667403.8092592417,True
98ced23d7983859e0643,-873170248,A,Cond1,CMP-training-000.csv,481656757.667,481657131.333,55.66965,outer_1,completed,selected,65.14125223685794,89.71124893325234,1,55.66965,55.66965,55.66965,training,356,CMP-training-000.csv,4.0;5.0;6.0,481656757.667,481657131.333,0,False,3,False,False,197.0,2.666000008583069,68.0,False,3,False,False,160.0,5.666000008583069,70.0,197.0,122.0,75.0,0.6192893401015228,0.6313131313131313,3,22.0,32.0,68.0,19.754043186705402,67.2675,5.630816992231234,8190.726562533528,99.3730477355307,88.2260406366474,12108.010808987656,396.09464646464545,122.97931873908746,48393.96900830631,6407.011421353219,5417.954133366686,776097.777003044,160.0,124.33399999141693,35.66600000858307,0.7770874999463558,0.8037974683544303,3,23.33399999141693,31.0,70.0,20.432770826767122,64.99507874015748,10.761554763090546,8101.54812451452,99.290953073889,89.61637347925158,12453.396468558076,371.7120217927287,148.98086480019614,46140.32514959585,5919.326147307014,4923.307239760049,742938.5202751321,True
56eb9b2b85fd78da45c3,2975014200,B,Cond2,CMP-training-117.csv,485357476.333,485357842.333,73.5189,outer_0,completed,selected,82.98616768035706,89.62915733153324,1,73.5189,73.5189,73.5189,training,347,CMP-training-121.csv,4;5;6,485357476.333,485357842.333,0,False,3,False,False,190.66699999570847,2.6669999957084656,71.0,False,3,False,False,158.0,3.0,71.0,190.66699999570847,122.66600000858307,68.0009999871254,0.643352022171346,0.6631578947368421,3,21.66600000858307,30.0,71.0,21.562052857869602,61.763392857142854,8.881650646181823,7606.258125565946,97.43049484167358,89.46628473344815,11908.147718402874,373.54802388968886,151.3695718894372,45966.56649188425,5596.08065099317,4841.458965295022,687842.6519861509,158.0,126.0,32.0,0.7974683544303798,0.821656050955414,3,21.0,34.0,71.0,21.18175315375634,61.9718992248062,9.353398761363122,7849.21875,97.00018027753451,89.3402386884611,12300.728439680654,378.35495654216294,150.7826073603992,47831.900151706875,5617.758717663535,4904.364224533328,717749.9564530724,True
ee7a7e06b7c9448651bc,2066207662,A,Cond3,CMP-training-169.csv,486812706.333,486812983.667,144.68265,outer_4,completed,selected,154.12306118928566,89.12136342279005,1,144.68265,144.68265,144.68265,training,247,CMP-training-169.csv,1;2;3,486812706.333,486812983.667,0,False,0,True,True,128.0,5.666999995708466,128.0,False,0,True,True,131.33399999141693,3.6669999957084656,131.33399999141693,128.0,0.0,128.0,0.0,0.0,0,,,,,,,0.0,,,0.0,,,0.0,,,0.0,131.33399999141693,0.0,131.33399999141693,0.0,0.0,0,,,,,,,0.0,,,0.0,,,0.0,,,0.0,True
