evaluation,policy,model,dimension,value,n,mse,rmse,mae,r2
nested_oof,completed,control,cold_history,False,1771,20.905894286395426,4.572296390917306,3.5696346782047415,0.9761820680234718
nested_oof,completed,control,cold_history,True,206,35.5218808252914,5.960023559122178,4.939026356808237,0.9649813535495998
nested_oof,completed,control,missing_physical_feature,False,1975,22.4487070334094,4.738006651895858,3.7144410808433794,0.9751463717982696
nested_oof,completed,control,missing_physical_feature,True,2,2.824920116381615,1.6807498672859134,1.6206549687099,0.5709815767583564
nested_oof,completed,features,cold_history,False,1771,21.239215199651913,4.608602304349109,3.58664916731994,0.9758023179525331
nested_oof,completed,features,cold_history,True,206,31.886557379717548,5.646818341306682,4.49632074064815,0.9685651757886171
nested_oof,completed,features,missing_physical_feature,False,1975,22.075789169217003,4.698487966273512,3.6722178381035335,0.9755592402067987
nested_oof,completed,features,missing_physical_feature,True,2,291.79866480088816,17.082115349127232,12.783758821326948,-43.31523650914545
nested_oof,completed,proposed,cold_history,False,1771,62.00654345061542,7.874423372578809,3.7364289275631712,0.9293563999810585
nested_oof,completed,proposed,cold_history,True,206,28.02443890802752,5.293811378206398,4.167105590896909,0.9723725800748614
nested_oof,completed,proposed,missing_physical_feature,False,1975,21.5477608963088,4.641956580614343,3.6473285042570645,0.9761438359412137
nested_oof,completed,proposed,missing_physical_feature,True,2,36514.89754794184,191.08871643281776,136.0827932657185,-5544.48912020701
nested_oof,completed,tuned,cold_history,False,1771,21.154726463003943,4.599426753738333,3.576049796037285,0.9758985753503127
nested_oof,completed,tuned,cold_history,True,206,32.52065625806793,5.702688511401261,4.599707770447931,0.9679400601156953
nested_oof,completed,tuned,missing_physical_feature,False,1975,22.067142239456672,4.697567693972773,3.6740149884074915,0.9755688134787485
nested_oof,completed,tuned,missing_physical_feature,True,2,290.8349161075274,17.05388272820965,12.272193694754286,-43.16887274387324
nested_oof,retrospective,control,cold_history,False,1771,30.02869388239549,5.479844330124305,4.2478483496202095,0.965788529376602
nested_oof,retrospective,control,cold_history,True,206,40.42765807983298,6.358274772281628,5.133560045707666,0.9601450758737035
nested_oof,retrospective,control,missing_physical_feature,False,1975,31.037517995484006,5.571132559496678,4.33421425405167,0.9656374448908686
nested_oof,retrospective,control,missing_physical_feature,True,2,104.90819454354573,10.242470138767588,10.189822420561761,-14.932325996477694
nested_oof,retrospective,features,cold_history,False,1771,46.11468267520928,6.790779239174933,4.213065369210516,0.9474618803658605
nested_oof,retrospective,features,cold_history,True,206,37.78296090761673,6.146784599090546,4.969253581801862,0.9627523059271379
nested_oof,retrospective,features,missing_physical_feature,False,1975,29.266355908288993,5.409838806128053,4.20385219305302,0.9675983508768852
nested_oof,retrospective,features,missing_physical_feature,True,2,15825.670022946972,125.80011932803153,91.19846272164534,-2402.43221056594
nested_oof,retrospective,incumbent_refit,cold_history,False,1771,35.87786739411859,5.989813636008936,4.560092707052179,0.9591246089093589
nested_oof,retrospective,incumbent_refit,cold_history,True,206,40.94792126609192,6.399056279334626,5.210380621243416,0.9596321831957969
nested_oof,retrospective,incumbent_refit,missing_physical_feature,False,1975,36.34615182387778,6.0287769757951555,4.622648603841891,0.9597600992052722
nested_oof,retrospective,incumbent_refit,missing_physical_feature,True,2,95.6625418201736,9.780722970219205,9.765799788908616,-13.528195900826846
nested_oof,retrospective,proposed,cold_history,False,1771,27.095530082187818,5.205336692490488,4.033591690883937,0.9691302613739183
nested_oof,retrospective,proposed,cold_history,True,206,44.501957496728146,6.6709787510325755,5.289437610615031,0.9561284965851502
nested_oof,retrospective,proposed,missing_physical_feature,False,1975,28.732252067977036,5.360247388691779,4.156450901954218,0.9681896730518539
nested_oof,retrospective,proposed,missing_physical_feature,True,2,203.69459281298538,14.272161462546077,12.062250491283933,-29.934939549161538
nested_oof,retrospective,tuned,cold_history,False,1771,50.413224741232426,7.100227090821281,4.310560446557583,0.9425645829279122
nested_oof,retrospective,tuned,cold_history,True,206,38.60026360597987,6.212911041209255,5.016930018812149,0.9619465818615203
nested_oof,retrospective,tuned,missing_physical_feature,False,1975,30.385189805032002,5.512276281631029,4.288594396588116,0.9663596567441781
nested_oof,retrospective,tuned,missing_physical_feature,True,2,18611.36272730813,136.42346838908668,98.75810073362722,-2825.4931972219347
temporal,completed,control,cold_history,False,166,12.420051911737461,3.5242094023677795,2.6767759850335375,0.981507935835576
temporal,completed,control,missing_physical_feature,False,166,12.420051911737461,3.5242094023677795,2.6767759850335375,0.981507935835576
temporal,completed,features,cold_history,False,166,11.629382906842935,3.410188104319604,2.5719053406540713,0.9826851532961177
temporal,completed,features,missing_physical_feature,False,166,11.629382906842935,3.410188104319604,2.5719053406540713,0.9826851532961177
temporal,completed,proposed,cold_history,False,166,12.463494235853128,3.5303674363801183,2.6277912119812683,0.9814432550878056
temporal,completed,proposed,missing_physical_feature,False,166,12.463494235853128,3.5303674363801183,2.6277912119812683,0.9814432550878056
temporal,completed,tuned,cold_history,False,166,11.767405706201181,3.4303652438481214,2.553218941601782,0.982479652829612
temporal,completed,tuned,missing_physical_feature,False,166,11.767405706201181,3.4303652438481214,2.553218941601782,0.982479652829612
temporal,retrospective,control,cold_history,False,166,39.323954539524884,6.270881480264547,4.98785038304643,0.941451042579253
temporal,retrospective,control,missing_physical_feature,False,166,39.323954539524884,6.270881480264547,4.98785038304643,0.941451042579253
temporal,retrospective,features,cold_history,False,166,39.63339205291249,6.295505702714635,4.992253561862157,0.9409903248308001
temporal,retrospective,features,missing_physical_feature,False,166,39.63339205291249,6.295505702714635,4.992253561862157,0.9409903248308001
temporal,retrospective,incumbent_refit,cold_history,False,166,32.436459824110194,5.695301556907254,4.457262516438276,0.9517057496541256
temporal,retrospective,incumbent_refit,missing_physical_feature,False,166,32.436459824110194,5.695301556907254,4.457262516438276,0.9517057496541256
temporal,retrospective,proposed,cold_history,False,166,39.72571345551108,6.302833763912156,4.985298074351618,0.9408528686178362
temporal,retrospective,proposed,missing_physical_feature,False,166,39.72571345551108,6.302833763912156,4.985298074351618,0.9408528686178362
temporal,retrospective,tuned,cold_history,False,166,38.218620150360245,6.182121007418105,5.001482113191425,0.9430967615015918
temporal,retrospective,tuned,missing_physical_feature,False,166,38.218620150360245,6.182121007418105,5.001482113191425,0.9430967615015918
test,completed,control,cold_history,False,422,9.258013139770803,3.042698332035367,2.2856691382393173,0.9893068333908338
test,completed,control,cold_history,True,2,27.870275456959696,5.279230574331803,4.869098411807226,0.9881717568335694
test,completed,control,missing_physical_feature,False,424,9.345806829946223,3.057091236771684,2.297855125378788,0.9893050723090577
test,completed,features,cold_history,False,422,9.387169476204646,3.0638488011330853,2.2779776108630796,0.9891576555701431
test,completed,features,cold_history,True,2,15.483676982289285,3.93493036562139,3.722360734257517,0.9934286728977684
test,completed,features,missing_physical_feature,False,424,9.415926587082405,3.068538184067848,2.2847907388036197,0.9892248303624903
test,completed,proposed,cold_history,False,422,9.245753305939454,3.040683032796982,2.264023700983252,0.9893209937126847
test,completed,proposed,cold_history,True,2,15.016477970739214,3.875110059177573,3.5935267212716546,0.9936269538054782
test,completed,proposed,missing_physical_feature,False,424,9.272973705301716,3.0451557768530852,2.27029494164499,0.989388419313308
test,completed,tuned,cold_history,False,422,9.013848223699428,3.002307150126287,2.2475879054543726,0.9895888481264198
test,completed,tuned,cold_history,True,2,30.427670791542724,5.516128242847761,5.089776663899816,0.9870863892369391
test,completed,tuned,missing_physical_feature,False,424,9.114856820717558,3.0190821155969836,2.260994456201757,0.9895693612777756
test,retrospective,control,cold_history,False,423,7.730394054322236,2.780358619732756,2.0184250713874183,0.9910777489748336
test,retrospective,control,missing_physical_feature,False,424,7.727472077593047,2.7798331024709104,2.0196736856034097,0.9911570229721827
test,retrospective,features,cold_history,False,423,7.698332533987623,2.774586912314628,2.026100747569104,0.9911147536773964
test,retrospective,features,missing_physical_feature,False,424,7.6942835011014346,2.773857152252335,2.027090413819696,0.9911950025101938
test,retrospective,incumbent_refit,cold_history,False,423,7.0774327741583845,2.6603444841144888,1.9491567527221858,0.9918313825425918
test,retrospective,incumbent_refit,missing_physical_feature,False,424,7.074313480095856,2.6597581619568076,1.9502175322661375,0.9919044687623703
test,retrospective,proposed,cold_history,False,423,7.828469582869178,2.7979402393312798,2.061509478255283,0.9909645523539404
test,retrospective,proposed,missing_physical_feature,False,424,7.827875288254085,2.7978340351518503,2.0631392724545927,0.9910421259817465
test,retrospective,tuned,cold_history,False,423,7.380173780842391,2.7166475260589826,1.9944977817508622,0.9914819655221573
test,retrospective,tuned,missing_physical_feature,False,424,7.378784110727969,2.7163917447098767,1.9959398761967833,0.9915560460485396
validation,completed,control,cold_history,False,424,8.995549971273991,2.9992582368435685,2.289269101755219,0.9890660967210884
validation,completed,control,missing_physical_feature,False,424,8.995549971273991,2.9992582368435685,2.289269101755219,0.9890660967210884
validation,completed,features,cold_history,False,424,8.815721828428115,2.9691281259703355,2.269810911533626,0.989284674076223
validation,completed,features,missing_physical_feature,False,424,8.815721828428115,2.9691281259703355,2.269810911533626,0.989284674076223
validation,completed,proposed,cold_history,False,424,8.762743038459913,2.9601930745240104,2.2586782755687724,0.9893490686899149
validation,completed,proposed,missing_physical_feature,False,424,8.762743038459913,2.9601930745240104,2.2586782755687724,0.9893490686899149
validation,completed,tuned,cold_history,False,424,8.930252589649557,2.988352822149613,2.275701301899635,0.9891454643258849
validation,completed,tuned,missing_physical_feature,False,424,8.930252589649557,2.988352822149613,2.275701301899635,0.9891454643258849
validation,retrospective,control,cold_history,False,424,7.611467318975251,2.758888783364645,2.0756278081928756,0.9907484203031461
validation,retrospective,control,missing_physical_feature,False,424,7.611467318975251,2.758888783364645,2.0756278081928756,0.9907484203031461
validation,retrospective,features,cold_history,False,424,7.498230882604356,2.738289773308215,2.0553561557964857,0.9908860568286373
validation,retrospective,features,missing_physical_feature,False,424,7.498230882604356,2.738289773308215,2.0553561557964857,0.9908860568286373
validation,retrospective,incumbent_refit,cold_history,False,424,6.827695951448246,2.6129860220537435,1.971862517291606,0.9917010780453284
validation,retrospective,incumbent_refit,missing_physical_feature,False,424,6.827695951448246,2.6129860220537435,1.971862517291606,0.9917010780453284
validation,retrospective,proposed,cold_history,False,424,7.978812212560368,2.82467913444348,2.11619772807872,0.9903019202504214
validation,retrospective,proposed,missing_physical_feature,False,424,7.978812212560368,2.82467913444348,2.11619772807872,0.9903019202504214
validation,retrospective,tuned,cold_history,False,424,7.528461286384051,2.743804163271142,2.0569957624604873,0.9908493124036644
validation,retrospective,tuned,missing_physical_feature,False,424,7.528461286384051,2.743804163271142,2.0569957624604873,0.9908493124036644
