q_segment,p_segment,q_sample,p_sample,q_wafer,p_wafer,q_stage,p_stage,route,q_chamber,q_first_pos,p_first_pos,rows,q_start,q_end,p_start,p_end,offset,offset_spread,process_dynamic_channels,dynamic_signals,strong,same_wafer,same_stage,relation,simultaneous,source_episode_completed_before_secondary,q_own_primary_start,q_source_files,p_source_files
5015,4921,f0e7a965ef05b9e828cd,78f0c2e5cda9415ecec3,3021014294,3015014228,B,B,456,6,0,0,2988,484670298.333,484673303.0,484670298.333,484673303.0,0.0,0.0,11,PRESSURIZED_CHAMBER_PRESSURE;MAIN_OUTER_AIR_BAG_PRESSURE;CENTER_AIR_BAG_PRESSURE;RETAINER_RING_PRESSURE;RIPPLE_AIR_BAG_PRESSURE;SLURRY_FLOW_LINE_A;SLURRY_FLOW_LINE_C;WAFER_ROTATION;STAGE_ROTATION;HEAD_ROTATION;EDGE_AIR_BAG_PRESSURE,True,False,True,later_primary,True,False,484667833.0,CMP-training-097.csv,CMP-training-097.csv
5012,4918,f0e7a965ef05b9e828cd,78f0c2e5cda9415ecec3,3021014294,3015014228,B,B,456,6,0,0,773,484668211.333,484668985.0,484668211.333,484668985.0,0.0,0.0,11,PRESSURIZED_CHAMBER_PRESSURE;MAIN_OUTER_AIR_BAG_PRESSURE;CENTER_AIR_BAG_PRESSURE;RETAINER_RING_PRESSURE;RIPPLE_AIR_BAG_PRESSURE;SLURRY_FLOW_LINE_A;SLURRY_FLOW_LINE_C;WAFER_ROTATION;STAGE_ROTATION;HEAD_ROTATION;EDGE_AIR_BAG_PRESSURE,True,False,True,later_primary,True,False,484667833.0,CMP-training-097.csv,CMP-training-097.csv
5014,4920,f0e7a965ef05b9e828cd,78f0c2e5cda9415ecec3,3021014294,3015014228,B,B,456,6,0,0,658,484669634.333,484670295.333,484669634.333,484670295.333,0.0,0.0,7,PRESSURIZED_CHAMBER_PRESSURE;RETAINER_RING_PRESSURE;SLURRY_FLOW_LINE_A;SLURRY_FLOW_LINE_C;WAFER_ROTATION;STAGE_ROTATION;HEAD_ROTATION,True,False,True,later_primary,True,False,484667833.0,CMP-training-097.csv,CMP-training-097.csv
5013,4919,f0e7a965ef05b9e828cd,78f0c2e5cda9415ecec3,3021014294,3015014228,B,B,456,6,0,0,644,484668986.333,484669631.333,484668986.333,484669631.333,0.0,0.0,11,PRESSURIZED_CHAMBER_PRESSURE;MAIN_OUTER_AIR_BAG_PRESSURE;CENTER_AIR_BAG_PRESSURE;RETAINER_RING_PRESSURE;RIPPLE_AIR_BAG_PRESSURE;SLURRY_FLOW_LINE_A;SLURRY_FLOW_LINE_C;WAFER_ROTATION;STAGE_ROTATION;HEAD_ROTATION;EDGE_AIR_BAG_PRESSURE,True,False,True,later_primary,True,False,484667833.0,CMP-training-097.csv,CMP-training-097.csv
5716,5726,65fc625403b28db7f17f,8f4e8040adbddafda143,4179773518,4179773596,A,A,456,6,95,0,188,483989499.667,483989687.0,483989499.667,483989687.0,0.0,0.0,9,PRESSURIZED_CHAMBER_PRESSURE;MAIN_OUTER_AIR_BAG_PRESSURE;CENTER_AIR_BAG_PRESSURE;RETAINER_RING_PRESSURE;RIPPLE_AIR_BAG_PRESSURE;SLURRY_FLOW_LINE_A;SLURRY_FLOW_LINE_C;WAFER_ROTATION;EDGE_AIR_BAG_PRESSURE,True,False,True,later_primary,True,False,483989114.0,CMP-training-073.csv,CMP-training-073.csv
126,157,3b03297e1603ab9b5488,aacc07fb34b57f2be4b7,-4226160408,-4224160662,B,B,456,5,0,9,187,481771136.333,481771322.333,481771136.333,481771322.333,0.0,0.0,9,PRESSURIZED_CHAMBER_PRESSURE;MAIN_OUTER_AIR_BAG_PRESSURE;CENTER_AIR_BAG_PRESSURE;RETAINER_RING_PRESSURE;RIPPLE_AIR_BAG_PRESSURE;SLURRY_FLOW_LINE_A;SLURRY_FLOW_LINE_C;WAFER_ROTATION;EDGE_AIR_BAG_PRESSURE,True,False,True,later_primary,True,False,481770924.667,CMP-training-004.csv,CMP-training-004.csv
5872,5985,2ba11e4561cce9e55733,da8b01c86c0ade218de0,4201773386,4211773444,B,A,456,5,170,0,184,482461924.667,482462107.667,482461924.667,482462107.667,0.0,0.0,8,PRESSURIZED_CHAMBER_PRESSURE;MAIN_OUTER_AIR_BAG_PRESSURE;CENTER_AIR_BAG_PRESSURE;RETAINER_RING_PRESSURE;RIPPLE_AIR_BAG_PRESSURE;SLURRY_FLOW_LINE_A;SLURRY_FLOW_LINE_C;EDGE_AIR_BAG_PRESSURE,True,False,False,later_primary,True,False,482461538.667,CMP-training-026.csv,CMP-training-026.csv
104,40,8a0e21deec15547d6452,3abcf2a307208ba996a4,-4228160596,-4228160690,B,A,456,5,0,10,180,481768169.0,481768348.333,481768169.0,481768348.333,0.0,0.0,9,PRESSURIZED_CHAMBER_PRESSURE;MAIN_OUTER_AIR_BAG_PRESSURE;CENTER_AIR_BAG_PRESSURE;RETAINER_RING_PRESSURE;RIPPLE_AIR_BAG_PRESSURE;SLURRY_FLOW_LINE_A;SLURRY_FLOW_LINE_C;WAFER_ROTATION;EDGE_AIR_BAG_PRESSURE,True,False,False,later_primary,True,False,481767958.0,CMP-training-004.csv,CMP-training-004.csv
5764,5726,dbf35d515a806b235b74,8f4e8040adbddafda143,4181773366,4179773596,A,A,456,5,0,10,178,483989510.0,483989687.0,483989510.0,483989687.0,0.0,0.0,9,PRESSURIZED_CHAMBER_PRESSURE;MAIN_OUTER_AIR_BAG_PRESSURE;CENTER_AIR_BAG_PRESSURE;RETAINER_RING_PRESSURE;RIPPLE_AIR_BAG_PRESSURE;SLURRY_FLOW_LINE_A;SLURRY_FLOW_LINE_C;WAFER_ROTATION;EDGE_AIR_BAG_PRESSURE,True,False,True,later_primary,True,False,483989307.0,CMP-training-073.csv,CMP-training-073.csv
1718,1756,70cf604ff6082b6aa894,4453ac0b391bb2a19a3f,31494350,35494162,A,A,456,5,0,10,168,487266415.333,487266582.333,487266415.333,487266582.333,0.0,0.0,9,PRESSURIZED_CHAMBER_PRESSURE;MAIN_OUTER_AIR_BAG_PRESSURE;CENTER_AIR_BAG_PRESSURE;RETAINER_RING_PRESSURE;RIPPLE_AIR_BAG_PRESSURE;SLURRY_FLOW_LINE_A;SLURRY_FLOW_LINE_C;WAFER_ROTATION;EDGE_AIR_BAG_PRESSURE,True,False,True,later_primary,True,False,487266262.333,CMP-training-184.csv,CMP-training-184.csv
5872,6019,2ba11e4561cce9e55733,be6b92fa743d751d04f3,4201773386,4211773678,B,B,456,5,0,0,165,482461759.667,482461918.667,482461759.667,482461918.667,0.0,0.0,9,PRESSURIZED_CHAMBER_PRESSURE;MAIN_OUTER_AIR_BAG_PRESSURE;CENTER_AIR_BAG_PRESSURE;RETAINER_RING_PRESSURE;RIPPLE_AIR_BAG_PRESSURE;SLURRY_FLOW_LINE_A;SLURRY_FLOW_LINE_C;WAFER_ROTATION;EDGE_AIR_BAG_PRESSURE,True,False,True,later_primary,True,False,482461538.667,CMP-training-026.csv,CMP-training-026.csv
973,4643,8176c599c196cb23b492,8f16e3cabc1b72a0220d,-2567249732,2977014368,B,A,456,5,0,10,107,485291311.333,485291396.333,485291311.333,485291396.333,0.0,0.0,9,PRESSURIZED_CHAMBER_PRESSURE;MAIN_OUTER_AIR_BAG_PRESSURE;CENTER_AIR_BAG_PRESSURE;RETAINER_RING_PRESSURE;RIPPLE_AIR_BAG_PRESSURE;SLURRY_FLOW_LINE_A;SLURRY_FLOW_LINE_C;WAFER_ROTATION;EDGE_AIR_BAG_PRESSURE,True,False,False,later_primary,True,False,485291107.333,CMP-training-119.csv,CMP-training-119.csv
4965,4980,c59ddde0eb6a3fdb215a,88e8675a59d4e5713eb7,3017014470,3017014510,B,B,456,5,0,4,99,484764362.333,484764446.0,484764362.333,484764446.0,0.0,0.0,9,PRESSURIZED_CHAMBER_PRESSURE;MAIN_OUTER_AIR_BAG_PRESSURE;CENTER_AIR_BAG_PRESSURE;RETAINER_RING_PRESSURE;RIPPLE_AIR_BAG_PRESSURE;SLURRY_FLOW_LINE_A;SLURRY_FLOW_LINE_C;WAFER_ROTATION;EDGE_AIR_BAG_PRESSURE,True,False,True,later_primary,True,False,484764168.0,CMP-training-100.csv,CMP-training-100.csv
1401,5885,2904556eb54f01d7a23d,b9909663c879c896bce0,-903170168,4201773434,A,A,456,5,0,7,95,482330805.333,482330890.0,482330805.333,482330890.0,0.0,0.0,9,PRESSURIZED_CHAMBER_PRESSURE;MAIN_OUTER_AIR_BAG_PRESSURE;CENTER_AIR_BAG_PRESSURE;RETAINER_RING_PRESSURE;RIPPLE_AIR_BAG_PRESSURE;SLURRY_FLOW_LINE_A;SLURRY_FLOW_LINE_C;WAFER_ROTATION;EDGE_AIR_BAG_PRESSURE,True,False,True,later_primary,True,False,482330627.0,CMP-training-022.csv,CMP-training-022.csv
5780,5717,afd0f1c92ef4e9c35934,ac0aa4e8d7dfa09fee1e,4187773534,4179773576,A,A,456,5,0,7,95,484270007.667,484270092.667,484270007.667,484270092.667,0.0,0.0,9,PRESSURIZED_CHAMBER_PRESSURE;MAIN_OUTER_AIR_BAG_PRESSURE;CENTER_AIR_BAG_PRESSURE;RETAINER_RING_PRESSURE;RIPPLE_AIR_BAG_PRESSURE;SLURRY_FLOW_LINE_A;SLURRY_FLOW_LINE_C;WAFER_ROTATION;EDGE_AIR_BAG_PRESSURE,True,False,True,later_primary,True,False,484269795.0,CMP-training-083.csv,CMP-training-083.csv
1773,4240,026071fc4e76d9c91c7e,661374271278d0161afd,37494386,2655292922,B,B,456,5,0,2,94,486964476.333,486964559.0,486964476.333,486964559.0,0.0,0.0,8,PRESSURIZED_CHAMBER_PRESSURE;MAIN_OUTER_AIR_BAG_PRESSURE;RETAINER_RING_PRESSURE;RIPPLE_AIR_BAG_PRESSURE;SLURRY_FLOW_LINE_A;SLURRY_FLOW_LINE_C;WAFER_ROTATION;EDGE_AIR_BAG_PRESSURE,True,False,True,later_primary,True,False,486964275.0,CMP-training-174.csv,CMP-training-174.csv
2827,2745,3dd57d9fdd776e357eaf,e6adb9d3284f9b00b28e,1312253596,1306253772,A,A,456,5,0,8,93,486150389.667,486150474.667,486150389.667,486150474.667,0.0,0.0,9,PRESSURIZED_CHAMBER_PRESSURE;MAIN_OUTER_AIR_BAG_PRESSURE;CENTER_AIR_BAG_PRESSURE;RETAINER_RING_PRESSURE;RIPPLE_AIR_BAG_PRESSURE;SLURRY_FLOW_LINE_A;SLURRY_FLOW_LINE_C;WAFER_ROTATION;EDGE_AIR_BAG_PRESSURE,True,False,True,later_primary,True,False,486150204.333,CMP-training-149.csv,CMP-training-149.csv
4932,5043,8548af404911eb2ffa46,62fb834dea27588c190a,3015014256,3021014508,B,B,456,5,0,5,93,484637483.667,484637566.0,484637483.667,484637566.0,0.0,0.0,9,PRESSURIZED_CHAMBER_PRESSURE;MAIN_OUTER_AIR_BAG_PRESSURE;CENTER_AIR_BAG_PRESSURE;RETAINER_RING_PRESSURE;RIPPLE_AIR_BAG_PRESSURE;SLURRY_FLOW_LINE_A;SLURRY_FLOW_LINE_C;WAFER_ROTATION;EDGE_AIR_BAG_PRESSURE,True,False,True,later_primary,True,False,484637275.0,CMP-training-096.csv,CMP-training-096.csv
295,261,3e5745badbe990ad0b06,ef0ce55340eae7563b1c,-4216160642,-4216160702,A,A,456,5,0,12,90,482011972.0,482012056.333,482011972.0,482012056.333,0.0,0.0,8,PRESSURIZED_CHAMBER_PRESSURE;MAIN_OUTER_AIR_BAG_PRESSURE;RETAINER_RING_PRESSURE;RIPPLE_AIR_BAG_PRESSURE;SLURRY_FLOW_LINE_A;SLURRY_FLOW_LINE_C;WAFER_ROTATION;EDGE_AIR_BAG_PRESSURE,True,False,True,later_primary,True,False,482011932.333,CMP-training-013.csv,CMP-training-013.csv
2874,5434,f26ac2a4e652fc070855,a7e9bdf40bad80782d6e,1314253822,3625681388,A,A,456,5,0,6,90,486472395.333,486472478.667,486472395.333,486472478.667,0.0,0.0,7,MAIN_OUTER_AIR_BAG_PRESSURE;RETAINER_RING_PRESSURE;RIPPLE_AIR_BAG_PRESSURE;SLURRY_FLOW_LINE_A;SLURRY_FLOW_LINE_C;WAFER_ROTATION;EDGE_AIR_BAG_PRESSURE,True,False,True,later_primary,True,False,486472198.667,CMP-training-160.csv,CMP-training-160.csv
